,CashandEquivalents,ShortTermInvestments,CashandShortTermInvestments,AccountsReceivable,OtherReceivables,TotalReceivables,RawMaterialsInventory,FinishedGoodsInventory,OtherInventory,Inventories,PrepaidExpenses,CurrentDeferredTaxAssets,OtherCurrentAssets,TotalCurrentAssets,Properties,LandandImprovements,BuildingsandImprovements,"Machine,Furniture&Equipment",OtherProperties,ConstructioninProgress,Leases,GrossPP&E,AccumulatedD&A,NetPP&E,Goodwill,OtherIntangibleAssets,GoodwillandIntangibles,LongTermInvestments,LongTermReceivables,OtherLongTermAssets,TotalLongTermAssets,TotalAssets,,AccountsPayable,DividendsPayable,CurrentTaxPayable,OtherPayables,TotalPayables,AccruedExpenses,PayablesandAccruedExpenses,CurrentProvisions-Legal&Other,NotesPayable,OtherCurrentBorrowings,CurrentPortionofLongTermDebt,CurrentCapitalLeaseObligation,CurrentDebt&CapitalLeaseObligation,CurrentDeferredRevenue,CurrentDeferredLiabilities,CurrentDeferredTaxLiability,OtherCurrentLiability,TotalCurrentLiabilities,Non-CurrentPortionofLongTermDebt,LongTermCapLeaseObligation,Non-CurrentPortionofLTDandCapitalLeaseObligation,LongTermDeferredTaxLiabilities,Non-CurrentDeferredLiabilities,Non-CurrentAccruedExpenses,PensionLiability,DerivativeContractLiabilities,MinorityInterestOwnership,PreferredSecuritiesoutofShareholdersEquity,OtherLongTermLiabilities,TotalLongTermLiabilities,TotalLiabilities,,TotalCapitalStock,RetainedEarnings,AdditionalPaidInCapital,TreasuryStock,AdjustmentsforForeignCurrencyTranslation,OtherEquityAdjustments,AccruedComprehensiveInc,ShareholdersEquity,,AsOriginallyReported,Restated
2020-11,2.583B,,2.583B,1.784B,,1.784B,546.10M,1.360B,,1.712B,328.60M,,,6.408B,,,,,,,,,,3.530B,14.02B,7.148B,21.17B,,,1.202B,25.90B,32.31B,,3.399B,,,,3.399B,,3.399B,,126.20M,2.886B,3.012B,,3.012B,,,,2.054B,8.464B,10.95B,,10.95B,1.939B,1.939B,,,,302.60M,587.70M,1.511B,14.99B,23.46B,,75.50M,16.37B,1.333B,6.365B,,,-2.868B,8.55B,,AOR,
2020-08,1.797B,,1.797B,1.633B,,1.633B,514.80M,1.286B,,1.605B,320.00M,,,5.355B,,,,,,,,,,3.557B,14.01B,7.150B,21.16B,,,1.190B,25.91B,31.26B,,3.184B,,,,3.184B,,3.184B,,162.70M,2.626B,2.788B,,2.788B,,,,1.640B,7.613B,10.83B,,10.83B,1.924B,1.924B,,,,313.30M,584.90M,1.549B,14.89B,22.50B,,75.50M,16.31B,1.336B,6.370B,,,-2.909B,8.445B,,AOR,
2020-05,1.678B,,1.678B,1.615B,155.80M,1.771B,485.80M,1.143B,,1.426B,194.50M,,46.80M,5.121B,0.00,66.10M,2.413B,7.102B,365.20M,373.50M,,10.32B,-6.374B,3.946B,13.92B,7.096B,21.02B,566.70M,,132.70M,25.69B,30.81B,,3.248B,20.70M,80.30M,39.20M,3.388B,1.074B,4.462B,17.80M,279.00M,2.332B,2.610B,102.00M,2.712B,,,,299.70M,7.492B,10.93B,277.00M,11.21B,1.947B,1.947B,,958.70M,,291.00M,544.60M,70.70M,14.97B,22.46B,,75.50M,15.98B,1.349B,6.433B,,,-2.914B,8.058B,,AOR,
2020-02,606.90M,,606.90M,1.731B,,1.731B,477.90M,1.274B,,1.542B,428.40M,,,4.308B,,,,,,,,,,3.535B,13.95B,7.108B,21.06B,,,1.346B,25.94B,30.25B,,2.932B,,,,2.932B,,2.932B,,1.175B,863.70M,2.038B,,2.038B,,,,1.727B,6.697B,11.59B,,11.59B,2.027B,2.027B,,,,285.00M,538.60M,1.537B,15.69B,22.39B,,75.50M,15.36B,1.335B,6.611B,,,-2.584B,7.575B,,AOR,
2019-11,560.20M,,560.20M,1.773B,,1.773B,497.20M,1.434B,,1.720B,426.50M,,,4.479B,,,,,,,,,,3.588B,13.97B,7.133B,21.11B,,,1.278B,25.97B,30.45B,,3.063B,,,,3.063B,,3.063B,,1.345B,1.537B,2.882B,,2.882B,,,,1.417B,7.362B,10.95B,,10.95B,2.016B,2.016B,,,,308.30M,545.10M,1.555B,15.07B,22.43B,,75.50M,15.50B,1.387B,6.662B,,,-2.590B,7.712B,,AOR,Restated
2019-08,504.80M,,504.80M,1.710B,,1.710B,497.50M,1.419B,,1.700B,346.00M,,,4.261B,,,,,,,,,,3.668B,13.98B,7.151B,21.14B,,,1.248B,26.05B,30.31B,,2.787B,,,,2.787B,,2.787B,,1.296B,1.392B,2.688B,,2.688B,,,,1.429B,6.903B,11.62B,,11.62B,1.992B,1.992B,,,,312.80M,547.80M,1.555B,15.71B,22.62B,,75.50M,15.22B,1.371B,6.682B,,,-2.601B,7.383B,,AOR,Restated
2019-05,450.00M,,450.00M,1.680B,292.40M,1.972B,526.90M,1.246B,,1.559B,189.00M,,9.40M,4.186B,0.00,73.60M,2.478B,7.186B,,343.80M,,10.08B,-6.293B,3.787B,14.00B,7.167B,21.16B,452.90M,,198.50M,25.92B,30.11B,,2.854B,19.20M,37.50M,13.20M,2.924B,922.50M,3.846B,36.50M,1.469B,1.396B,2.865B,0.00,2.865B,,,,338.90M,7.087B,11.62B,0.00,11.62B,2.031B,2.031B,,1.153B,,313.20M,551.70M,68.50M,15.66B,22.74B,,75.50M,15.00B,1.387B,6.779B,,,-2.625B,7.054B,,AOR,Restated
2019-02,547.10M,,547.10M,1.704B,,1.704B,498.80M,1.263B,,1.544B,374.10M,,,4.170B,,,,,,,,,,3.823B,14.03B,7.196B,21.22B,,,1.072B,26.12B,30.29B,,2.750B,,,,2.750B,,2.750B,,1.971B,1.407B,3.378B,,3.378B,,,,1.388B,7.517B,11.64B,,11.64B,2.047B,2.047B,,,,319.00M,548.90M,1.281B,15.52B,23.04B,,75.50M,14.72B,1.414B,6.924B,,,-2.360B,6.930B,,AOR,Restated
2018-11,532.70M,,532.70M,1.717B,,1.717B,509.20M,1.349B,,1.639B,345.10M,,,4.234B,,,,,,,,,,3.897B,14.02B,7.203B,21.22B,,,1.032B,26.15B,30.38B,,2.824B,,,,2.824B,,2.824B,,1.056B,1.991B,3.047B,,3.047B,,,,1.427B,7.298B,12.21B,,12.21B,2.037B,2.037B,,,,327.60M,547.60M,1.313B,16.11B,23.40B,,75.50M,14.57B,1.433B,7.010B,,,-2.419B,6.652B,,AOR,Restated
2018-08,432.90M,,432.90M,1.709B,,1.709B,489.10M,1.416B,,1.686B,358.00M,,,4.186B,,,,,,,,,,3.955B,14.03B,7.421B,21.45B,,,963.00M,26.37B,30.55B,,2.724B,,,,2.724B,,2.724B,,1.349B,1.599B,2.949B,,2.949B,,,,1.515B,7.188B,12.67B,,12.67B,2.029B,2.029B,,,,350.70M,771.60M,1.326B,16.79B,23.98B,,75.50M,14.52B,1.161B,7.036B,,,-2.499B,6.225B,,AOR,Restated
2018-05,399.00M,,399.00M,1.684B,214.90M,1.899B,491.20M,1.364B,,1.642B,165.60M,,10.70M,4.124B,0.00,77.70M,2.397B,6.836B,,692.90M,,10.00B,-5.956B,4.047B,14.06B,7.445B,21.51B,499.60M,,133.50M,26.50B,30.62B,,2.746B,17.50M,94.80M,8.30M,2.867B,954.30M,3.821B,66.80M,1.550B,1.600B,3.150B,,3.150B,,,,304.10M,7.342B,12.67B,,12.67B,2.004B,2.004B,,999.40M,,351.30M,776.20M,76.30M,16.79B,24.13B,,75.50M,14.46B,1.202B,7.168B,,,-2.429B,6.141B,,AOR,Restated
2018-02,953.10M,,953.10M,1.496B,,1.496B,493.90M,1.170B,,1.452B,375.00M,,,4.277B,,,,,,,,,,3.626B,8.867B,4.604B,13.47B,,,865.90M,17.96B,22.24B,,2.506B,,,,2.506B,,2.506B,,1.211B,1.250B,2.461B,,2.461B,,,,1.243B,6.210B,7.164B,,7.164B,1.234B,1.234B,,,,369.10M,817.50M,1.481B,10.70B,16.91B,,75.50M,14.40B,1.235B,8.191B,,,-2.552B,4.966B,,AOR,Restated
2017-11,962.10M,,962.10M,1.510B,,1.510B,519.60M,1.212B,,1.516B,345.00M,,,4.334B,,,,,,,,,,3.631B,8.828B,4.582B,13.41B,,,815.90M,17.86B,22.19B,,2.467B,,,,2.467B,,2.467B,,1.298B,200.50M,1.498B,,1.498B,,,,1.384B,5.350B,8.228B,,8.228B,1.791B,1.791B,,,,359.00M,793.40M,1.440B,12.25B,17.60B,,75.50M,13.41B,1.243B,8.253B,,,-2.244B,4.231B,,AOR,Restated
2017-08,820.80M,,820.80M,1.546B,,1.546B,476.50M,1.334B,,1.595B,376.00M,,,4.338B,,,,,,,,,,3.648B,8.832B,4.593B,13.43B,,,797.40M,17.87B,22.21B,,2.173B,,,,2.173B,,2.173B,,1.660B,604.70M,2.265B,,2.265B,,,,1.452B,5.890B,7.823B,,7.823B,1.761B,1.761B,,,,379.10M,967.50M,1.486B,12.04B,17.93B,,75.50M,13.26B,1.071B,8.270B,,,-2.232B,3.904B,,AOR,Restated
2017-05,766.10M,,766.10M,1.430B,198.70M,1.629B,468.40M,1.224B,,1.484B,168.90M,,11.30M,4.061B,0.00,79.80M,2.250B,6.644B,,553.00M,,9.527B,-5.839B,3.688B,8.747B,4.530B,13.28B,505.30M,,135.70M,17.75B,21.81B,,2.120B,21.50M,58.00M,18.10M,2.217B,893.00M,3.110B,85.00M,1.234B,604.70M,1.839B,,1.839B,,,,296.60M,5.331B,7.643B,,7.643B,1.719B,1.719B,,1.250B,,357.60M,910.90M,111.10M,11.80B,17.13B,,75.50M,13.14B,1.121B,7.763B,,,-2.244B,4.328B,,AOR,Restated
2017-02,899.10M,,899.10M,1.428B,,1.428B,462.60M,1.191B,,1.461B,340.40M,,,4.128B,,,,,,,,,,3.575B,8.706B,4.500B,13.21B,,,761.60M,17.54B,21.67B,,1.855B,,,,1.855B,,1.855B,,1.942B,604.70M,2.547B,,2.547B,,,,1.342B,5.744B,7.176B,,7.176B,1.548B,1.548B,,,,340.10M,869.20M,1.93B,11.52B,17.27B,,75.50M,13.01B,1.130B,7.800B,,,-2.350B,4.063B,,AOR,Restated
2016-11,809.70M,,809.70M,1.383B,,1.383B,486.60M,1.239B,,1.526B,393.60M,,,4.112B,,,,,,,,,,3.571B,8.679B,4.487B,13.17B,,,752.80M,17.49B,21.60B,,1.938B,,,,1.938B,,1.938B,,1.422B,1.508B,2.929B,,2.929B,,,,1.377B,6.244B,6.542B,,6.542B,1.506B,1.506B,,,,345.20M,801.70M,1.982B,10.83B,17.08B,,75.50M,12.93B,1.179B,7.529B,,,-2.477B,4.181B,,AOR,Restated
2016-08,765.70M,,765.70M,1.446B,,1.446B,486.50M,1.277B,,1.548B,433.70M,,,4.193B,,,,,,,,,,3.655B,8.758B,4.552B,13.31B,,,754.40M,17.72B,21.91B,,1.945B,,,,1.945B,,1.945B,,690.50M,1.103B,1.794B,,1.794B,,,,1.476B,5.215B,7.078B,,7.078B,1.443B,1.443B,,,,380.30M,841.00M,2.048B,11.41B,16.62B,,75.50M,12.73B,1.185B,6.602B,,,-2.485B,4.908B,,AOR,Restated
2016-05,763.70M,,763.70M,1.361B,203.90M,1.565B,469.90M,1.163B,,1.414B,177.90M,,15.40M,3.937B,0.00,92.90M,2.236B,6.472B,,702.70M,,9.504B,-5.760B,3.744B,8.741B,4.539B,13.28B,531.60M,,129.20M,17.78B,21.71B,,2.046B,23.80M,110.50M,35.60M,2.216B,1.040B,3.257B,76.60M,269.80M,1.103B,1.373B,,1.373B,,,,308.00M,5.015B,7.058B,,7.058B,1.400B,1.400B,,1.755B,,376.90M,845.60M,128.60M,11.39B,16.41B,,75.50M,12.62B,1.177B,6.327B,,,-2.612B,4.930B,,AOR,Restated
2016-02,782.70M,,782.70M,1.391B,,1.391B,448.50M,1.124B,,1.350B,401.30M,86.20M,,4.011B,,,,,,,,,,3.604B,8.692B,4.510B,13.20B,,,813.60M,17.62B,21.63B,,1.726B,,,,1.726B,,1.726B,,640.30M,1.104B,1.744B,,1.744B,,,,1.784B,5.254B,7.024B,,7.024B,1.576B,1.576B,,,,374.90M,826.70M,1.688B,11.11B,16.37B,,75.50M,12.51B,1.164B,6.450B,,,-2.415B,4.889B,,AOR,Restated
2015-11,649.80M,,649.80M,1.461B,,1.461B,506.30M,1.184B,,1.455B,382.90M,98.60M,,4.048B,,,,,,,,,,3.588B,8.602B,4.471B,13.07B,,,879.60M,17.54B,21.59B,,1.704B,,,,1.704B,,1.704B,,306.70M,1.100B,1.407B,,1.407B,,,,1.858B,4.969B,7.417B,,7.417B,1.508B,1.508B,,,,368.20M,817.40M,1.712B,11.45B,16.42B,,75.50M,12.42B,1.155B,6.443B,,,-2.407B,4.797B,,AOR,Restated
2015-08,450.60M,,450.60M,1.532B,,1.532B,514.20M,1.518B,,1.796B,439.60M,87.60M,,4.305B,,,,,,,,,,3.679B,8.858B,4.655B,13.51B,,,825.90M,18.02B,22.32B,,1.760B,,,,1.760B,,1.760B,,823.70M,1.000B,1.824B,,1.824B,,,,1.716B,5.300B,7.610B,,7.610B,1.561B,1.561B,,,,402.90M,786.60M,1.714B,11.67B,16.97B,,75.50M,12.15B,1.232B,6.089B,,,-2.420B,4.949B,,AOR,Restated
2015-05,334.20M,,334.20M,1.387B,229.70M,1.616B,486.50M,1.269B,,1.541B,169.30M,,21.50M,3.686B,0.00,96.00M,2.273B,6.600B,,622.20M,,9.591B,-5.808B,3.783B,8.875B,4.677B,13.55B,561.30M,,111.70M,18.15B,21.83B,,1.684B,27.90M,20.70M,122.90M,1.856B,1.018B,2.874B,120.80M,615.80M,1.000B,1.616B,,1.616B,,,,279.30M,4.890B,7.575B,,7.575B,1.450B,1.450B,,1.451B,,396.00M,778.90M,90.90M,11.55B,16.44B,,75.50M,11.99B,1.297B,6.056B,,,-2.311B,4.997B,,AOR,Restated
2015-02,784.20M,,784.20M,1.585B,,1.585B,514.40M,1.290B,,1.585B,389.10M,120.70M,,4.464B,,,,,,,,,,3.725B,8.935B,4.993B,13.93B,,,1.265B,18.92B,23.38B,,1.481B,,,,1.481B,,1.481B,,1.898B,1.751B,3.648B,,3.648B,,,,1.573B,6.702B,6.643B,,6.643B,1.793B,1.793B,,,,407.90M,801.50M,1.595B,10.83B,17.53B,,75.50M,12.07B,1.293B,6.160B,,,-1.838B,5.441B,,AOR,Restated
2014-11,894.50M,,894.50M,1.706B,,1.706B,571.60M,1.546B,,1.893B,394.20M,98.50M,,4.986B,,,,,,,,,,3.824B,9.079B,5.128B,14.21B,,,1.186B,19.22B,24.20B,,1.657B,,,,1.657B,,1.657B,,2.071B,750.70M,2.822B,,2.822B,,,,1.615B,6.094B,7.713B,,7.713B,1.762B,1.762B,,,,437.90M,901.40M,1.624B,12.00B,18.09B,,75.50M,11.98B,1.260B,6.079B,,,-1.560B,5.672B,,AOR,Restated
2014-08,841.20M,,841.20M,1.623B,,1.623B,573.00M,1.484B,,1.823B,341.10M,66.60M,,4.696B,,,,,,,,,,3.907B,8.608B,4.968B,13.58B,,,1.194B,18.68B,23.37B,,1.571B,,,,1.571B,,1.571B,,1.795B,855.40M,2.651B,,2.651B,,,,1.571B,5.793B,6.669B,,6.669B,1.669B,1.669B,,,,480.50M,959.10M,1.600B,10.90B,16.69B,,75.50M,11.88B,1.238B,5.614B,,,-1.375B,6.202B,,AOR,Restated
2014-05,867.30M,,867.30M,1.484B,187.20M,1.671B,516.10M,1.260B,,1.559B,187.20M,74.10M,27.20M,4.394B,0.00,106.90M,2.229B,6.457B,,600.80M,,9.393B,-5.451B,3.942B,8.650B,5.014B,13.66B,575.70M,,137.60M,18.75B,23.15B,,1.611B,33.50M,63.10M,23.10M,1.731B,1.061B,2.792B,3.50M,1.112B,1.251B,2.362B,,2.362B,,,,265.90M,5.424B,6.424B,,6.424B,1.666B,1.666B,,1.342B,,470.60M,984.10M,105.70M,10.72B,16.14B,,75.50M,11.79B,1.232B,5.219B,,,-1.340B,6.535B,,AOR,Restated
2014-02,847.10M,,847.10M,1.648B,,1.648B,544.10M,1.232B,,1.560B,399.20M,103.60M,,4.558B,,,,,,,,,,3.797B,8.649B,5.012B,13.66B,,,909.80M,18.37B,22.92B,,1.360B,,,,1.360B,,1.360B,,545.30M,1.204B,1.749B,,1.749B,,,,1.574B,4.684B,7.180B,,7.180B,1.474B,1.474B,,,,470.40M,987.30M,1.822B,11.46B,16.15B,,75.50M,11.64B,1.216B,4.980B,,,-1.641B,6.308B,,AOR,Restated
2013-11,774.20M,,774.20M,1.726B,,1.726B,565.80M,1.409B,,1.752B,413.00M,110.80M,,4.776B,,,,,,,,,,3.809B,8.646B,5.020B,13.67B,,,900.40M,18.38B,23.15B,,1.424B,,,,1.424B,,1.424B,,1.051B,852.80M,1.904B,,1.904B,,,,1.662B,4.990B,6.741B,,6.741B,1.450B,1.450B,,,,453.10M,1.010B,1.874B,11.08B,16.07B,,75.50M,11.47B,1.164B,4.465B,,,-1.607B,6.633B,,AOR,Restated
2013-08,758.90M,,758.90M,1.638B,,1.638B,569.90M,1.431B,,1.774B,408.90M,114.30M,,4.693B,,,,,,,,,,3.789B,8.615B,5.004B,13.62B,,,842.90M,18.25B,22.94B,,1.426B,,,,1.426B,,1.426B,,1.583B,748.00M,2.331B,,2.331B,,,,1.706B,5.463B,5.914B,,5.914B,1.410B,1.410B,,,,469.50M,995.90M,1.869B,10.19B,15.65B,,75.50M,11.16B,1.190B,3.928B,,,-1.670B,6.824B,,AOR,Restated
2013-05,741.40M,,741.40M,1.446B,240.70M,1.687B,538.60M,1.229B,,1.546B,168.60M,128.00M,20.80M,4.299B,0.00,101.20M,2.169B,6.168B,,495.10M,,8.933B,-5.055B,3.878B,8.622B,5.015B,13.64B,567.30M,,144.60M,18.36B,22.66B,,1.423B,279.60M,88.00M,4.10M,1.795B,1.144B,2.939B,19.50M,599.70M,1.443B,2.043B,,2.043B,,,,292.70M,5.294B,5.926B,,5.926B,1.389B,1.389B,,1.560B,,456.30M,967.50M,115.60M,10.24B,15.53B,,75.50M,10.70B,1.167B,3.687B,,,-1.585B,6.672B,,AOR,Restated
2013-02,751.20M,,751.20M,1.592B,,1.592B,585.90M,1.240B,,1.606B,329.10M,87.60M,,4.366B,,,,,,,,,,3.807B,8.666B,5.060B,13.73B,,,894.70M,18.43B,22.79B,,1.186B,,,,1.186B,,1.186B,,682.70M,744.00M,1.427B,,1.427B,,,,1.670B,4.283B,6.632B,,6.632B,1.202B,1.202B,,,,462.70M,984.20M,2.213B,11.03B,15.31B,,75.50M,10.80B,1.169B,3.479B,,,-1.544B,7.017B,,AOR,Restated
2012-11,734.90M,,734.90M,1.674B,,1.674B,653.00M,1.332B,,1.770B,334.70M,51.90M,,4.566B,,,,,,,,,,3.814B,8.604B,5.026B,13.63B,,,943.30M,18.39B,22.95B,,1.245B,,,,1.245B,,1.245B,,1.940B,820.80M,2.761B,,2.761B,,,,1.731B,5.736B,5.572B,,5.572B,1.149B,1.149B,,,,456.30M,877.60M,2.178B,9.776B,15.51B,,75.50M,10.61B,1.262B,3.365B,,,-1.603B,6.984B,,AOR,Restated
2012-08,1.508B,,1.508B,1.474B,,1.474B,600.20M,1.417B,,1.808B,363.80M,63.20M,,5.217B,,,,,,,,,,3.604B,8.208B,4.724B,12.93B,,,883.00M,17.42B,22.64B,,1.265B,,,,1.265B,,1.265B,,1.682B,1.441B,3.123B,,3.123B,,,,1.587B,5.976B,5.462B,,5.462B,1.128B,1.128B,,,,448.00M,851.60M,2.126B,9.567B,15.54B,,75.50M,10.29B,1.289B,3.346B,,,-1.662B,6.645B,,AOR,Restated
2012-05,471.20M,,471.20M,1.324B,138.30M,1.462B,489.70M,1.212B,,1.479B,178.30M,59.70M,33.20M,3.691B,0.00,75.90M,1.981B,5.685B,,542.60M,,8.285B,-4.632B,3.653B,8.182B,4.705B,12.89B,627.90M,,194.70M,17.41B,21.10B,,1.149B,24.50M,39.20M,26.10M,1.239B,1.028B,2.267B,85.90M,526.50M,741.20M,1.268B,,1.268B,,,,222.60M,3.843B,6.162B,,6.162B,1.171B,1.171B,,1.853B,,461.00M,847.80M,105.80M,10.37B,14.21B,,75.50M,9.958B,1.308B,3.177B,,,-1.744B,6.422B,,AOR,Restated
2012-02,485.30M,,485.30M,1.437B,,1.437B,540.00M,1.228B,,1.528B,358.10M,27.80M,,3.836B,,,,,,,,,,3.550B,8.205B,4.728B,12.93B,,,1.119B,17.60B,21.44B,,1.012B,,,,1.012B,,1.012B,,690.80M,749.10M,1.440B,,1.440B,,,,1.397B,3.849B,6.195B,,6.195B,1.368B,1.368B,,,,482.80M,848.40M,1.775B,10.19B,14.03B,,75.50M,9.834B,1.338B,3.213B,,,-1.112B,6.922B,,AOR,Restated
2011-11,509.10M,,509.10M,,,1.510B,524.40M,1.342B,,1.629B,353.20M,20.20M,,4.022B,,,,,,,,,,3.507B,8.116B,4.796B,12.91B,,,1.026B,17.45B,21.47B,,1.096B,,,,1.096B,,1.096B,,849.00M,1.732B,2.581B,,2.581B,,,,1.464B,5.142B,5.248B,,5.248B,1.374B,1.374B,,,,475.80M,,2.65B,9.272B,14.41B,,75.50M,9.642B,1.319B,3.255B,,,-1.205B,6.577B,,AOR,Restated
2011-08,338.20M,,338.20M,,,1.504B,544.50M,1.470B,,1.788B,452.70M,13.40M,,4.096B,,,,,,,,,,3.565B,8.301B,4.936B,13.24B,,,994.40M,17.80B,21.89B,,1.182B,,,,1.182B,,1.182B,,1.023B,1.126B,2.149B,,2.149B,,,,1.554B,4.884B,5.901B,,5.901B,1.417B,1.417B,,,,509.70M,,2.682B,10.00B,14.88B,,75.50M,9.397B,1.293B,3.251B,,,-1.015B,6.499B,,AOR,Restated
2011-05,619.60M,,619.60M,1.162B,213.80M,1.405B,504.20M,1.274B,,1.609B,161.00M,27.30M,22.40M,3.902B,0.00,61.20M,1.803B,5.106B,,521.90M,,7.492B,-4.146B,3.346B,6.751B,3.813B,10.56B,519.10M,13.30M,201.50M,14.77B,18.67B,,995.10M,,80.40M,34.80M,1.110B,916.70M,2.027B,7.20M,311.30M,1.031B,1.343B,,1.343B,,,,282.40M,3.659B,5.542B,,5.542B,1.127B,1.127B,,1.413B,22.20M,246.70M,0.00,64.90M,8.403B,12.06B,,75.50M,9.191B,1.320B,3.210B,,,-1.011B,6.366B,,AOR,Restated
2010-11,566.30M,,566.30M,,,1.299B,507.70M,1.351B,,1.706B,416.70M,28.50M,,4.017B,,,,,,,,,,3.146B,6.635B,3.740B,10.38B,,,840.60M,14.36B,18.38B,,826.70M,,,,826.70M,,826.70M,,1.170B,11.70M,1.182B,,1.182B,,,,1.725B,3.734B,5.864B,,5.864B,965.20M,965.20M,,,,245.20M,,1.931B,8.760B,12.49B,,75.50M,8.842B,1.295B,3.300B,,,-1.273B,5.640B,,AOR,Restated
2010-08,697.00M,,697.00M,,,1.173B,446.80M,1.36B,,1.665B,382.90M,35.60M,,3.954B,,,,,,,,,,3.112B,6.614B,3.728B,10.34B,,,803.80M,14.26B,18.21B,,888.00M,,,,888.00M,,888.00M,,1.350B,107.30M,1.457B,,1.457B,,,,1.746B,4.092B,5.772B,,5.772B,885.10M,885.10M,,,,246.60M,,2.091B,8.748B,12.84B,,75.50M,8.410B,1.282B,3.253B,,,-1.391B,5.125B,,,Restated
2010-05,673.20M,,673.20M,1.042B,,1.042B,354.90M,1.131B,,1.344B,378.50M,42.70M,,3.48B,0.00,58.00M,1.654B,4.724B,,469.00M,44.60M,6.950B,-3.822B,3.128B,6.593B,3.715B,10.31B,,,763.40M,14.20B,17.68B,,849.50M,,,,849.50M,1.049B,1.898B,,1.050B,107.30M,1.157B,,1.157B,,,,713.60M,3.769B,5.268B,,5.268B,874.60M,874.60M,276.30M,1.588B,180.20M,245.10M,,74.10M,8.262B,12.03B,,75.50M,8.122B,1.307B,2.615B,,,-1.487B,5.403B,,AOR,Restated
2010-02,691.30M,,691.30M,1.180B,,1.180B,411.20M,1.197B,,1.475B,322.90M,8.10M,,3.677B,,,,,,,,,,3.004B,6.646B,3.741B,10.39B,,,1.148B,14.54B,18.22B,,690.50M,,,,690.50M,,690.50M,,581.10M,107.40M,688.50M,,688.50M,,,,1.607B,2.986B,5.672B,,5.672B,1.141B,1.141B,,,,245.00M,,1.940B,8.753B,11.74B,,37.70M,8.076B,1.314B,2.336B,,,-859.70M,6.232B,,AOR,Restated
2009-11,858.40M,,858.40M,1.212B,,1.212B,441.30M,1.321B,,1.629B,429.10M,0.00,,4.128B,,,,,,,,,,2.988B,6.698B,3.766B,10.46B,,,981.70M,14.43B,18.56B,,717.60M,,,,717.60M,,717.60M,,444.40M,607.30M,1.052B,,1.052B,,1.70M,1.70M,1.688B,3.460B,5.648B,,5.648B,1.163B,1.163B,,,,244.80M,,1.957B,8.768B,12.23B,,37.70M,7.909B,1.284B,2.419B,,,-722.80M,6.089B,,AOR,Restated
2009-08,711.60M,,711.60M,1.139B,,1.139B,406.20M,1.381B,,1.646B,375.80M,1.40M,,3.874B,,,,,,,,,,2.992B,6.669B,3.750B,10.42B,,,905.70M,14.32B,18.19B,,792.10M,,,,792.10M,,792.10M,,914.80M,508.50M,1.423B,,1.423B,,,,1.497B,3.712B,5.754B,,5.754B,1.157B,1.157B,,,,244.90M,,1.928B,8.839B,12.55B,,37.70M,7.50B,1.270B,2.577B,,,-837.70M,5.394B,,AOR,
2009-05,749.80M,23.40M,773.20M,953.40M,119.60M,1.146B,400.00M,1.096B,,1.347B,197.50M,15.60M,55.40M,3.535B,0.00,55.20M,1.572B,4.592B,,349.20M,52.70M,6.621B,-3.586B,3.035B,6.663B,3.747B,10.41B,283.30M,189.80M,226.80M,14.34B,17.87B,,803.40M,,168.00M,,971.40M,655.60M,1.627B,,812.20M,508.50M,1.321B,,1.321B,19.30M,19.30M,,300.80M,3.606B,5.755B,,5.755B,1.165B,1.165B,,1.051B,,244.20M,,81.00M,8.852B,12.46B,,75.50M,7.236B,1.212B,2.473B,,,-877.80M,5.172B,,AOR,Restated
2009-02,937.30M,,937.30M,,,1.136B,400.50M,1.126B,,1.361B,419.90M,35.10M,,3.889B,,,,,,,,,,2.974B,6.608B,3.680B,10.29B,,,1.928B,15.19B,19.08B,,716.10M,,,,716.10M,,716.10M,,1.414B,518.30M,1.932B,,1.932B,,0.00,0.00,1.380B,4.028B,5.755B,,5.755B,1.420B,1.420B,,,,242.30M,,2.095B,9.271B,13.30B,,37.70M,7.018B,1.230B,2.436B,,,-312.90M,5.537B,,,Restated
2008-11,639.60M,,639.60M,,,1.234B,424.90M,1.338B,,1.583B,527.30M,33.60M,,4.018B,,,,,,,,,,2.958B,6.598B,3.678B,10.28B,,,1.857B,15.09B,19.11B,,840.20M,,,,840.20M,,840.20M,,2.699B,113.60M,2.812B,,2.812B,,0.00,0.00,1.331B,4.984B,5.106B,,5.106B,1.447B,1.447B,,,,242.30M,,2.036B,8.588B,13.57B,,37.70M,6.874B,1.207B,2.484B,,,-338.80M,5.295B,,,Restated
2008-08,654.90M,,654.90M,,,1.167B,494.40M,1.274B,,1.601B,403.90M,,,3.826B,,,,,,,,,,3.052B,6.793B,3.745B,10.54B,,,1.746B,15.34B,19.16B,,886.50M,,,,886.50M,,886.50M,,2.104B,215.30M,2.320B,,2.320B,,36.60M,36.60M,1.222B,4.465B,5.043B,,5.043B,1.463B,1.463B,,,,242.30M,,1.882B,8.388B,12.85B,,37.70M,6.642B,1.232B,1.910B,,,65.40M,6.066B,,,Restated
2008-05,661.00M,,661.00M,1.082B,,1.082B,480.20M,1.012B,,1.367B,510.60M,0.00,,3.62B,0.00,61.20M,1.550B,4.451B,,343.80M,64.70M,6.471B,-3.363B,3.108B,6.786B,3.777B,10.56B,,,1.750B,15.42B,19.04B,,937.30M,,,,937.30M,,937.30M,,2.209B,442.00M,2.651B,,2.651B,,28.40M,28.40M,1.240B,4.856B,4.349B,,4.349B,1.455B,1.455B,,,,242.30M,,1.924B,7.727B,12.58B,,37.70M,6.511B,1.149B,1.658B,,,176.70M,6.216B,,,Restated
2008-02,620.40M,,620.40M,,,1.149B,700.60M,1.067B,,1.636B,496.90M,56.70M,,3.958B,,,,,,,,,,2.964B,6.749B,3.758B,10.51B,,,1.837B,15.31B,19.27B,,789.00M,,,,789.00M,,789.00M,,2.434B,1.578B,4.012B,,4.012B,,,,1.340B,6.141B,3.601B,,3.601B,1.401B,1.401B,,,,242.30M,,1.955B,6.957B,13.10B,,37.70M,6.460B,1.130B,1.761B,,,59.70M,5.927B,,,
2007-11,530.10M,,530.10M,,,1.222B,561.50M,1.129B,,1.567B,449.50M,75.30M,,3.844B,,,,,,,,,,2.974B,6.752B,3.764B,10.52B,,,1.746B,15.24B,19.08B,,786.10M,,,,786.10M,,786.10M,,2.046B,2.049B,4.095B,,4.095B,,,,1.342B,6.223B,3.599B,,3.599B,1.414B,1.414B,,,,242.30M,,1.924B,6.937B,13.16B,,50.20M,6.166B,6.173B,6.760B,,,51.00M,5.680B,,,
2007-08,410.20M,,410.20M,,,1.064B,505.80M,1.154B,,1.555B,375.80M,73.30M,,3.478B,,,,,,,,,,2.963B,6.686B,3.729B,10.41B,,,1.622B,15.00B,18.48B,,893.60M,,,,893.60M,,893.60M,,3.561B,1.946B,5.507B,,5.507B,,,,1.105B,7.505B,3.004B,,3.004B,1.421B,1.421B,,,,242.30M,,1.846B,6.272B,13.78B,,50.20M,5.901B,5.969B,7.364B,,,-97.50M,4.459B,,,
2007-05,417.10M,6.50M,423.60M,952.90M,92.50M,1.162B,353.50M,898.00M,,1.173B,172.30M,67.20M,55.10M,3.054B,0.00,60.70M,1.519B,4.217B,,275.70M,23.90M,6.096B,-3.082B,3.014B,6.835B,3.694B,10.53B,294.60M,34.10M,239.50M,15.13B,18.18B,,777.90M,,861.20M,2.60M,1.642B,575.60M,2.217B,,1.254B,1.734B,2.988B,,2.988B,6.80M,6.80M,0.00,276.90M,5.845B,3.218B,,3.218B,1.433B,1.433B,,988.30M,,1.139B,,89.80M,5.881B,11.73B,,50.20M,5.745B,5.841B,6.198B,,,-119.70M,5.319B,,,Restated
2007-02,476.00M,,476.00M,,,1.208B,372.00M,934.00M,,1.225B,211.00M,148.00M,,3.268B,,,,,,,,5.951B,-3.04B,2.911B,6.788B,3.685B,10.47B,,,2.014B,15.40B,18.67B,,658.00M,,,,658.00M,,658.00M,,2.177B,845.00M,3.022B,,3.022B,,,,1.969B,5.649B,3.165B,,3.165B,1.808B,1.808B,,,,1.138B,,945.00M,5.918B,11.57B,,50.00M,5.65B,5.803B,5.807B,,,265.00M,5.961B,,,
2006-11,492.00M,,492.00M,1.291B,,1.291B,418.00M,1.016B,,1.359B,209.00M,148.00M,,3.499B,,,,,,,,5.892B,-2.974B,2.918B,6.636B,3.665B,10.30B,,,2.045B,15.26B,18.76B,,738.00M,,,,738.00M,,738.00M,,2.678B,1.739B,4.417B,,4.417B,,,,1.901B,7.056B,2.241B,,2.241B,1.801B,1.801B,,,,1.137B,,982.00M,5.024B,12.08B,,50.00M,5.512B,5.763B,5.875B,181.00M,-85.00M,96.00M,5.546B,,,
2006-08,425.00M,,425.00M,1.165B,,1.165B,276.00M,1.109B,111.00M,1.427B,207.00M,159.00M,,3.383B,,,,,,,,5.858B,-2.91B,2.948B,6.643B,3.667B,10.31B,,,1.945B,15.20B,18.59B,,860.00M,,,,860.00M,,860.00M,,2.221B,2.082B,4.303B,,4.303B,,,,1.778B,6.941B,2.406B,,2.406B,1.81B,1.81B,,,,1.137B,,962.00M,5.178B,12.12B,,50.00M,5.248B,5.725B,5.809B,,,116.00M,5.33B,,,
2006-05,647.00M,,647.00M,912.00M,112.00M,1.024B,304.00M,813.00M,,1.055B,168.00M,50.00M,97.00M,3.041B,0.00,54.00M,1.43B,3.859B,211.00M,252.00M,,5.806B,-2.809B,2.997B,6.652B,3.607B,10.26B,,,1.778B,15.03B,18.08B,,673.00M,,,,673.00M,,673.00M,,1.503B,2.131B,3.634B,,3.634B,,,,1.831B,6.138B,2.415B,,2.415B,1.69B,1.69B,,,,1.136B,,924.00M,5.029B,11.17B,,50.00M,5.107B,5.737B,5.163B,208.00M,-167.00M,41.00M,5.772B,,,
2006-02,653.00M,,653.00M,1.088B,,1.088B,236.00M,900.00M,101.00M,1.17B,198.00M,164.00M,,3.273B,,,,,,,,5.545B,-2.693B,2.852B,,10.36B,10.36B,,,1.731B,14.94B,18.22B,,1.126B,,,,1.126B,,1.126B,,1.806B,2.079B,3.885B,,3.885B,,,,1.25B,6.261B,2.502B,,2.502B,1.83B,1.83B,,,,1.135B,,949.00M,5.281B,11.54B,,50.00M,5.007B,5.718B,5.158B,,,-79.00M,5.538B,,,
2005-11,730.00M,,730.00M,1.167B,,1.167B,249.00M,985.00M,90.00M,1.258B,179.00M,186.00M,,3.52B,,,,,,,,5.498B,-2.619B,2.879B,,10.36B,10.36B,,,1.70B,14.94B,18.46B,,1.235B,,,,1.235B,,1.235B,,2.081B,589.00M,2.67B,,2.67B,,,,1.249B,5.154B,3.995B,,3.995B,1.843B,1.843B,,,,1.134B,,938.00M,6.776B,11.93B,,50.00M,4.882B,5.71B,5.14B,,,-106.00M,5.396B,,,
2005-08,609.00M,,609.00M,1.108B,,1.108B,223.00M,1.083B,70.00M,1.315B,168.00M,194.00M,,3.394B,,,,,,,,5.47B,-2.552B,2.918B,,10.37B,10.37B,,,1.692B,14.98B,18.38B,,1.192B,,,,1.192B,,1.192B,,871.00M,1.666B,2.537B,,2.537B,,,,1.309B,5.038B,4.24B,,4.24B,1.853B,1.853B,,,,1.134B,,967.00M,7.06B,12.10B,,50.00M,4.631B,5.707B,5.163B,,,-81.00M,5.144B,,,
2005-05,573.00M,,573.00M,1.034B,,1.034B,214.00M,795.00M,73.00M,1.037B,203.00M,208.00M,,3.055B,0.00,54.00M,1.396B,3.722B,302.00M,196.00M,,5.67B,-2.559B,3.111B,,10.22B,10.22B,,,1.684B,15.01B,18.07B,,1.136B,,,,1.136B,,1.136B,,299.00M,1.638B,1.937B,,1.937B,,,,1.111B,4.184B,4.255B,,4.255B,1.851B,1.851B,,,,1.133B,,967.00M,7.073B,11.26B,,50.00M,4.501B,5.691B,4.46B,,,-106.00M,5.676B,,,
2005-02,597.00M,,597.00M,1.048B,,1.048B,,,,1.119B,177.00M,191.00M,,3.132B,,,,,,,,5.468B,-2.451B,3.017B,,10.35B,10.35B,,,1.96B,15.33B,18.46B,,973.00M,,,,973.00M,,973.00M,,782.00M,29.00M,811.00M,,811.00M,,,,889.00M,2.673B,6.616B,,6.616B,1.842B,1.842B,,,,1.133B,,904.00M,9.362B,12.04B,,5.727B,4.156B,,4.466B,,,-125.00M,5.292B,,,
2004-11,561.00M,,561.00M,1.146B,,1.146B,,,,1.233B,180.00M,187.00M,,3.307B,,,,,,,,5.426B,-2.371B,3.055B,,10.36B,10.36B,,,1.925B,15.34B,18.65B,,1.132B,,,,1.132B,,1.132B,,347.00M,19.00M,366.00M,,366.00M,,,,857.00M,2.355B,7.429B,,7.429B,1.814B,1.814B,,,,1.135B,,933.00M,10.18B,12.53B,,5.663B,4.041B,,4.623B,,,-98.00M,4.983B,,,
2004-08,480.00M,,480.00M,1.053B,,1.053B,,,,1.246B,160.00M,185.00M,,3.124B,0.00,5.347B,,,,,,5.347B,-2.282B,3.065B,,10.33B,10.33B,,,1.831B,15.23B,18.35B,,1.086B,,,,1.086B,,1.086B,,456.00M,180.00M,636.00M,,636.00M,,,,801.00M,2.523B,7.426B,,7.426B,1.787B,1.787B,,,,299.00M,,943.00M,10.16B,12.68B,,5.695B,3.787B,,3.887B,,,-222.00M,5.373B,,,
2004-05,751.00M,,751.00M,1.01B,,1.01B,234.00M,793.00M,77.00M,1.063B,222.00M,169.00M,,3.215B,0.00,5.319B,,,,,,5.319B,-2.208B,3.111B,,10.32B,10.32B,,,1.797B,15.23B,18.45B,,1.11B,,,,1.11B,,1.11B,,583.00M,233.00M,816.00M,,816.00M,,,,831.00M,2.757B,7.41B,,7.41B,1.773B,1.773B,,,,299.00M,,961.00M,10.14B,12.90B,,5.68B,3.722B,,3.921B,,,-233.00M,5.248B,,,
2004-02,710.00M,,710.00M,1.052B,,1.052B,,,,1.154B,184.00M,,178.00M,3.278B,,,,,,,,5.208B,-2.165B,3.043B,,10.33B,10.33B,,,1.883B,15.26B,18.53B,,1.111B,,,,1.111B,,1.111B,,714.00M,222.00M,936.00M,,936.00M,,,,615.00M,2.662B,7.767B,,7.767B,1.74B,1.74B,,,,299.00M,,1.026B,10.53B,13.20B,,5.74B,3.548B,,4.005B,,,-243.00M,5.04B,,,
2003-11,695.00M,,695.00M,1.196B,,1.196B,,,,1.321B,177.00M,209.00M,,3.598B,,,,5.088B,,,,5.088B,-2.075B,3.013B,,10.29B,10.29B,,,1.878B,15.18B,18.78B,,1.296B,,,,1.296B,,1.296B,,956.00M,246.00M,1.202B,,1.202B,,,,637.00M,3.135B,7.817B,,7.817B,1.711B,1.711B,,,,298.00M,,1.075B,10.60B,13.74B,,5.702B,3.409B,,4.077B,,,-291.00M,4.743B,,,
2003-08,565.00M,,565.00M,1.047B,,1.047B,,,,1.334B,169.00M,195.00M,,3.31B,,,,5.032B,,,,5.032B,-2.035B,2.997B,,10.27B,10.27B,,,1.812B,15.08B,18.39B,,1.301B,,,,1.301B,,1.301B,,1.364B,82.00M,1.446B,,1.446B,,,,614.00M,3.361B,7.523B,,7.523B,1.701B,1.701B,,,,300.00M,,1.098B,10.32B,13.68B,,5.698B,3.204B,,4.125B,,,-368.00M,4.409B,,,
2003-05,703.00M,,703.00M,980.00M,,980.00M,221.00M,818.00M,70.00M,1.082B,184.00M,230.00M,,3.179B,0.00,55.00M,1.18B,3.005B,,689.00M,,4.929B,-1.949B,2.98B,,10.27B,10.27B,,,1.796B,15.05B,18.23B,,1.303B,,,,1.303B,,1.303B,,1.236B,105.00M,1.341B,,1.341B,,,,800.00M,3.444B,7.516B,,7.516B,1.661B,1.661B,,,,300.00M,,1.131B,10.31B,13.75B,,5.684B,3.079B,,4.203B,,,-385.00M,4.175B,,,
2003-02,1.202B,,1.202B,1.111B,,1.111B,,,,1.086B,161.00M,280.00M,,3.84B,0.00,,4.749B,,,,,4.749B,-1.94B,2.809B,,9.984B,9.984B,,,1.929B,14.72B,18.56B,,1.286B,,,,1.286B,,1.286B,,1.746B,120.00M,1.866B,,1.866B,,,,804.00M,3.956B,7.473B,,7.473B,1.717B,1.717B,,,,300.00M,,1.104B,10.29B,14.25B,,5.676B,2.956B,,4.232B,,,-388.00M,4.012B,,,
2002-11,1.747B,,1.747B,1.236B,,1.236B,,,,1.28B,155.00M,264.00M,,4.682B,0.00,,4.59B,,,,,4.59B,-1.867B,2.723B,,9.98B,9.98B,,,1.891B,14.59B,19.28B,,1.499B,,,,1.499B,,1.499B,,2.379B,100.00M,2.479B,,2.479B,,,,848.00M,4.826B,7.48B,,7.48B,1.734B,1.734B,,,,299.00M,,1.128B,10.34B,15.17B,,5.672B,2.818B,,4.25B,,,-431.00M,3.809B,,,
2002-08,745.00M,,745.00M,1.059B,,1.059B,,,,1.259B,131.00M,226.00M,,3.42B,,,,4.695B,,,,4.695B,-1.935B,2.76B,,8.564B,8.564B,,,1.853B,13.18B,16.60B,,1.328B,,,,1.328B,,1.328B,,3.269B,229.00M,3.498B,,3.498B,,,,769.00M,5.595B,5.547B,,5.547B,398.00M,398.00M,,,,299.00M,,1.097B,7.042B,12.64B,,5.743B,2.643B,,4.273B,,,-452.00M,3.661B,,,
2002-05,975.00M,,975.00M,1.01B,,1.01B,,,,1.055B,156.00M,241.00M,,3.437B,0.00,54.00M,1.151B,2.916B,,497.00M,,4.618B,-1.854B,2.764B,,8.563B,8.563B,,,1.776B,13.10B,16.54B,,1.217B,,,,1.217B,,1.217B,,3.60B,248.00M,3.848B,,3.848B,,,,682.00M,5.747B,5.591B,,5.591B,407.00M,407.00M,,,,153.00M,,1.066B,7.064B,12.81B,,5.733B,2.568B,,4.292B,,,-433.00M,3.576B,,,
2002-02,1.323B,,1.323B,1.141B,,1.141B,,,1.073B,1.043B,195.20M,61.90M,,3.764B,,,,,,,,4.512B,-1.830B,2.681B,,8.657B,8.657B,,,1.736B,13.07B,16.84B,,1.202B,,,,1.202B,35.70M,1.238B,,3.648B,611.40M,4.260B,,4.260B,,,,744.30M,6.242B,5.591B,,5.591B,382.40M,382.40M,,,,,,1.076B,7.049B,13.29B,,5.731B,2.612B,,4.322B,,,-474.20M,3.547B,,,
2001-11,853.50M,,853.50M,1.219B,,1.219B,,,,1.079B,222.30M,61.90M,641.00M,4.077B,,,,,,,,4.581B,-1.764B,2.817B,8.377B,83.40M,8.461B,,,1.770B,13.05B,17.12B,,1.184B,,,,1.184B,83.00M,1.267B,,7.220B,583.60M,7.804B,,7.804B,,,,738.30M,9.809B,2.206B,,2.206B,493.30M,493.30M,,,,,,1.063B,3.762B,13.57B,,5.698B,2.630B,,4.351B,,,-424.50M,3.553B,,,
2001-08,53.50M,,53.50M,600.10M,,600.10M,,,,581.70M,82.20M,61.90M,,1.379B,,,,,,,,3.233B,-1.722B,1.512B,804.00M,73.80M,877.80M,,,1.390B,3.779B,5.159B,,548.10M,,,,548.10M,150.90M,699.00M,,876.90M,352.90M,1.230B,,1.230B,,,,252.30M,2.181B,2.213B,,2.213B,284.70M,284.70M,,,,,,576.70M,3.074B,5.256B,,763.50M,2.577B,,3.053B,,,-384.70M,-97.00M,,,
2001-05,64.00M,,64.00M,664.00M,,664.00M,129.00M,326.00M,94.00M,519.00M,99.00M,62.00M,,1.408B,0.00,25.00M,636.00M,2.226B,,292.00M,,3.179B,-1.678B,1.501B,,870.00M,870.00M,,,1.312B,3.683B,5.091B,,619.00M,,,,619.00M,253.00M,872.00M,,858.00M,349.00M,1.207B,,1.207B,,,,130.00M,2.209B,2.221B,,2.221B,423.00M,423.00M,,,,,,186.00M,2.83B,5.039B,,745.00M,2.468B,,3.014B,,,-146.00M,52.00M,,,
2001-02,77.30M,,77.30M,,,573.80M,,,,539.90M,,,159.70M,1.351B,,,,,,,,3.121B,-1.647B,1.474B,,870.30M,870.30M,,,1.301B,3.645B,4.996B,,496.80M,,,,496.80M,,496.80M,,,,980.20M,,980.20M,,,,443.20M,1.920B,2.521B,,2.521B,399.30M,399.30M,,,,,,189.20M,3.110B,5.030B,,715.10M,2.400B,,3.015B,,,-134.10M,-34.60M,,,
2000-11,66.90M,,66.90M,,,588.90M,,,,562.20M,,,149.70M,1.368B,,,,,,,,3.06B,-1.609B,1.451B,,870.30M,870.30M,,,1.210B,3.532B,4.899B,,568.90M,,,,568.90M,,568.90M,,,,1.465B,,1.465B,,,,416.80M,2.451B,2.026B,,2.026B,389.40M,389.40M,,,,,,193.90M,2.610B,5.060B,,695.20M,2.320B,,3.026B,,,-150.10M,-160.90M,,,
2000-08,53.20M,,53.20M,,,555.50M,,,,557.90M,,,144.30M,1.311B,,,,,,,,2.993B,-1.571B,1.421B,,870.40M,870.40M,,,1.167B,3.458B,4.769B,,616.70M,,,,616.70M,,616.70M,,,,1.521B,,1.521B,,,,442.60M,2.580B,1.918B,,1.918B,392.20M,392.20M,,,,,,180.80M,2.491B,5.071B,,696.20M,2.195B,,3.051B,,,-142.00M,-302.00M,,,
2000-05,26.00M,,26.00M,501.00M,,501.00M,,,,511.00M,,,152.00M,1.19B,,,,,,,,2.949B,-1.544B,1.405B,,870.00M,870.00M,,,1.109B,3.384B,4.574B,,642.00M,,,,642.00M,,642.00M,,,,1.499B,,1.499B,,,,388.00M,2.529B,1.76B,,1.76B,387.00M,387.00M,,,,,,187.00M,2.334B,4.863B,,681.00M,2.114B,,2.935B,,,-148.00M,-289.00M,,,
2000-02,47.50M,,47.50M,,,481.70M,,,,529.60M,,,179.90M,1.239B,,,,,,,,2.903B,-1.506B,1.397B,,871.50M,871.50M,,,1.089B,3.358B,4.597B,,614.00M,,,,614.00M,,614.00M,,,,1.204B,,1.204B,,,,519.00M,2.337B,1.642B,,1.642B,398.80M,398.80M,,,,,,184.10M,2.225B,4.562B,,670.20M,2.003B,,2.505B,,,-133.50M,34.70M,,,
1999-11,70.40M,,70.40M,,,562.50M,,,,497.30M,,,175.20M,1.305B,,,,,,,,2.843B,-1.470B,1.374B,,830.30M,830.30M,,,1.085B,3.289B,4.594B,,672.40M,,,,672.40M,,672.40M,,,,992.40M,,992.40M,,,,426.90M,2.092B,1.665B,,1.665B,396.70M,396.70M,,,,,,184.50M,2.246B,4.338B,,679.90M,2.013B,,2.307B,,,-129.00M,256.70M,,,
1999-08,46.00M,,46.00M,,,522.00M,,,,510.10M,,,175.70M,1.254B,,,,,,,,2.810B,-1.459B,1.351B,,838.60M,838.60M,,,1.061B,3.250B,4.504B,,678.10M,,,,678.10M,,678.10M,,,,880.70M,,880.70M,,,,459.50M,2.018B,1.687B,,1.687B,405.10M,405.10M,,,,,,177.30M,2.270B,4.288B,,666.20M,1.903B,,2.222B,,,-130.50M,216.30M,,,
1999-05,3.90M,,3.90M,,,490.60M,,,,426.70M,,,181.30M,1.102B,,,,,,,,2.719B,-1.424B,1.295B,,,,,,1.744B,3.038B,4.141B,,647.40M,,,,647.40M,,647.40M,,,,614.90M,,614.90M,,,,438.00M,1.700B,1.702B,,1.702B,400.20M,400.20M,,,,,,173.60M,2.276B,3.976B,,657.90M,1.827B,,2.195B,,,-125.80M,164.20M,,,
1999-02,18.90M,,18.90M,,,469.70M,,,,442.30M,,,188.60M,1.120B,,,,,,,,2.664B,-1.396B,1.268B,,728.20M,728.20M,,,1.023B,3.019B,4.138B,,627.20M,,,,627.20M,,627.20M,,,,505.60M,,505.60M,,,,556.60M,1.689B,1.701B,,1.701B,401.10M,401.10M,,,,,,179.50M,2.281B,3.971B,,,1.722B,,,,,,167.90M,,,
1998-11,9.50M,,9.50M,,,468.40M,,,,438.40M,,,197.30M,1.114B,,,,,,,,2.592B,-1.367B,1.225B,,621.40M,621.40M,,,1.061B,2.907B,4.021B,,638.80M,,,,638.80M,,638.80M,,,,592.40M,,592.40M,,,,419.50M,1.651B,1.593B,,1.593B,402.50M,402.50M,,,,,,177.50M,2.173B,3.824B,,,1.749B,,,,,,197.30M,,,
1998-08,29.70M,,29.70M,,,458.40M,,,,472.80M,,,209.40M,1.170B,,,,,,,,2.540B,-1.337B,1.203B,,625.40M,625.40M,,,1.026B,2.855B,4.025B,,657.70M,,,,657.70M,,657.70M,,,,571.00M,,571.00M,,,,452.00M,1.681B,1.612B,,1.612B,411.90M,411.90M,,,,,,174.30M,2.198B,3.879B,,,1.686B,,,,,,145.80M,,,
1998-05,6.40M,,6.40M,,,395.10M,,,,389.70M,,,244.10M,1.035B,,,,,,,,2.517B,-1.331B,1.186B,,630.40M,630.40M,,,1.009B,2.826B,3.861B,,593.10M,,,,593.10M,,593.10M,,,,417.30M,,417.30M,,,,433.30M,1.444B,1.640B,,1.640B,413.90M,413.90M,,,,,,173.20M,2.228B,3.671B,,,1.623B,,,,,,190.20M,,,
1998-02,16.80M,,16.80M,,,425.10M,,,,447.60M,,,210.60M,1.100B,,,,,,,,2.437B,-1.271B,1.166B,,635.90M,635.90M,,,997.50M,2.800B,3.900B,,619.50M,,,,619.50M,,619.50M,,,,187.80M,,187.80M,,,,423.50M,1.231B,1.656B,,1.656B,410.10M,410.10M,,,,,,169.80M,2.236B,3.467B,,,1.614B,,,,,,433.10M,,,
1997-11,29.90M,,29.90M,,,442.80M,,,,471.60M,,,215.30M,1.160B,,,,,,,,2.417B,-1.244B,1.173B,,641.00M,641.00M,,,975.60M,2.790B,3.949B,,689.20M,,,,689.20M,,689.20M,,,,93.80M,,93.80M,,,,601.90M,1.385B,1.597B,,1.597B,407.70M,407.70M,,,,,,170.40M,2.175B,3.560B,,,1.567B,,,,,,389.20M,,,
1997-08,18.20M,,18.20M,,,419.30M,,,,457.30M,,,217.80M,1.113B,,,,,,,,2.606B,-1.331B,1.275B,,649.20M,649.20M,,,925.60M,2.850B,3.962B,,662.80M,,,,662.80M,,662.80M,,,,361.30M,,361.30M,,,,401.60M,1.426B,1.497B,,1.497B,419.90M,419.90M,,,,,,173.80M,2.091B,3.516B,,,1.586B,,,,,,446.10M,,,
1997-05,12.80M,,12.80M,,,419.10M,,,,364.40M,,,215.00M,1.011B,,,,,,,,2.572B,-1.292B,1.279B,,655.20M,655.20M,,,956.50M,2.891B,3.902B,,599.70M,,,,599.70M,,599.70M,,,,343.30M,,343.30M,,,,349.50M,1.292B,1.530B,,1.530B,415.80M,415.80M,,,,,,169.10M,2.115B,3.408B,,,1.535B,,,,,,494.60M,,,
1997-02,31.00M,,31.00M,,,413.70M,,,,413.00M,,,248.60M,1.106B,,,,,,,,2.532B,-1.252B,1.281B,,657.60M,657.60M,,,943.30M,2.882B,3.988B,,548.30M,,,,548.30M,,548.30M,,,,600.50M,,600.50M,,,,411.10M,1.560B,1.225B,,1.225B,387.10M,387.10M,,,,,,167.10M,1.779B,3.339B,,,1.552B,,,,,,649.00M,,,
1996-11,28.30M,,28.30M,,,428.40M,,,,396.30M,,,255.50M,1.108B,,,,,,,,2.475B,-1.218B,1.256B,,,,,,1.067B,2.323B,3.432B,,643.10M,,,,643.10M,,643.10M,,,,529.10M,,529.10M,,,,374.10M,1.546B,1.079B,,1.079B,397.60M,397.60M,,,,,,168.40M,1.645B,3.191B,,,1.507B,,,,,,240.60M,,,
1996-08,33.10M,,33.10M,,,429.30M,,,,429.60M,,,255.00M,1.147B,,,,,,,,2.448B,-1.195B,1.253B,,,,,,1.014B,2.266B,3.413B,,654.90M,,,,654.90M,,654.90M,,,,396.80M,,396.80M,,,,417.20M,1.469B,1.154B,,1.154B,399.60M,399.60M,,,,,,165.30M,1.719B,3.188B,,,1.428B,,,,,,225.80M,,,
1996-05,20.60M,,20.60M,,,337.80M,,,,395.50M,,,241.20M,995.10M,,,,,,,,2.508B,-1.196B,1.312B,,,,,,987.20M,2.300B,3.295B,,590.70M,,,,590.70M,,590.70M,,,,217.00M,,217.00M,,,,384.20M,1.192B,1.221B,,1.221B,407.50M,407.50M,,,,,,166.70M,1.795B,2.987B,,,1.409B,,,,,,307.70M,,,
1996-02,35.70M,,35.70M,,,375.50M,,,,420.20M,,,225.50M,1.057B,,,,,,,,2.521B,-1.176B,1.345B,,,,,,1.034B,2.379B,3.436B,,505.40M,,,,505.40M,,505.40M,,,,282.90M,,282.90M,,,,462.80M,1.251B,1.243B,,1.243B,261.20M,261.20M,,,,,,329.50M,1.833B,3.084B,,,1.410B,,,,,,351.70M,,,
1995-11,44.00M,,44.00M,,,381.40M,,,,445.70M,,,209.70M,1.081B,,,,,,,,2.608B,-1.206B,1.402B,,,,,,1.033B,2.435B,3.516B,,538.70M,,,,538.70M,,538.70M,,,,364.20M,,364.20M,,,,468.20M,1.371B,1.246B,,1.246B,422.80M,422.80M,,,,,,175.60M,1.845B,3.216B,,,1.368B,,,,,,299.70M,,,
1995-08,16.70M,,16.70M,,,330.10M,,,,434.30M,,,220.00M,1.001B,,,,,,,,2.624B,-1.187B,1.437B,,,,,,1.017B,2.454B,3.455B,,490.10M,,,,490.10M,,490.10M,,,,270.70M,,270.70M,,,,543.80M,1.305B,1.335B,,1.335B,428.00M,428.00M,,,,,,177.80M,1.941B,3.245B,,,1.296B,,,,,,209.70M,,,
1995-05,13.00M,,13.00M,,,277.30M,,,,372.00M,,,234.60M,896.90M,,,,,,,,2.612B,-1.155B,1.457B,,,,,,1.005B,2.461B,3.358B,,494.00M,,,,494.00M,,494.00M,,,,206.60M,,206.60M,,,,520.30M,1.221B,1.401B,,1.401B,248.60M,248.60M,,,,,,346.80M,1.996B,3.217B,,,1.233B,,,,,,141.00M,,,
1995-02,25.00M,,25.00M,,,370.70M,,,,476.70M,,,238.20M,1.111B,,,,,,,,2.639B,-1.155B,1.484B,,,,,,2.597B,4.081B,5.191B,,444.30M,,,,444.30M,,444.30M,,,,854.30M,,854.30M,,,,455.70M,1.754B,1.483B,,1.483B,428.30M,428.30M,,,,,,192.70M,2.104B,3.858B,,,2.542B,,,,,,1.333B,,,
1994-11,41.10M,,41.10M,,,426.20M,,,,649.30M,,,258.60M,1.375B,,,,,,,,4.895B,-1.728B,3.168B,,,,,,1.092B,4.260B,5.635B,,617.80M,,,,617.80M,,617.80M,,,,884.30M,,884.30M,,,,525.60M,2.028B,1.488B,,1.488B,520.70M,520.70M,,,,,,219.60M,2.228B,4.256B,,,2.610B,,,,,,1.379B,,,
1994-08,4.50M,,4.50M,,,346.80M,,,,689.80M,,,296.00M,1.337B,,,,,,,,4.785B,-1.662B,3.123B,,,,,,1.066B,4.189B,5.526B,,653.00M,,,,653.00M,,653.00M,,,,829.50M,,829.50M,,,,616.70M,2.099B,1.397B,,1.397B,510.70M,510.70M,,,,,,248.90M,2.157B,4.256B,,,2.535B,,,,,,1.270B,,,
1994-05,0.20M,,0.20M,,,309.70M,,,,488.30M,,,331.00M,1.129B,,,,,,,,4.690B,-1.597B,3.093B,,,,,,976.50M,4.069B,5.198B,,650.40M,,,,650.40M,,650.40M,,,,548.50M,,548.50M,,,,633.20M,1.832B,1.417B,,1.417B,487.20M,487.20M,,,,,,310.60M,2.215B,4.047B,,,2.458B,,,,,,1.151B,,,
1994-02,22.80M,,22.80M,,,440.80M,,,,566.40M,,,261.90M,1.292B,,,,,,,,4.590B,-1.542B,3.048B,,,,,,871.00M,3.919B,5.211B,,636.00M,,,,636.00M,,636.00M,,,,546.00M,,546.00M,,,,685.10M,1.867B,1.426B,,1.426B,468.70M,468.70M,,,,,,183.70M,2.079B,3.946B,,,2.438B,,,,,,1.265B,,,
1993-11,56.80M,,56.80M,,,391.40M,,,,553.60M,,,247.50M,1.249B,,,,,,,,4.456B,-1.484B,2.972B,,,,,,774.80M,3.747B,4.996B,,698.10M,,,,698.10M,,698.10M,,,,466.00M,,466.00M,,,,525.90M,1.69B,1.415B,,1.415B,437.00M,437.00M,,,,,,183.90M,2.036B,3.726B,,,2.442B,,,,,,1.270B,,,
1993-08,131.70M,,131.70M,,,421.70M,,,,500.80M,,,248.40M,1.303B,,,,,,,,4.348B,-1.431B,2.917B,,,,,,720.00M,3.637B,4.939B,,666.00M,,,,666.00M,,666.00M,,,,366.30M,,366.30M,,,,610.60M,1.643B,1.454B,,1.454B,438.60M,438.60M,,,,,,174.80M,2.067B,3.710B,,,2.376B,,,,,,1.229B,,,
1993-05,100.00M,,100.00M,,,287.40M,,,,439.00M,,,250.50M,1.077B,,,,,,,,4.240B,-1.380B,2.860B,,,,,,714.30M,3.574B,4.651B,,617.00M,,,,617.00M,,617.00M,,,,403.90M,,403.90M,,,,537.90M,1.559B,1.268B,,1.268B,457.60M,457.60M,,,,,,147.60M,1.874B,3.432B,,,2.284B,,,,,,1.218B,,,
1993-02,38.90M,,38.90M,,,405.10M,,,,486.00M,,,237.10M,1.167B,,,,,,,,4.169B,-1.332B,2.837B,,,,,,752.90M,3.590B,4.757B,,638.90M,,,,638.90M,,638.90M,,,,390.90M,,390.90M,,,,629.10M,1.659B,1.182B,,1.182B,428.50M,428.50M,,,,,,178.30M,1.788B,3.447B,,,2.216B,,,,,,1.310B,,,
1992-11,55.50M,,55.50M,,,368.40M,,,,548.40M,,,247.00M,1.219B,,,,,,,,4.024B,-1.276B,2.748B,,,,,,711.80M,3.460B,4.679B,,697.10M,,,,697.10M,,697.10M,,,,317.20M,,317.20M,,,,478.60M,1.493B,1.166B,,1.166B,437.30M,437.30M,,,,,,192.50M,1.796B,3.289B,,,2.211B,,,,,,1.390B,,,
1992-08,0.90M,,0.90M,,,353.00M,,,,511.10M,,,238.80M,1.104B,,,,,,,,3.896B,-1.232B,2.665B,,,,,,744.90M,3.410B,4.513B,,669.80M,,,,669.80M,,669.80M,,,,258.30M,,258.30M,,,,560.40M,1.488B,1.039B,,1.039B,436.80M,436.80M,,,,,,199.90M,1.676B,3.164B,,,2.141B,,,,,,1.349B,,,
1992-05,0.50M,,0.50M,,,291.90M,,,,487.20M,,,255.00M,1.035B,,,,,,,,3.855B,-1.207B,2.649B,,,,,,621.80M,3.270B,4.305B,,632.50M,,,,632.50M,,632.50M,,,,201.90M,,201.90M,,,,537.30M,1.372B,920.50M,,920.50M,434.50M,434.50M,,,,,,207.40M,1.562B,2.934B,,,2.049B,,,,,,1.371B,,,
1992-02,38.20M,,38.20M,,,405.70M,,,,550.30M,,,245.40M,1.240B,,,,,,,,3.734B,-1.220B,2.514B,,,,,,611.20M,3.125B,4.365B,,644.60M,,,,644.60M,,644.60M,,,,287.80M,,287.80M,,,,581.70M,1.514B,840.70M,,840.70M,456.10M,456.10M,,,,,,175.90M,1.473B,2.987B,,,2.016B,,,,,,1.378B,,,
1991-11,31.20M,,31.20M,,,382.30M,,,,565.50M,,,235.30M,1.214B,,,,,,,,3.598B,-1.174B,2.424B,,,,,,601.30M,3.026B,4.240B,,651.10M,,,,651.10M,,651.10M,,,,289.30M,,289.30M,,,,543.50M,1.484B,821.60M,,821.60M,458.70M,458.70M,,,,,,179.70M,1.46B,2.944B,,,1.945B,,,,,,1.296B,,,
1991-08,32.20M,,32.20M,,,361.20M,,,,555.90M,,,227.30M,1.177B,,,,,,,,3.463B,-1.139B,2.324B,,,,,,591.60M,2.916B,4.092B,,608.30M,,,,608.30M,,608.30M,,,,192.10M,,192.10M,,,,561.20M,1.362B,877.00M,,877.00M,457.90M,457.90M,,,,,,180.90M,1.516B,2.877B,,,1.877B,,,,,,1.215B,,,
1991-05,39.80M,,39.80M,,,306.30M,,,,493.60M,,,242.60M,1.082B,,,,,,,,3.337B,-1.096B,2.241B,,,,,,578.20M,2.820B,3.902B,,578.70M,,,,578.70M,,578.70M,,,,152.40M,,152.40M,,,,541.30M,1.272B,879.00M,,879.00M,455.20M,455.20M,,,,,,181.70M,1.516B,2.788B,,,1.796B,,,,,,1.114B,,,
1991-02,36.90M,,36.90M,,,409.60M,,,,514.30M,,,187.50M,1.148B,,,,,,,,3.224B,-1.063B,2.161B,,81.50M,81.50M,,,498.40M,2.741B,3.890B,,559.60M,,,,559.60M,,559.60M,,,,210.60M,,210.60M,,,,553.50M,1.324B,886.30M,,886.30M,432.10M,432.10M,,,,,,178.00M,1.496B,2.820B,,,1.757B,,,,,,1.069B,,,
1990-11,64.90M,,64.90M,,,334.30M,,,,507.30M,,,187.60M,1.094B,,,,,,,,3.105B,-1.030B,2.074B,,82.40M,82.40M,,,482.00M,2.639B,3.733B,,588.80M,,,,588.80M,,588.80M,,,,254.90M,,254.90M,,,,510.00M,1.354B,785.40M,,785.40M,428.10M,428.10M,,,,,,181.40M,1.395B,2.749B,,,1.675B,,,,,,984.40M,,,
1990-08,15.50M,,15.50M,,,308.60M,,,,498.40M,,,188.50M,1.011B,,,,,,,,3.002B,-998.80M,2.003B,,86.00M,86.00M,,,457.00M,2.546B,3.557B,,546.30M,,,,546.30M,,546.30M,,,,285.80M,,285.80M,,,,504.50M,1.337B,693.10M,,693.10M,433.70M,433.70M,,,,,,182.70M,1.310B,2.646B,,,1.608B,,,,,,910.70M,,,
1990-05,0.70M,,0.70M,,,258.70M,,,,394.40M,,,256.30M,910.10M,,,,,,,,2.883B,-948.70M,1.934B,,64.40M,64.40M,,,380.50M,2.379B,3.290B,,518.20M,,,,518.20M,,518.20M,,,,183.60M,,183.60M,,,,471.40M,1.173B,688.50M,,688.50M,427.60M,427.60M,,,,,,190.50M,1.307B,2.480B,,,1.531B,,,,,,809.70M,,,
1990-02,17.30M,,17.30M,,,350.70M,,,,420.40M,,,223.00M,1.011B,,,,,,,,2.746B,-915.30M,1.831B,,64.80M,64.80M,,,372.80M,2.268B,3.280B,,520.80M,,,,520.80M,,520.80M,,,,257.50M,,257.50M,,,,526.00M,1.304B,607.70M,,607.70M,400.20M,400.20M,,,,,,195.50M,1.203B,2.508B,,,1.499B,,,,,,772.00M,,,
1989-11,52.40M,,52.40M,,,317.70M,,,,421.80M,,,223.70M,1.016B,,,,,,,,2.606B,-874.00M,1.732B,,64.60M,64.60M,,,361.70M,2.158B,3.174B,,508.90M,,,,508.90M,,508.90M,,,,203.70M,,203.70M,,,,466.20M,1.179B,576.60M,,576.60M,401.60M,401.60M,,,,,,205.00M,1.183B,2.362B,,,1.445B,,,,,,812.00M,,,
1989-08,16.90M,,16.90M,,,279.60M,,,,443.90M,,,222.60M,963.00M,,,,,,,,2.485B,-844.40M,1.640B,,64.90M,64.90M,,,341.10M,2.046B,3.009B,,462.90M,,,,462.90M,,462.90M,,,,159.80M,,159.80M,,,,472.10M,1.095B,558.70M,,558.70M,403.40M,403.40M,,,,,,189.40M,1.152B,2.246B,,,1.398B,,,,,,763.00M,,,
1989-05,10.60M,,10.60M,,,254.60M,,,,370.10M,,,206.00M,841.30M,,,,,,,,2.404B,-815.90M,1.588B,,57.20M,57.20M,,,401.50M,2.047B,2.888B,,436.80M,,,,436.80M,,436.80M,,,,133.80M,,133.80M,,,,467.80M,1.038B,536.30M,,536.30M,399.30M,399.30M,,,,,,182.20M,1.118B,2.156B,,,1.328B,,,,,,731.90M,,,
1988-05,14.60M,,14.60M,,,230.00M,,,,423.50M,,,317.80M,985.90M,,,,,,,,2.139B,-762.60M,1.376B,,72.90M,72.90M,,,236.70M,1.686B,2.672B,,,,,,,,,,,,371.60M,,371.60M,,,,819.80M,1.191B,361.50M,,361.50M,407.10M,407.10M,,,,,,63.40M,832.00M,2.023B,,,1.068B,,,,,,648.50M,,,
1987-05,179.70M,,179.70M,,,236.70M,,,,388.60M,,,60.90M,865.90M,,,,,,,,1.939B,-689.60M,1.250B,,56.40M,56.40M,,,108.60M,1.414B,2.280B,,,,,,,,,,,,94.40M,,94.40M,,,,828.60M,923.00M,285.50M,,285.50M,282.60M,282.60M,,,,,,58.90M,627.00M,1.55B,,,924.10M,,,,,,730.40M,,,
1986-05,190.30M,,190.30M,,,220.00M,,,,350.90M,,,43.20M,804.40M,,,,,,,,1.711B,-626.10M,1.085B,,53.40M,53.40M,,,143.50M,1.282B,2.086B,,,,,,,,,,,,10.50M,,10.50M,,,,752.30M,762.80M,458.30M,,458.30M,127.80M,127.80M,,,,,,54.80M,640.90M,1.404B,,,812.90M,,,,,,682.50M,,,
1985-05,66.80M,,66.80M,,,284.50M,,,,377.70M,,,557.60M,1.287B,,,,,,,,1.486B,-530.00M,956.00M,,50.80M,50.80M,,,369.20M,1.376B,2.663B,,,,,,,,,,,,439.20M,,439.20M,,,,618.00M,1.057B,449.50M,,449.50M,90.60M,90.60M,,,,,,42.00M,582.10M,1.639B,,,1.202B,,,,,,1.023B,,,
1984-05,66.00M,,66.00M,,,550.60M,,,,661.70M,,,111.60M,1.390B,,,,,,,,1.829B,-599.80M,1.229B,,146.00M,146.00M,,,92.80M,1.468B,2.858B,,,,,,,,,,,,311.30M,,311.30M,,,,834.10M,1.145B,362.60M,,362.60M,76.50M,76.50M,,,,,,49.00M,488.10M,1.634B,,,1.375B,,,,,,1.225B,,,
