,CashandEquivalents,CashandShortTermInvestments,AccountsReceivable,OtherReceivables,TotalReceivables,RawMaterialsInventory,WorkinProcessInventory,Inventories,PrepaidExpenses,CurrentDeferredTaxAssets,OtherCurrentAssets,TotalCurrentAssets,Properties,LandandImprovements,BuildingsandImprovements,"Machine,Furniture&Equipment",OtherProperties,Leases,GrossPP&E,AccumulatedD&A,NetPP&E,Goodwill,OtherIntangibleAssets,GoodwillandIntangibles,LongTermDeferredAssets,OtherLongTermAssets,TotalLongTermAssets,TotalAssets,,Liabilities(Quarterly),AccruedExpenses,PayablesandAccruedExpenses,NotesPayable,OtherCurrentBorrowings,CurrentPortionofLongTermDebt,CurrentDebt&CapitalLeaseObligation,CurrentDeferredRevenue,CurrentDeferredLiabilities,CurrentDeferredTaxLiability,OtherCurrentLiability,TotalCurrentLiabilities,Non-CurrentPortionofLongTermDebt,LongTermCapLeaseObligation,Non-CurrentPortionofLTDandCapitalLeaseObligation,LongTermDeferredTaxLiabilities,Non-CurrentDeferredLiabilities,PensionLiability,MinorityInterestOwnership,PreferredSecuritiesoutofShareholdersEquity,OtherLongTermLiabilities,TotalLongTermLiabilities,TotalLiabilities,TotalCapitalStock,RetainedEarnings,AdditionalPaidInCapital,PreferredStock,AdjustmentsforForeignCurrencyTranslation,ShareholdersEquity,,SECFilingLinks,AsOriginallyReported,Restated
2020-09,4.995B,4.995B,1.958B,5.723B,7.681B,,,853.00M,1.023B,,,14.55B,,,,,14.92B,,14.92B,-6.259B,8.666B,18.71B,844.00M,19.56B,188.00M,1.811B,30.22B,44.77B,,2020-09,,2.197B,,,1.806B,1.806B,2.235B,2.235B,,2.024B,10.11B,14.26B,1.292B,15.55B,39.00M,39.00M,6.389B,,,2.216B,24.20B,34.30B,167.00M,10.39B,27.00M,,,10.47B,,2020-09,AOR,
2020-06,4.178B,4.178B,1.989B,5.46B,7.449B,,,832.00M,720.00M,,,13.18B,,,,,14.69B,,14.69B,-6.103B,8.591B,18.71B,909.00M,19.62B,346.00M,1.743B,30.30B,43.48B,,2020-06,,2.006B,,,1.803B,1.803B,2.179B,2.179B,,2.125B,9.727B,14.26B,1.333B,15.59B,,,6.582B,,,1.862B,24.04B,33.76B,167.00M,9.652B,10.00M,,,9.712B,,2020-06,AOR,
2020-03,3.278B,3.278B,2.136B,5.918B,8.054B,,,785.00M,1.011B,,,13.13B,,,,,14.38B,,14.38B,-5.952B,8.425B,18.70B,974.00M,19.67B,355.00M,1.623B,30.08B,43.20B,,2020-03,,2.071B,,,1.79B,1.79B,2.027B,2.027B,,2.817B,10.18B,14.30B,1.28B,15.58B,,,6.779B,,,1.606B,23.96B,34.14B,167.00M,9.011B,0.00,,,9.062B,,2020-03,AOR,
2019-12,2.245B,2.245B,1.326B,5.334B,6.66B,317.00M,507.00M,783.00M,997.00M,,,10.68B,0.00,619.00M,2.575B,7.603B,1.511B,1.965B,14.27B,-5.85B,8.423B,18.71B,1.04B,19.75B,508.00M,1.725B,30.40B,41.09B,,2019-12,,2.226B,,,,,2.237B,2.237B,,3.106B,9.434B,12.77B,1.308B,14.08B,0.00,0.00,6.979B,,,1.779B,22.84B,32.27B,168.00M,8.748B,0.00,,,8.819B,,2019-12,AOR,
2019-09,1.127B,1.127B,2.111B,5.777B,7.888B,,,810.00M,1.011B,,,10.84B,,,,,13.83B,,13.83B,-5.709B,8.122B,18.71B,1.123B,19.83B,83.00M,1.682B,29.72B,40.55B,,2019-09,,2.021B,,,,,2.127B,2.127B,,2.524B,8.416B,13.83B,1.304B,15.13B,111.00M,111.00M,5.431B,,,1.734B,22.41B,30.82B,169.00M,9.649B,0.00,,,9.731B,,2019-09,AOR,Restated
2019-06,1.088B,1.088B,1.832B,5.657B,7.489B,,,810.00M,772.00M,,,10.16B,,,,,13.43B,,13.43B,-5.628B,7.80B,18.71B,1.206B,19.91B,85.00M,1.626B,29.42B,39.58B,,2019-06,,1.962B,,,,,1.942B,1.942B,,2.723B,8.155B,13.84B,1.081B,14.92B,140.00M,140.00M,5.535B,,,1.621B,22.22B,30.37B,169.00M,9.12B,0.00,,,9.214B,,2019-06,AOR,Restated
2019-03,755.00M,755.00M,2.166B,5.785B,7.951B,,,778.00M,959.00M,,,10.44B,,,,,13.20B,,13.20B,-5.493B,7.703B,18.70B,1.289B,19.99B,84.00M,1.534B,29.31B,39.75B,,2019-03,,1.932B,,,,,1.969B,1.969B,,3.516B,8.821B,13.86B,1.098B,14.96B,133.00M,133.00M,5.646B,,,1.451B,22.19B,31.01B,170.00M,8.628B,0.00,,,8.739B,,2019-03,AOR,Restated
2018-12,1.579B,1.579B,1.448B,5.026B,6.474B,277.00M,418.00M,654.00M,973.00M,,,9.68B,0.00,636.00M,2.139B,7.221B,,1.745B,11.74B,-5.369B,6.372B,18.67B,1.372B,20.04B,94.00M,1.463B,27.97B,37.65B,,2018-12,,2.182B,,,,,1.917B,1.917B,,2.499B,8.274B,13.88B,0.00,13.88B,108.00M,108.00M,5.755B,,,1.446B,21.19B,29.47B,171.00M,8.068B,0.00,,,8.187B,,2018-12,AOR,Restated
2018-09,1.228B,1.228B,1.702B,5.60B,7.302B,,,719.00M,883.00M,,,10.13B,,,,,11.33B,,11.33B,-5.307B,6.025B,18.64B,1.46B,20.10B,69.00M,1.615B,27.81B,37.94B,,2018-09,,1.939B,,,,,1.686B,1.686B,,2.769B,8.039B,13.89B,,13.89B,,,5.394B,,,1.518B,20.80B,28.84B,174.00M,14.46B,0.00,,,9.103B,,2018-09,AOR,Restated
2018-06,1.539B,1.539B,1.815B,5.272B,7.087B,,,690.00M,406.00M,,,9.722B,,,,,11.05B,,11.05B,-5.187B,5.864B,18.75B,1.329B,20.08B,179.00M,1.537B,27.66B,37.38B,,2018-06,,1.824B,,,,,1.711B,1.711B,,2.847B,7.833B,14.39B,,14.39B,,,5.755B,,,1.176B,21.32B,29.15B,174.00M,13.67B,,,,8.227B,,2018-06,AOR,Restated
2018-03,10.37B,10.37B,1.241B,3.869B,5.11B,,,435.00M,243.00M,,,16.16B,,,,,9.404B,,9.404B,-5.119B,4.285B,12.46B,,12.46B,474.00M,1.424B,18.64B,34.80B,,2018-03,,1.395B,,,,,1.479B,1.479B,,2.337B,6.415B,14.39B,,14.39B,,,5.362B,,,946.00M,20.70B,27.12B,174.00M,13.20B,0.00,,,7.68B,,2018-03,AOR,Restated
2017-12,11.22B,11.22B,1.054B,3.465B,4.519B,97.00M,342.00M,398.00M,445.00M,,,16.59B,0.00,420.00M,1.834B,5.642B,,1.395B,9.291B,-5.066B,4.225B,12.46B,52.00M,12.51B,447.00M,1.362B,18.54B,35.13B,,2017-12,,1.661B,,,,,1.761B,1.761B,,2.288B,7.092B,14.40B,,14.40B,0.00,0.00,5.511B,,,994.00M,20.90B,28.00B,174.00M,6.913B,44.00M,,,7.132B,,2017-12,AOR,Restated
2017-09,1.878B,1.878B,4.414B,,4.414B,,,1.007B,300.00M,,,7.599B,,,,,8.919B,,8.919B,-4.994B,3.925B,12.46B,,12.46B,1.20B,1.333B,18.91B,26.51B,,2017-09,,1.507B,,,,,1.29B,1.29B,,2.194B,6.30B,6.227B,,6.227B,,,6.579B,,,914.00M,13.72B,20.02B,174.00M,11.55B,16.00M,,,6.493B,,2017-09,AOR,Restated
2017-06,1.383B,1.383B,4.28B,,4.28B,,,1.039B,162.00M,,,6.864B,,,,,8.767B,,8.767B,-4.965B,3.802B,12.45B,,12.45B,1.385B,1.309B,18.95B,25.81B,,2017-06,,1.385B,,,,,1.34B,1.34B,,2.248B,6.186B,6.219B,,6.219B,,,6.666B,,,823.00M,13.71B,19.89B,174.00M,11.09B,0.00,,,5.919B,,2017-06,AOR,Restated
2017-03,1.403B,1.403B,4.072B,,4.072B,,,933.00M,160.00M,,,6.568B,,,,,8.56B,,8.56B,-4.904B,3.656B,12.45B,,12.45B,1.416B,1.319B,18.84B,25.41B,,2017-03,,1.374B,,,,,1.286B,1.286B,,1.367B,5.168B,7.06B,,7.06B,,,6.746B,,,881.00M,14.69B,19.86B,175.00M,10.82B,0.00,,,5.558B,,2017-03,AOR,Restated
2016-12,2.541B,2.541B,3.299B,,3.299B,100.00M,1.823B,816.00M,200.00M,,,6.856B,0.00,415.00M,1.798B,5.15B,,1.056B,8.419B,-4.831B,3.588B,12.45B,,12.45B,1.462B,1.258B,18.76B,25.61B,,2016-12,,1.554B,,,,,1.471B,1.471B,,1.263B,5.63B,7.058B,,7.058B,,,6.818B,,,849.00M,14.72B,20.36B,175.00M,10.63B,0.00,,,5.259B,,2016-12,AOR,Restated
2016-09,1.103B,1.103B,3.659B,,3.659B,,,797.00M,212.00M,,,5.771B,,,,,8.279B,,8.279B,-4.945B,3.334B,12.46B,,12.46B,1.239B,1.292B,18.33B,24.10B,,2016-09,,1.325B,,,,,1.306B,1.306B,,1.218B,5.106B,6.387B,,6.387B,,,6.009B,,,831.00M,13.23B,18.33B,177.00M,10.63B,0.00,,,5.767B,,2016-09,AOR,Restated
2016-06,1.139B,1.139B,3.483B,,3.483B,,,973.00M,186.00M,,,5.781B,,,,,8.226B,,8.226B,-4.927B,3.299B,12.46B,,12.46B,1.375B,1.163B,18.30B,24.08B,,2016-06,,1.272B,,,,,1.383B,1.383B,,1.332B,5.099B,6.387B,,6.387B,,,6.061B,,,853.00M,13.30B,18.40B,179.00M,10.63B,0.00,,,5.681B,,2016-06,AOR,Restated
2016-03,1.277B,1.277B,3.346B,,3.346B,,,898.00M,185.00M,,,5.706B,,,,,8.107B,,8.107B,-4.877B,3.23B,12.46B,,12.46B,1.383B,1.152B,18.23B,23.93B,,2016-03,,1.204B,,,,,1.409B,1.409B,,1.271B,4.955B,6.387B,,6.387B,,,6.117B,,,853.00M,13.36B,18.31B,181.00M,10.66B,,,,5.621B,,2016-03,AOR,Restated
2015-12,2.319B,2.319B,2.841B,,2.841B,103.00M,1.511B,807.00M,367.00M,,,6.334B,0.00,381.00M,1.618B,5.016B,,898.00M,7.913B,-4.849B,3.064B,12.46B,,12.46B,1.409B,1.157B,18.09B,24.42B,,2015-12,,1.282B,,,,,1.537B,1.537B,,1.443B,5.457B,6.386B,,6.386B,,,6.172B,,,887.00M,13.44B,18.90B,181.00M,10.66B,,,,5.522B,,2015-12,AOR,Restated
2015-09,1.292B,1.292B,3.268B,,3.268B,,,856.00M,199.00M,336.00M,,5.951B,,,,,7.809B,,7.809B,-4.804B,3.005B,12.46B,,12.46B,1.352B,1.20B,18.02B,23.97B,,2015-09,,1.194B,,,,,1.299B,1.299B,,1.432B,5.133B,6.417B,,6.417B,,,5.778B,,,941.00M,13.14B,18.27B,183.00M,10.61B,0.00,,,5.697B,,2015-09,AOR,Restated
2015-06,1.907B,1.907B,3.151B,,3.151B,,,856.00M,160.00M,386.00M,,6.46B,,,,,7.733B,,7.733B,-4.728B,3.005B,12.46B,,12.46B,1.383B,1.24B,18.09B,24.55B,,2015-06,,1.246B,,,,,1.37B,1.37B,,1.441B,5.154B,6.417B,,6.417B,,,5.871B,,,939.00M,13.23B,18.38B,188.00M,11.16B,0.00,,,6.171B,,2015-06,AOR,Restated
2015-03,2.646B,2.646B,3.131B,,3.131B,,,818.00M,177.00M,371.00M,,7.143B,,,,,7.637B,,7.637B,-4.648B,2.989B,12.46B,,12.46B,1.393B,1.277B,18.12B,25.27B,,2015-03,,1.248B,,,,,1.43B,1.43B,,1.543B,5.284B,6.418B,,6.418B,,,5.962B,,,854.00M,13.23B,18.52B,195.00M,11.84B,0.00,,,6.748B,,2015-03,AOR,Restated
2014-12,3.863B,3.863B,2.806B,,2.806B,106.00M,1.509B,742.00M,369.00M,,,7.78B,0.00,373.00M,1.589B,4.829B,,811.00M,7.602B,-4.611B,2.991B,12.47B,,12.47B,2.026B,1.309B,18.79B,26.57B,,2014-12,,1.305B,,,,,1.713B,1.713B,,1.433B,5.892B,5.925B,,5.925B,,,6.555B,,,965.00M,13.44B,19.34B,199.00M,12.39B,0.00,,,7.235B,,2014-12,AOR,Restated
2014-09,3.402B,3.402B,3.233B,,3.233B,,,671.00M,290.00M,526.00M,,8.122B,,,,,7.385B,,7.385B,-4.54B,2.845B,12.46B,,12.46B,129.00M,1.484B,16.92B,25.04B,,2014-09,,1.193B,,,,,1.61B,1.61B,,1.483B,5.511B,5.926B,,5.926B,,,2.775B,,,938.00M,9.639B,15.15B,203.00M,12.57B,0.00,,,9.893B,,2014-09,AOR,Restated
2014-06,3.476B,3.476B,3.28B,,3.28B,,,741.00M,339.00M,554.00M,,8.39B,,,,,7.289B,,7.289B,-4.471B,2.818B,12.47B,,12.47B,180.00M,1.495B,16.96B,25.35B,,2014-06,,1.178B,,,,,1.588B,1.588B,,1.494B,5.414B,5.927B,,5.927B,,,2.82B,,,922.00M,9.669B,15.08B,209.00M,12.94B,0.00,,,10.27B,,2014-06,AOR,Restated
2014-03,3.885B,3.885B,3.234B,,3.234B,,,781.00M,165.00M,539.00M,,8.604B,,,,,7.194B,,7.194B,-4.401B,2.793B,12.47B,,12.47B,199.00M,1.471B,16.93B,25.54B,,2014-03,,1.229B,,,,,1.494B,1.494B,,1.498B,5.271B,5.927B,,5.927B,,,2.874B,,,894.00M,9.695B,14.97B,215.00M,12.98B,292.00M,,,10.57B,,2014-03,AOR,Restated
2013-12,5.15B,5.15B,2.685B,,2.685B,102.00M,1.601B,698.00M,350.00M,605.00M,,9.488B,0.00,373.00M,1.45B,4.661B,,659.00M,7.143B,-4.337B,2.806B,12.44B,,12.44B,209.00M,1.44B,16.89B,26.38B,,2013-12,,1.229B,,,,,1.722B,1.722B,,1.418B,5.815B,5.928B,,5.928B,,,2.954B,,,1.064B,9.946B,15.76B,218.00M,12.54B,848.00M,,,10.62B,,2013-12,AOR,Restated
2013-09,4.944B,4.944B,3.003B,,3.003B,,,784.00M,264.00M,596.00M,,9.591B,,,,,7.068B,,7.068B,-4.305B,2.763B,12.44B,,12.44B,1.274B,1.339B,17.81B,27.40B,,2013-09,,1.221B,,,,,1.698B,1.698B,,1.785B,5.762B,5.928B,,5.928B,,,5.374B,,,985.00M,12.29B,18.05B,224.00M,12.20B,1.479B,,,9.356B,,2013-09,AOR,Restated
2013-06,4.904B,4.904B,3.124B,,3.124B,,,745.00M,240.00M,551.00M,,9.564B,,,,,7.066B,,7.066B,-4.283B,2.783B,12.44B,,12.44B,1.429B,1.295B,17.94B,27.51B,,2013-06,,1.195B,,,,,1.802B,1.802B,,1.641B,5.639B,5.929B,,5.929B,,,5.426B,,,956.00M,12.31B,17.95B,231.00M,11.84B,2.124B,,,9.558B,,2013-06,AOR,Restated
2013-03,3.183B,3.183B,3.05B,,3.05B,,,930.00M,159.00M,524.00M,,7.846B,,,,,7.044B,,7.044B,-4.215B,2.829B,12.44B,,12.44B,1.51B,1.292B,18.07B,25.91B,,2013-03,,1.225B,,,,,1.801B,1.801B,,1.591B,5.555B,3.937B,,3.937B,,,6.025B,,,928.00M,10.89B,16.44B,235.00M,11.50B,2.461B,,,9.469B,,2013-03,AOR,Restated
2012-12,3.862B,3.862B,2.858B,,2.858B,110.00M,1.855B,798.00M,300.00M,574.00M,,8.392B,0.00,373.00M,1.421B,4.646B,,593.00M,7.033B,-4.146B,2.887B,12.43B,,12.43B,1.542B,1.291B,18.15B,26.54B,,2012-12,,1.392B,,,,,1.759B,1.759B,,1.732B,6.056B,3.93B,,3.93B,,,6.085B,,,958.00M,10.97B,17.03B,239.00M,11.14B,2.924B,,,9.514B,,2012-12,AOR,Restated
2012-09,3.525B,3.525B,2.973B,,2.973B,,,627.00M,217.00M,560.00M,,7.902B,,,,,,,7.059B,-4.164B,2.895B,12.37B,,12.37B,680.00M,1.412B,17.36B,25.26B,,2012-09,1.036B,2.23B,,,,,1.838B,1.838B,,1.622B,5.69B,3.931B,,3.931B,,,3.754B,,,940.00M,8.625B,14.32B,246.00M,10.74B,3.296B,,,10.95B,,2012-09,AOR,Restated
2012-06,3.148B,3.148B,3.119B,,3.119B,,,704.00M,225.00M,504.00M,,7.70B,,,,,,,7.029B,-4.094B,2.935B,12.34B,,12.34B,838.00M,1.409B,17.53B,25.23B,,2012-06,,1.191B,,,,,1.826B,1.826B,,1.571B,5.608B,3.932B,,3.932B,,,4.067B,,,904.00M,8.903B,14.51B,248.00M,10.42B,3.443B,,,10.72B,,2012-06,AOR,Restated
2012-03,2.682B,2.682B,3.231B,,3.231B,,,804.00M,177.00M,466.00M,,7.36B,,,,,,,7.011B,-4.018B,2.993B,12.37B,,12.37B,895.00M,1.431B,17.69B,25.05B,,2012-03,,1.226B,,,,,1.756B,1.756B,,1.677B,5.594B,3.933B,,3.933B,,,4.08B,,,905.00M,8.918B,14.51B,252.00M,10.08B,3.646B,,,10.54B,,2012-03,AOR,Restated
2011-12,3.002B,3.002B,2.964B,,2.964B,123.00M,1.85B,873.00M,411.00M,496.00M,,7.746B,0.00,375.00M,1.433B,4.587B,,585.00M,6.98B,-3.933B,3.047B,12.37B,,12.37B,900.00M,1.344B,17.66B,25.41B,,2011-12,,1.481B,,,,,1.777B,1.777B,,1.681B,6.135B,3.935B,,3.935B,,,4.079B,,,926.00M,8.94B,15.08B,254.00M,9.699B,3.873B,,,10.34B,,2011-12,AOR,Restated
2011-09,2.946B,2.946B,3.328B,,3.328B,,,884.00M,135.00M,393.00M,,7.686B,,,,,,,6.907B,-3.897B,3.01B,12.38B,164.00M,12.54B,487.00M,1.377B,17.41B,25.10B,,2011-09,1.076B,2.414B,16.00M,23.00M,39.00M,39.00M,1.744B,1.744B,,1.524B,5.721B,3.936B,,3.936B,,,2.591B,,,901.00M,7.428B,13.15B,266.00M,9.401B,4.46B,,,11.95B,,2011-09,AOR,Restated
2011-06,2.81B,2.81B,3.474B,,3.474B,,,902.00M,163.00M,465.00M,,7.814B,,,,,,,6.892B,-3.864B,3.028B,12.38B,174.00M,12.55B,555.00M,1.086B,17.56B,25.38B,,2011-06,,1.259B,19.00M,23.00M,42.00M,42.00M,,,,3.432B,5.795B,3.937B,,3.937B,,,2.597B,,,899.00M,7.433B,13.23B,278.00M,9.018B,5.026B,,,12.15B,,2011-06,AOR,Restated
2011-03,4.019B,4.019B,3.563B,,3.563B,,,859.00M,213.00M,417.00M,,9.071B,,,,,,,6.827B,-3.781B,3.046B,12.38B,183.00M,12.56B,691.00M,1.09B,17.72B,26.79B,,2011-03,,1.347B,16.00M,23.00M,39.00M,39.00M,,,,3.831B,6.161B,3.939B,,3.939B,,,3.097B,,,916.00M,7.952B,14.11B,293.00M,8.637B,5.934B,,,12.68B,,2011-03,AOR,Restated
2010-12,3.701B,3.701B,4.057B,,4.057B,,,1.185B,251.00M,710.00M,,9.904B,0.00,666.00M,2.658B,5.77B,,670.00M,9.764B,-4.722B,5.042B,13.52B,779.00M,14.30B,612.00M,1.117B,21.52B,31.42B,,2010-12,1.349B,3.195B,10.00M,774.00M,784.00M,784.00M,,,,4.407B,8.386B,4.045B,,4.045B,,,4.116B,,,1.317B,9.478B,17.86B,291.00M,8.245B,7.778B,,,13.56B,,2010-12,AOR,Restated
2010-09,2.528B,2.528B,4.172B,,4.172B,,,1.193B,392.00M,718.00M,,9.003B,,,,,,,9.375B,-4.608B,4.767B,13.52B,801.00M,14.32B,654.00M,1.11B,21.17B,30.18B,,2010-09,1.238B,2.915B,15.00M,757.00M,772.00M,772.00M,,,,4.076B,7.763B,3.437B,,3.437B,,,4.511B,,,1.271B,9.219B,16.98B,292.00M,8.005B,7.827B,,,13.19B,,2010-09,AOR,Restated
2010-06,2.044B,2.044B,4.16B,,4.16B,,,1.148B,384.00M,648.00M,,8.384B,,,,,,,9.228B,-4.465B,4.763B,13.52B,823.00M,14.34B,844.00M,1.055B,21.31B,29.69B,,2010-06,1.229B,2.872B,13.00M,760.00M,773.00M,773.00M,,,,4.021B,7.666B,3.438B,,3.438B,,,4.487B,,,1.20B,9.125B,16.79B,295.00M,7.646B,7.949B,,,12.90B,,2010-06,AOR,Restated
2010-03,1.961B,1.961B,4.197B,,4.197B,,,1.289B,295.00M,627.00M,,8.369B,,,,,,,9.137B,-4.34B,4.797B,13.52B,846.00M,14.36B,883.00M,1.046B,21.39B,29.76B,,2010-03,1.134B,2.776B,14.00M,761.00M,775.00M,775.00M,,,,3.937B,7.488B,3.44B,,3.44B,,,4.723B,,,1.471B,9.634B,17.12B,301.00M,7.077B,8.264B,,,12.64B,,2010-03,AOR,Restated
2009-12,3.275B,3.275B,3.394B,,3.394B,,,1.17B,272.00M,524.00M,,8.635B,0.00,649.00M,2.422B,5.383B,,630.00M,9.084B,-4.216B,4.868B,13.52B,873.00M,14.39B,1.01B,1.049B,21.62B,30.25B,,2009-12,1.281B,3.202B,12.00M,91.00M,103.00M,103.00M,,,,3.68B,6.985B,4.191B,,4.191B,,,4.874B,,,1.515B,10.58B,17.56B,307.00M,6.737B,8.657B,,,12.69B,,2009-12,AOR,Restated
2009-09,1.924B,1.924B,3.951B,,3.951B,,,1.243B,453.00M,513.00M,,8.084B,,,,,,,8.946B,-4.171B,4.775B,14.53B,899.00M,15.42B,1.281B,988.00M,22.76B,30.84B,,2009-09,1.419B,3.212B,28.00M,491.00M,519.00M,519.00M,,,,3.539B,7.27B,4.194B,,4.194B,,,5.349B,,,1.603B,11.15B,18.42B,315.00M,6.457B,9.061B,,,12.43B,,2009-09,AOR,Restated
2009-06,1.056B,1.056B,4.251B,,4.251B,,,1.099B,363.00M,487.00M,,7.256B,,,,,,,8.831B,-4.053B,4.778B,14.54B,925.00M,15.46B,1.414B,947.00M,22.89B,30.15B,,2009-06,1.325B,3.099B,27.00M,493.00M,520.00M,520.00M,,,,3.624B,7.243B,3.348B,,3.348B,,,5.816B,,,1.552B,10.72B,17.96B,319.00M,6.104B,9.243B,,,12.19B,,2009-06,AOR,Restated
2009-03,882.00M,882.00M,4.416B,,4.416B,,,1.178B,256.00M,520.00M,,7.252B,,,,,,,8.702B,-3.925B,4.777B,14.52B,921.00M,15.44B,1.455B,1.213B,22.89B,30.14B,,2009-03,1.28B,3.204B,24.00M,565.00M,589.00M,589.00M,,,,3.716B,7.509B,3.352B,,3.352B,,,5.721B,,,1.503B,10.58B,18.08B,325.00M,5.846B,9.482B,,,12.06B,,2009-03,AOR,Restated
2008-12,1.504B,1.504B,3.701B,,3.701B,,,1.003B,219.00M,585.00M,1.231B,8.243B,0.00,619.00M,2.326B,4.547B,545.00M,530.00M,8.567B,-3.782B,4.785B,13.51B,947.00M,14.46B,1.497B,926.00M,21.95B,30.20B,,2008-12,1.231B,3.118B,24.00M,477.00M,501.00M,501.00M,,,,3.83B,7.449B,3.443B,,3.443B,,,5.823B,,,1.562B,10.83B,18.28B,327.00M,5.59B,9.645B,,,11.92B,,2008-12,,Restated
2008-09,1.016B,1.016B,3.957B,,3.957B,,,1.147B,408.00M,481.00M,,7.009B,,,,,,,8.394B,-3.719B,4.675B,17.48B,964.00M,18.44B,,3.131B,26.24B,33.25B,,2008-09,1.37B,3.19B,28.00M,73.00M,101.00M,101.00M,,,,3.521B,6.812B,3.843B,,3.843B,,,,,,5.036B,8.879B,15.69B,327.00M,8.253B,9.668B,,,17.56B,,2008-09,,
2008-06,581.00M,581.00M,4.325B,,4.325B,,,1.089B,596.00M,503.00M,,7.094B,,,,,,,8.259B,-3.608B,4.651B,17.59B,992.00M,18.58B,,3.144B,26.37B,33.47B,,2008-06,1.283B,4.835B,23.00M,74.00M,97.00M,97.00M,,,,1.659B,6.591B,3.844B,,3.844B,,,,,,5.169B,9.013B,15.60B,337.00M,7.877B,10.34B,,42.00M,17.86B,,2008-06,,
2008-03,429.00M,429.00M,4.358B,,4.358B,,,1.132B,501.00M,529.00M,,6.949B,,,,,,,8.085B,-3.44B,4.645B,17.62B,1.02B,18.64B,,3.141B,26.43B,33.38B,,2008-03,1.248B,3.054B,59.00M,110.00M,169.00M,169.00M,,,,3.514B,6.737B,3.928B,,3.928B,,,,,46.00M,5.063B,9.037B,15.77B,339.00M,7.518B,10.44B,,37.00M,17.60B,,2008-03,,
2007-12,963.00M,963.00M,3.79B,,3.79B,,,1.00B,502.00M,542.00M,,6.797B,,,,,,,8.114B,-3.424B,4.69B,17.67B,1.074B,18.75B,,3.14B,26.58B,33.37B,,2007-12,1.175B,3.065B,26.00M,111.00M,137.00M,137.00M,,,,3.23B,6.432B,3.918B,,3.918B,,,,,350.00M,4.986B,9.254B,15.69B,338.00M,7.387B,10.66B,,34.00M,17.69B,,2007-12,,
2007-09,713.00M,713.00M,3.666B,,3.666B,,,1.102B,282.00M,691.00M,,6.454B,,,,,,,7.869B,-3.33B,4.539B,17.66B,1.109B,18.77B,,2.463B,25.77B,32.22B,,2007-09,1.273B,2.813B,40.00M,111.00M,151.00M,151.00M,,,,3.236B,6.20B,3.886B,,3.886B,,,,,350.00M,5.022B,9.258B,15.46B,338.00M,7.063B,10.64B,,28.00M,16.76B,,2007-09,,
2007-06,521.00M,521.00M,3.685B,,3.685B,,,1.157B,244.00M,654.00M,,6.261B,,,,,,,7.769B,-3.23B,4.539B,17.64B,1.139B,18.78B,,2.45B,25.77B,32.03B,,2007-06,1.16B,2.666B,32.00M,141.00M,173.00M,173.00M,,,,3.283B,6.122B,3.875B,,3.875B,,,,,,5.251B,9.126B,15.25B,344.00M,6.703B,11.02B,,,16.78B,,2007-06,,
2007-03,362.00M,362.00M,3.749B,,3.749B,,,1.195B,235.00M,668.00M,,6.209B,,,,,,,7.67B,-3.126B,4.544B,17.67B,1.172B,18.84B,,2.449B,25.84B,32.04B,,2007-03,1.143B,2.589B,325.00M,75.00M,400.00M,400.00M,,,,3.549B,6.538B,3.992B,,3.992B,,,,,350.00M,4.821B,9.163B,15.70B,343.00M,6.374B,10.92B,,24.00M,16.34B,,2007-03,,
2006-12,1.015B,1.015B,3.562B,,3.562B,,,1.176B,266.00M,706.00M,,6.725B,,,,,,,7.53B,-3.005B,4.525B,17.22B,1.139B,18.36B,,2.401B,25.28B,32.01B,,2006-12,1.176B,2.858B,95.00M,75.00M,170.00M,170.00M,,,,3.725B,6.753B,3.992B,,3.992B,,,,,350.00M,4.299B,8.641B,15.39B,346.00M,6.183B,11.35B,,22.00M,16.62B,,2006-12,,
2006-09,1.463B,1.463B,3.69B,,3.69B,,,1.275B,265.00M,746.00M,,7.439B,,,,,,,7.378B,-2.941B,4.437B,17.32B,1.169B,18.49B,,3.685B,26.62B,34.06B,,2006-09,1.236B,2.73B,86.00M,764.00M,850.00M,850.00M,,,,3.657B,7.237B,3.796B,,3.796B,670.00M,670.00M,,,350.00M,4.672B,9.488B,16.72B,345.00M,5.837B,11.27B,,,17.33B,,2006-09,,
2006-06,751.00M,751.00M,3.907B,,3.907B,,,1.296B,317.00M,774.00M,,7.045B,,,,,,,7.232B,-2.829B,4.403B,17.38B,1.20B,18.58B,,3.648B,26.63B,33.68B,,2006-06,1.093B,2.545B,79.00M,735.00M,814.00M,814.00M,,,,3.779B,7.138B,3.821B,,3.821B,626.00M,626.00M,,,350.00M,4.695B,9.492B,16.63B,344.00M,5.642B,11.18B,,,17.05B,,2006-06,,
2006-03,373.00M,373.00M,4.144B,,4.144B,,,1.294B,251.00M,783.00M,,6.845B,,,,,,,7.12B,-2.716B,4.404B,,18.61B,18.61B,,3.654B,26.67B,33.52B,,2006-03,1.085B,2.58B,66.00M,776.00M,842.00M,842.00M,1.634B,1.634B,,2.278B,7.334B,3.872B,,3.872B,628.00M,628.00M,,,,5.064B,9.564B,16.90B,343.00M,5.318B,11.10B,,,16.62B,,2006-03,,
2005-12,1.605B,1.605B,3.553B,,3.553B,,,1.164B,446.00M,783.00M,,7.551B,0.00,546.00M,2.343B,4.109B,,,6.998B,-2.595B,4.403B,17.38B,1.273B,18.66B,,3.604B,26.66B,34.21B,,2005-12,1.105B,2.694B,50.00M,1.214B,1.264B,1.264B,,,,4.016B,7.974B,3.881B,,3.881B,595.00M,595.00M,,,350.00M,4.586B,9.412B,17.39B,347.00M,5.055B,11.57B,,,16.83B,,2005-12,,
2005-09,1.712B,1.712B,3.519B,,3.519B,,,1.262B,357.00M,514.00M,,7.364B,,,,,,,6.676B,-2.486B,4.19B,,18.74B,18.74B,,3.561B,26.49B,33.85B,,2005-09,1.19B,2.771B,57.00M,524.00M,581.00M,581.00M,,,,3.518B,6.87B,4.569B,,4.569B,536.00M,536.00M,,,350.00M,4.577B,10.03B,16.90B,355.00M,4.815B,11.91B,,,16.95B,,2005-09,,
2005-06,1.215B,1.215B,3.542B,,3.542B,,,1.185B,232.00M,748.00M,,6.922B,,,,,,,6.614B,-2.41B,4.204B,,18.78B,18.78B,,3.538B,26.52B,33.45B,,2005-06,1.044B,2.596B,53.00M,526.00M,579.00M,579.00M,,,,3.383B,6.558B,4.581B,,4.581B,530.00M,530.00M,,,350.00M,4.569B,10.03B,16.59B,358.00M,4.614B,12.02B,,,16.86B,,2005-06,,
2005-03,784.00M,784.00M,3.611B,,3.611B,,,1.205B,209.00M,768.00M,,6.577B,,,,,,,6.50B,-2.296B,4.204B,,21.78B,21.78B,,634.00M,26.62B,33.20B,,2005-03,969.00M,2.518B,62.00M,438.00M,500.00M,500.00M,,,,3.455B,6.473B,4.664B,,4.664B,506.00M,506.00M,,,350.00M,4.53B,10.05B,16.52B,359.00M,4.341B,12.10B,,,16.67B,,2005-03,,
2004-12,1.23B,1.23B,3.492B,,3.492B,,,1.057B,293.00M,777.00M,,6.849B,0.00,533.00M,2.059B,3.807B,,,6.399B,-2.189B,4.21B,,18.66B,18.66B,,3.585B,26.45B,33.30B,,2004-12,1.07B,2.82B,9.00M,33.00M,42.00M,42.00M,,,,3.303B,6.165B,5.116B,,5.116B,506.00M,506.00M,,,350.00M,4.466B,10.44B,16.60B,364.00M,4.014B,12.43B,,,16.70B,,2004-12,,
2004-09,850.00M,850.00M,3.394B,,3.394B,,,1.287B,269.00M,778.00M,,6.578B,,,,,,,5.796B,-1.744B,4.052B,,18.78B,18.78B,,4.123B,26.95B,33.53B,,2004-09,1.13B,2.806B,19.00M,632.00M,651.00M,651.00M,,,,3.485B,6.942B,5.123B,,5.123B,527.00M,527.00M,,9.00M,,4.869B,10.52B,17.46B,12.29B,3.827B,,,,16.06B,,2004-09,,
2004-06,559.00M,559.00M,3.487B,,3.487B,,,1.22B,220.00M,825.00M,65.00M,6.376B,,,,,,,5.777B,-1.744B,4.033B,,18.81B,18.81B,,4.112B,26.95B,33.33B,,2004-06,991.00M,2.535B,12.00M,386.00M,398.00M,398.00M,,,,3.483B,6.416B,5.366B,,5.366B,534.00M,534.00M,,12.00M,350.00M,4.637B,10.89B,17.30B,12.44B,3.624B,,,,16.01B,,2004-06,,
2004-03,457.00M,457.00M,3.426B,,3.426B,,,1.319B,180.00M,785.00M,62.00M,6.229B,,,,,,,5.763B,-1.744B,4.019B,,18.98B,18.98B,,4.111B,27.12B,33.34B,,2004-03,983.00M,2.353B,113.00M,477.00M,590.00M,590.00M,,,,3.653B,6.596B,5.372B,,5.372B,520.00M,520.00M,,13.00M,350.00M,4.63B,10.87B,17.47B,12.32B,3.591B,,,,15.86B,,2004-03,,
2003-12,342.00M,342.00M,3.226B,,3.226B,,,1.167B,167.00M,770.00M,66.00M,5.738B,0.00,500.00M,1.895B,3.426B,,,5.821B,-1.774B,4.047B,,19.04B,19.04B,,4.194B,27.28B,33.02B,,2003-12,1.001B,2.515B,19.00M,462.00M,481.00M,481.00M,,,,3.365B,6.361B,5.41B,,5.41B,508.00M,508.00M,,,350.00M,4.608B,10.88B,17.24B,12.43B,3.431B,,,,15.78B,,2003-12,,
2003-09,359.00M,359.00M,2.987B,,2.987B,,,1.125B,165.00M,430.00M,386.00M,5.452B,,,,,,,5.312B,-1.391B,3.921B,,19.17B,19.17B,527.00M,4.594B,28.21B,33.66B,,2003-09,1.037B,2.386B,24.00M,122.00M,146.00M,146.00M,,,,3.021B,5.553B,6.267B,,6.267B,,,,27.00M,350.00M,6.701B,13.32B,18.87B,12.53B,3.28B,,,,14.76B,,2003-09,,
2003-06,268.00M,268.00M,2.98B,,2.98B,,,1.226B,144.00M,646.00M,463.00M,5.727B,,,,,,,5.311B,-1.391B,3.92B,,22.68B,22.68B,439.00M,1.22B,28.26B,33.99B,,2003-06,1.04B,2.34B,28.00M,142.00M,170.00M,170.00M,,,,3.298B,5.808B,6.412B,,6.412B,,,,25.00M,350.00M,6.723B,13.48B,19.29B,12.54B,3.169B,,,,14.67B,,2003-06,,
2003-03,408.00M,408.00M,3.132B,,3.132B,,,1.158B,170.00M,660.00M,408.00M,5.936B,,,,,,,5.40B,-1.391B,4.009B,,19.19B,19.19B,491.00M,4.735B,28.42B,34.36B,,2003-03,907.00M,2.189B,80.00M,196.00M,276.00M,276.00M,,,,3.411B,5.876B,6.808B,,6.808B,,,,139.00M,350.00M,6.667B,13.82B,19.70B,12.52B,3.044B,,,,14.52B,,2003-03,,
2002-12,1.412B,1.412B,2.949B,,2.949B,,,1.091B,160.00M,662.00M,9.621B,15.90B,0.00,350.00M,1.698B,2.948B,,,4.996B,-1.391B,3.605B,,18.21B,18.21B,174.00M,4.442B,26.43B,42.33B,,2002-12,1.018B,2.445B,22.00M,203.00M,225.00M,225.00M,,,,8.763B,11.43B,9.398B,,9.398B,,,,139.00M,350.00M,6.684B,16.43B,27.86B,12.51B,2.87B,,,,14.32B,,2002-12,,
2002-09,462.00M,462.00M,2.325B,,2.325B,,,1.107B,140.00M,103.00M,550.00M,4.687B,,,,,,,4.187B,-1.363B,2.824B,,9.617B,9.617B,,3.678B,16.12B,20.81B,,2002-09,741.00M,1.545B,45.00M,101.00M,146.00M,146.00M,,,,2.992B,4.683B,4.885B,,4.885B,757.00M,757.00M,,19.00M,350.00M,2.612B,8.604B,13.29B,4.87B,2.697B,,,,7.50B,,2002-09,,
2002-06,196.00M,196.00M,2.696B,,2.696B,,,1.163B,141.00M,57.00M,,4.253B,,,,,,,4.356B,-1.356B,3.00B,8.84B,1.661B,10.50B,,3.63B,17.13B,21.38B,,2002-06,669.00M,1.536B,146.00M,104.00M,250.00M,250.00M,,,,2.997B,4.783B,4.915B,,4.915B,753.00M,753.00M,,17.00M,350.00M,2.544B,8.562B,13.34B,4.849B,3.24B,,,,8.022B,,2002-06,,
2002-03,115.00M,115.00M,2.877B,,2.877B,,,1.225B,172.00M,49.00M,,4.438B,,,,4.182B,,,4.182B,-1.241B,2.941B,,10.50B,10.50B,,3.58B,17.02B,21.46B,,2002-03,675.00M,1.508B,44.00M,5.00M,49.00M,49.00M,,304.00M,304.00M,2.78B,4.641B,5.436B,,5.436B,684.00M,684.00M,,16.00M,350.00M,2.476B,8.946B,13.59B,4.813B,3.109B,,,,7.854B,,2002-03,,
2001-12,464.00M,464.00M,2.643B,,2.643B,,,1.098B,125.00M,36.00M,1.207B,5.573B,,,,,,,3.732B,-1.148B,2.584B,,8.975B,8.975B,,3.686B,15.24B,20.82B,,2001-12,827.00M,1.809B,30.00M,420.00M,450.00M,450.00M,,,,2.841B,5.10B,5.038B,,5.038B,669.00M,669.00M,,122.00M,350.00M,2.148B,8.205B,13.30B,4.451B,3.011B,,,,7.391B,,2001-12,,
2001-09,310.00M,310.00M,2.297B,,2.297B,,,1.222B,140.00M,35.00M,,4.004B,,,,,,,3.297B,-1.211B,2.086B,6.92B,1.036B,7.956B,,3.168B,13.21B,17.21B,,2001-09,629.00M,1.386B,130.00M,4.00M,134.00M,134.00M,,345.00M,345.00M,2.088B,3.953B,5.185B,,5.185B,837.00M,837.00M,,,350.00M,1.614B,7.986B,11.94B,2.386B,2.928B,,,,5.275B,,2001-09,,
2001-06,225.00M,225.00M,2.056B,,2.056B,,,1.386B,123.00M,30.00M,,3.82B,,,,,,,3.332B,-1.143B,2.189B,6.586B,1.536B,8.122B,,3.20B,13.51B,17.33B,,2001-06,651.00M,1.445B,66.00M,41.00M,107.00M,107.00M,,137.00M,137.00M,2.065B,3.754B,5.367B,,5.367B,1.114B,1.114B,,,350.00M,1.535B,8.366B,12.12B,2.376B,2.89B,,,,5.211B,,2001-06,,
2001-03,1.636B,1.636B,1.493B,,1.493B,,,749.00M,66.00M,22.00M,,3.966B,0.00,2.37B,,,,,2.37B,-1.356B,1.014B,,4.38B,4.38B,,1.825B,7.219B,11.18B,,2001-03,,491.00M,,,,,,691.00M,691.00M,1.402B,2.584B,3.105B,,3.105B,319.00M,319.00M,,,,1.17B,4.594B,7.178B,1.214B,2.817B,,,,4.007B,,2001-03,,
2000-12,319.00M,319.00M,,,1.557B,,,585.00M,,,65.00M,2.526B,,,,,,,2.343B,-1.328B,1.015B,,4.432B,4.432B,,1.649B,7.096B,9.622B,,2000-12,,564.00M,,,10.00M,10.00M,,,,2.114B,2.688B,1.605B,,1.605B,276.00M,276.00M,,,,1.134B,3.015B,5.703B,1.20B,2.742B,,,,3.919B,,2000-12,,
2000-09,753.00M,753.00M,,,1.292B,,,603.00M,,,61.00M,2.709B,,,,,,,2.298B,-1.335B,963.00M,,4.134B,4.134B,,1.548B,6.645B,9.354B,,2000-09,,364.00M,,,215.00M,215.00M,,,,1.859B,2.438B,1.605B,,1.605B,367.00M,367.00M,,,,1.139B,3.111B,5.549B,1.177B,2.647B,,,,3.805B,,2000-09,,
2000-06,97.00M,97.00M,,,1.341B,,,627.00M,,,797.00M,2.862B,,,,,,,2.349B,-1.396B,953.00M,,4.00B,4.00B,,1.249B,6.202B,9.064B,,2000-06,,449.00M,,,212.00M,212.00M,,,,1.743B,2.404B,1.75B,,1.75B,219.00M,219.00M,,,,1.128B,3.097B,5.501B,1.039B,2.543B,,,,3.563B,,2000-06,,
2000-03,41.00M,41.00M,,,1.45B,,,1.24B,,,72.00M,2.803B,,,,,,,2.854B,-1.63B,1.224B,,4.181B,4.181B,,1.181B,6.586B,9.389B,,2000-03,,436.00M,,,295.00M,295.00M,,,,1.803B,2.534B,1.80B,,1.80B,137.00M,137.00M,,,,1.509B,3.446B,5.98B,1.035B,2.393B,,,,3.409B,,2000-03,,
1999-12,142.00M,142.00M,,,1.402B,,,1.19B,,,59.00M,2.793B,,,,,,,2.895B,-1.655B,1.24B,,3.469B,3.469B,,1.783B,6.492B,9.285B,,1999-12,,490.00M,,,225.00M,225.00M,,,,1.749B,2.464B,2.00B,,2.00B,64.00M,64.00M,,,,1.50B,3.564B,6.028B,1.028B,2.248B,,,,3.257B,,1999-12,,
1999-09,37.00M,37.00M,,,1.352B,,,1.424B,,,63.00M,2.876B,,,,,,,2.972B,-1.737B,1.235B,,4.312B,4.312B,,1.207B,6.754B,9.63B,,1999-09,,427.00M,,,299.00M,299.00M,,,,1.717B,2.443B,2.30B,,2.30B,,,,,,1.752B,4.052B,6.495B,1.028B,2.138B,,,,3.135B,,1999-09,,
1999-06,87.00M,87.00M,,,1.505B,,,1.336B,,,111.00M,3.039B,,,,,,,3.044B,-1.802B,1.242B,,4.204B,4.204B,,1.172B,6.618B,9.657B,,1999-06,,357.00M,,,640.00M,640.00M,,,,1.364B,2.361B,2.50B,,2.50B,,,,,,1.765B,4.265B,6.626B,,2.038B,,,,3.031B,,1999-06,,
1999-03,29.00M,29.00M,,,1.489B,,,1.424B,,,88.00M,3.03B,,,,,,,3.068B,-1.802B,1.266B,,4.128B,4.128B,,1.137B,6.531B,9.561B,,1999-03,,422.00M,,,353.00M,353.00M,,,,1.73B,2.505B,2.375B,,2.375B,,,,,,1.77B,4.145B,6.65B,,1.952B,,,,2.911B,,1999-03,,
1998-12,44.00M,44.00M,,,1.507B,,,1.373B,,,109.00M,3.033B,,,,,,,3.058B,-1.784B,1.274B,,4.176B,4.176B,,1.053B,6.503B,9.536B,,1998-12,,416.00M,,,269.00M,269.00M,,,,1.682B,2.367B,2.562B,,2.562B,,,,,,1.757B,4.319B,6.686B,989.00M,1.892B,,,,2.85B,,1998-12,,
1998-09,80.00M,80.00M,,,1.418B,,,1.58B,,,146.00M,3.224B,,,,,,,3.115B,-1.807B,1.308B,,4.227B,4.227B,,1.213B,6.748B,9.972B,,1998-09,,400.00M,,,226.00M,226.00M,,,,1.949B,2.575B,2.71B,,2.71B,88.00M,88.00M,,,,1.713B,4.511B,7.086B,,1.922B,,,,2.886B,,1998-09,,
1998-06,40.00M,40.00M,,,1.432B,,,1.582B,,,162.00M,3.216B,,,,,,,3.105B,-1.784B,1.321B,,4.225B,4.225B,,1.215B,6.761B,9.977B,,1998-06,,465.00M,,,186.00M,186.00M,,,,1.976B,2.627B,2.706B,,2.706B,88.00M,88.00M,,,,1.785B,4.579B,7.206B,,1.834B,,,,2.771B,,1998-06,,
