,0,1,2,3,4,5,6,7,8,9,10,11,12,13,14,15,Prediction
1986-03,-1.2323221253612209,-1.0793142597700671,-0.6690040085161022,-1.3360601248535922,-1.2323221253612209,-1.0840876325215103,-0.6690040085161022,-0.4390807922054058,-1.2323221253612209,-1.0814317816401742,-0.6690040085161022,0.4578985404427805,-1.2323221253612209,-1.007231205918307,-0.6690040085161022,1.3548778730909667,15.92156219482422
1986-06,-1.2323221253612209,-1.0840876325215103,-0.6690040085161022,-0.4390807922054058,-1.2323221253612209,-1.0814317816401742,-0.6690040085161022,0.4578985404427805,-1.2323221253612209,-1.007231205918307,-0.6690040085161022,1.3548778730909667,-1.2323221253612209,-1.0138613230808564,-0.6690040085161022,-1.3360601248535922,14.741071701049805
1986-09,-1.2323221253612209,-1.0814317816401742,-0.6690040085161022,0.4578985404427805,-1.2323221253612209,-1.007231205918307,-0.6690040085161022,1.3548778730909667,-1.2323221253612209,-1.0138613230808564,-0.6690040085161022,-1.3360601248535922,-1.2323221253612209,-1.0228499303598846,-0.6690040085161022,-0.4390807922054058,13.267827033996582
1986-12,-1.2323221253612209,-1.007231205918307,-0.6690040085161022,1.3548778730909667,-1.2323221253612209,-1.0138613230808564,-0.6690040085161022,-1.3360601248535922,-1.2323221253612209,-1.0228499303598846,-0.6690040085161022,-0.4390807922054058,-1.2323221253612209,-1.047896423623799,-0.6690040085161022,0.4578985404427805,16.734827041625973
1987-03,-1.2323221253612209,-1.0138613230808564,-0.6690040085161022,-1.3360601248535922,-1.2323221253612209,-1.0228499303598846,-0.6690040085161022,-0.4390807922054058,-1.2323221253612209,-1.047896423623799,-0.6690040085161022,0.4578985404427805,-1.2323221253612209,-1.0791542887434638,-0.6690040085161022,1.3548778730909667,18.23460388183593
1987-06,-1.2323221253612209,-1.0228499303598846,-0.6690040085161022,-0.4390807922054058,-1.2323221253612209,-1.047896423623799,-0.6690040085161022,0.4578985404427805,-1.2323221253612209,-1.0791542887434638,-0.6690040085161022,1.3548778730909667,-1.2323221253612209,-1.0055948718781589,-0.6690040085161022,-1.3360601248535922,17.033018112182614
1987-09,-1.2323221253612209,-1.047896423623799,-0.6690040085161022,0.4578985404427805,-1.2323221253612209,-1.0791542887434638,-0.6690040085161022,1.3548778730909667,-1.2323221253612209,-1.0055948718781589,-0.6690040085161022,-1.3360601248535922,-1.2323221253612209,-0.9737740730459812,-0.6690040085161022,-0.4390807922054058,13.17027473449707
1987-12,-1.2323221253612209,-1.0791542887434638,-0.6690040085161022,1.3548778730909667,-1.2323221253612209,-1.0055948718781589,-0.6690040085161022,-1.3360601248535922,-1.2323221253612209,-0.9737740730459812,-0.6690040085161022,-0.4390807922054058,-1.2323221253612209,-0.9992681452510122,-0.6690040085161022,0.4578985404427805,12.397404670715332
1988-03,-1.2323221253612209,-1.0055948718781589,-0.6690040085161022,-1.3360601248535922,-1.2323221253612209,-0.9737740730459812,-0.6690040085161022,-0.4390807922054058,-1.2323221253612209,-0.9992681452510122,-0.6690040085161022,0.4578985404427805,-1.2323221253612209,-1.081224058068316,-0.6690040085161022,1.3548778730909667,14.816329002380373
1988-06,-1.2323221253612209,-0.9737740730459812,-0.6690040085161022,-0.4390807922054058,-1.2323221253612209,-0.9992681452510122,-0.6690040085161022,0.4578985404427805,-1.2323221253612209,-1.081224058068316,-0.6690040085161022,1.3548778730909667,-1.2323221253612209,-1.097622059533366,-0.6690040085161022,-1.3360601248535922,13.53892421722412
1988-09,-1.2323221253612209,-0.9992681452510122,-0.6690040085161022,0.4578985404427805,-1.2323221253612209,-1.081224058068316,-0.6690040085161022,1.3548778730909667,-1.2323221253612209,-1.097622059533366,-0.6690040085161022,-1.3360601248535922,-1.2323221253612209,-1.0462996877747797,-0.6690040085161022,-0.4390807922054058,14.431535720825195
1988-12,-1.2323221253612209,-1.081224058068316,-0.6690040085161022,1.3548778730909667,-1.2323221253612209,-1.097622059533366,-0.6690040085161022,-1.3360601248535922,-1.2323221253612209,-1.0462996877747797,-0.6690040085161022,-0.4390807922054058,-1.2323221253612209,-1.0734024137310143,-0.6690040085161022,0.4578985404427805,13.032366752624512
1989-03,-1.2323221253612209,-1.097622059533366,-0.6690040085161022,-1.3360601248535922,-1.2323221253612209,-1.0462996877747797,-0.6690040085161022,-0.4390807922054058,-1.2323221253612209,-1.0734024137310143,-0.6690040085161022,0.4578985404427805,-1.2323221253612209,-1.0544638554536372,-0.6690040085161022,1.3548778730909667,13.507369995117188
1989-06,-1.2323221253612209,-1.0462996877747797,-0.6690040085161022,-0.4390807922054058,-1.2323221253612209,-1.0734024137310143,-0.6690040085161022,0.4578985404427805,-1.2323221253612209,-1.0544638554536372,-0.6690040085161022,1.3548778730909667,-1.2323221253612209,-1.0841500548105405,-0.6690040085161022,-1.3360601248535922,13.331951141357422
1989-09,-1.2323221253612209,-1.0734024137310143,-0.6690040085161022,0.4578985404427805,-1.2323221253612209,-1.0544638554536372,-0.6690040085161022,1.3548778730909667,-1.2323221253612209,-1.0841500548105405,-0.6690040085161022,-1.3360601248535922,-1.2323221253612209,-1.0740719003686598,-0.6690040085161022,-0.4390807922054058,11.62690258026123
1989-12,-1.2323221253612209,-1.0544638554536372,-0.6690040085161022,1.3548778730909667,-1.2323221253612209,-1.0841500548105405,-0.6690040085161022,-1.3360601248535922,-1.2323221253612209,-1.0740719003686598,-0.6690040085161022,-0.4390807922054058,-1.2323221253612209,-1.0777937661204202,-0.6690040085161022,0.4578985404427805,13.272468566894533
1990-03,-1.2323221253612209,-1.0841500548105405,-0.6690040085161022,-1.3360601248535922,-1.2323221253612209,-1.0740719003686598,-0.6690040085161022,-0.4390807922054058,-1.2323221253612209,-1.0777937661204202,-0.6690040085161022,0.4578985404427805,-1.2323221253612209,-1.113969819655252,-0.6690040085161022,1.3548778730909667,14.859657287597654
1990-06,-1.2323221253612209,-1.0740719003686598,-0.6690040085161022,-0.4390807922054058,-1.2323221253612209,-1.0777937661204202,-0.6690040085161022,0.4578985404427805,-1.2323221253612209,-1.113969819655252,-0.6690040085161022,1.3548778730909667,-1.2323221253612209,-1.0790558092359406,-0.6690040085161022,-1.3360601248535922,13.604982376098633
1990-09,-1.2323221253612209,-1.0777937661204202,-0.6690040085161022,0.4578985404427805,-1.2323221253612209,-1.113969819655252,-0.6690040085161022,1.3548778730909667,-1.2323221253612209,-1.0790558092359406,-0.6690040085161022,-1.3360601248535922,-1.2323221253612209,-1.0453803905762382,-0.714491830128552,-0.4390807922054058,14.615470886230467
1990-12,-1.2323221253612209,-1.113969819655252,-0.6690040085161022,1.3548778730909667,-1.2323221253612209,-1.0790558092359406,-0.6690040085161022,-1.3360601248535922,-1.2323221253612209,-1.0453803905762382,-0.714491830128552,-0.4390807922054058,-1.2323221253612209,-1.0720008562936592,-0.714491830128552,0.4578985404427805,14.870468139648438
1991-03,-1.2323221253612209,-1.0790558092359406,-0.6690040085161022,-1.3360601248535922,-1.2323221253612209,-1.0453803905762382,-0.714491830128552,-0.4390807922054058,-1.2323221253612209,-1.0720008562936592,-0.714491830128552,0.4578985404427805,-1.2323221253612209,-1.0505612989268238,-0.714491830128552,1.3548778730909667,12.833005905151367
1991-06,-1.2323221253612209,-1.0453803905762382,-0.714491830128552,-0.4390807922054058,-1.2323221253612209,-1.0720008562936592,-0.714491830128552,0.4578985404427805,-1.2323221253612209,-1.0505612989268238,-0.714491830128552,1.3548778730909667,-1.173657695015085,-1.0451510164859807,-0.714491830128552,-1.3360601248535922,13.85785961151123
1991-09,-1.2323221253612209,-1.0720008562936592,-0.714491830128552,0.4578985404427805,-1.2323221253612209,-1.0505612989268238,-0.714491830128552,1.3548778730909667,-1.173657695015085,-1.0451510164859807,-0.714491830128552,-1.3360601248535922,-1.3595816419741558,-1.0883798983795123,-0.8238014318682327,-0.4390807922054058,12.05025577545166
1991-12,-1.2323221253612209,-1.0505612989268238,-0.714491830128552,1.3548778730909667,-1.173657695015085,-1.0451510164859807,-0.714491830128552,-1.3360601248535922,-1.3595816419741558,-1.0883798983795123,-0.8238014318682327,-0.4390807922054058,-1.4401302955528628,-1.0666355543223505,-0.9126620102569956,0.4578985404427805,11.457508087158205
1992-03,-1.173657695015085,-1.0451510164859807,-0.714491830128552,-1.3360601248535922,-1.3595816419741558,-1.0883798983795123,-0.8238014318682327,-0.4390807922054058,-1.4401302955528628,-1.0666355543223505,-0.9126620102569956,0.4578985404427805,-1.3674893865035722,-1.1049875254245791,-1.2529592347283542,1.3548778730909667,13.606306076049805
1992-06,-1.3595816419741558,-1.0883798983795123,-0.8238014318682327,-0.4390807922054058,-1.4401302955528628,-1.0666355543223505,-0.9126620102569956,0.4578985404427805,-1.3674893865035722,-1.1049875254245791,-1.2529592347283542,1.3548778730909667,-1.2290119067210004,-1.1175638664119385,-1.246874267684445,-1.3360601248535922,11.375863075256348
1992-09,-1.4401302955528628,-1.0666355543223505,-0.9126620102569956,0.4578985404427805,-1.3674893865035722,-1.1049875254245791,-1.2529592347283542,1.3548778730909667,-1.2290119067210004,-1.1175638664119385,-1.246874267684445,-1.3360601248535922,-1.1319121599411888,-1.071972771322128,-1.193907369983997,-0.4390807922054058,7.224793910980225
1992-12,-1.3674893865035722,-1.1049875254245791,-1.2529592347283542,1.3548778730909667,-1.2290119067210004,-1.1175638664119385,-1.246874267684445,-1.3360601248535922,-1.1319121599411888,-1.071972771322128,-1.193907369983997,-0.4390807922054058,-1.096787062147734,-1.1192961304593123,-1.4701784271191942,0.4578985404427805,7.374394416809082
1993-03,-1.2290119067210004,-1.1175638664119385,-1.246874267684445,-1.3360601248535922,-1.1319121599411888,-1.071972771322128,-1.193907369983997,-0.4390807922054058,-1.096787062147734,-1.1192961304593123,-1.4701784271191942,0.4578985404427805,-1.4515321597580682,-1.2073694579527514,-2.126380930120446,1.3548778730909667,7.2361087799072275
1993-06,-1.1319121599411888,-1.071972771322128,-1.193907369983997,-0.4390807922054058,-1.096787062147734,-1.1192961304593123,-1.4701784271191942,0.4578985404427805,-1.4515321597580682,-1.2073694579527514,-2.126380930120446,1.3548778730909667,-1.477830007844267,-1.2041953806676895,-2.2557515024145496,-1.3360601248535922,6.190149784088135
1993-09,-1.096787062147734,-1.1192961304593123,-1.4701784271191942,0.4578985404427805,-1.4515321597580682,-1.2073694579527514,-2.126380930120446,1.3548778730909667,-1.477830007844267,-1.2041953806676895,-2.2557515024145496,-1.3360601248535922,-1.5916647488607505,-1.207129390125135,-3.511026076116373,-0.4390807922054058,8.368449211120605
1993-12,-1.4515321597580682,-1.2073694579527514,-2.126380930120446,1.3548778730909667,-1.477830007844267,-1.2041953806676895,-2.2557515024145496,-1.3360601248535922,-1.5916647488607505,-1.207129390125135,-3.511026076116373,-0.4390807922054058,-1.4077637132929255,-1.2293215255817718,-3.127335778057176,0.4578985404427805,8.127175331115723
1994-03,-1.477830007844267,-1.2041953806676895,-2.2557515024145496,-1.3360601248535922,-1.5916647488607505,-1.207129390125135,-3.511026076116373,-0.4390807922054058,-1.4077637132929255,-1.2293215255817718,-3.127335778057176,0.4578985404427805,-0.735237626221391,-1.1831044978177314,-2.1990882237506684,1.3548778730909667,8.778903961181639
1994-06,-1.5916647488607505,-1.207129390125135,-3.511026076116373,-0.4390807922054058,-1.4077637132929255,-1.2293215255817718,-3.127335778057176,0.4578985404427805,-0.735237626221391,-1.1831044978177314,-2.1990882237506684,1.3548778730909667,-0.6228740934894499,-1.1882236111372966,-2.230430941685265,-1.3360601248535922,10.445385932922363
1994-09,-1.4077637132929255,-1.2293215255817718,-3.127335778057176,0.4578985404427805,-0.735237626221391,-1.1831044978177314,-2.1990882237506684,1.3548778730909667,-0.6228740934894499,-1.1882236111372966,-2.230430941685265,-1.3360601248535922,-0.07797532510198629,-1.1743958701864528,-0.9872580982034236,-0.4390807922054058,11.064360618591307
1994-12,-0.735237626221391,-1.1831044978177314,-2.1990882237506684,1.3548778730909667,-0.6228740934894499,-1.1882236111372966,-2.230430941685265,-1.3360601248535922,-0.07797532510198629,-1.1743958701864528,-0.9872580982034236,-0.4390807922054058,0.4836584375221509,-1.139038084842342,-0.830689063035193,0.4578985404427805,12.404282569885256
1995-03,-0.6228740934894499,-1.1882236111372966,-2.230430941685265,-1.3360601248535922,-0.07797532510198629,-1.1743958701864528,-0.9872580982034236,-0.4390807922054058,0.4836584375221509,-1.139038084842342,-0.830689063035193,0.4578985404427805,-0.05701060704725349,-1.1259052850638598,-0.7250803988534948,1.3548778730909667,14.538554191589355
1995-06,-0.07797532510198629,-1.1743958701864528,-0.9872580982034236,-0.4390807922054058,0.4836584375221509,-1.139038084842342,-0.830689063035193,0.4578985404427805,-0.05701060704725349,-1.1259052850638598,-0.7250803988534948,1.3548778730909667,0.002205526405585902,-1.0974761309925285,-0.5874941388784264,-1.3360601248535922,14.344320297241213
1995-09,0.4836584375221509,-1.139038084842342,-0.830689063035193,0.4578985404427805,-0.05701060704725349,-1.1259052850638598,-0.7250803988534948,1.3548778730909667,0.002205526405585902,-1.0974761309925285,-0.5874941388784264,-1.3360601248535922,-0.1046409752593203,-1.0521932421609042,-0.4534173816896819,-0.4390807922054058,13.905170440673828
1995-12,-0.05701060704725349,-1.1259052850638598,-0.7250803988534948,1.3548778730909667,0.002205526405585902,-1.0974761309925285,-0.5874941388784264,-1.3360601248535922,-0.1046409752593203,-1.0521932421609042,-0.4534173816896819,-0.4390807922054058,-1.0160545075334593,-1.0563143070505163,-0.6142727630123318,0.4578985404427805,16.96666145324707
1996-03,0.002205526405585902,-1.0974761309925285,-0.5874941388784264,-1.3360601248535922,-0.1046409752593203,-1.0521932421609042,-0.4534173816896819,-0.4390807922054058,-1.0160545075334593,-1.0563143070505163,-0.6142727630123318,0.4578985404427805,-0.4639835987588497,-1.0656317593996631,-0.5624612287406774,1.3548778730909667,15.148497581481935
1996-06,-0.1046409752593203,-1.0521932421609042,-0.4534173816896819,-0.4390807922054058,-1.0160545075334593,-1.0563143070505163,-0.6142727630123318,0.4578985404427805,-0.4639835987588497,-1.0656317593996631,-0.5624612287406774,1.3548778730909667,-0.7098592833130313,-1.0006760359708526,-0.6456257935641738,-1.3360601248535922,19.111400604248047
1996-09,-1.0160545075334593,-1.0563143070505163,-0.6142727630123318,0.4578985404427805,-0.4639835987588497,-1.0656317593996631,-0.5624612287406774,1.3548778730909667,-0.7098592833130313,-1.0006760359708526,-0.6456257935641738,-1.3360601248535922,-0.9092080058685529,-1.0392520595873211,-0.7059393856001306,-0.4390807922054058,23.318702697753906
1996-12,-0.4639835987588497,-1.0656317593996631,-0.5624612287406774,1.3548778730909667,-0.7098592833130313,-1.0006760359708526,-0.6456257935641738,-1.3360601248535922,-0.9092080058685529,-1.0392520595873211,-0.7059393856001306,-0.4390807922054058,-0.2850478911513561,-0.9551710573355352,-0.44092903992784377,0.4578985404427805,21.175180435180664
1997-03,-0.7098592833130313,-1.0006760359708526,-0.6456257935641738,-1.3360601248535922,-0.9092080058685529,-1.0392520595873211,-0.7059393856001306,-0.4390807922054058,-0.2850478911513561,-0.9551710573355352,-0.44092903992784377,0.4578985404427805,-0.6559762798916583,-0.8659046345223199,-0.3399386558136872,1.3548778730909667,27.91532897949219
1997-06,-0.9092080058685529,-1.0392520595873211,-0.7059393856001306,-0.4390807922054058,-0.2850478911513561,-0.9551710573355352,-0.44092903992784377,0.4578985404427805,-0.6559762798916583,-0.8659046345223199,-0.3399386558136872,1.3548778730909667,-0.8886110898849566,-0.9113837944085929,-0.25282789308259473,-1.3360601248535922,32.84788131713867
1997-09,-0.2850478911513561,-0.9551710573355352,-0.44092903992784377,0.4578985404427805,-0.6559762798916583,-0.8659046345223199,-0.3399386558136872,1.3548778730909667,-0.8886110898849566,-0.9113837944085929,-0.25282789308259473,-1.3360601248535922,-0.7716500312638206,-0.7683779116817281,-0.2266112307340118,-0.4390807922054058,32.485015869140625
1997-12,-0.6559762798916583,-0.8659046345223199,-0.3399386558136872,1.3548778730909667,-0.8886110898849566,-0.9113837944085929,-0.25282789308259473,-1.3360601248535922,-0.7716500312638206,-0.7683779116817281,-0.2266112307340118,-0.4390807922054058,-0.9982161070833802,-0.6637238381840574,-0.19865979951489104,0.4578985404427805,32.31707000732422
1998-03,-0.8886110898849566,-0.9113837944085929,-0.25282789308259473,-1.3360601248535922,-0.7716500312638206,-0.7683779116817281,-0.2266112307340118,-0.4390807922054058,-0.9982161070833802,-0.6637238381840574,-0.19865979951489104,0.4578985404427805,-1.0861208020848003,-0.67142276252688,-0.18501525801565216,1.3548778730909667,35.786720275878906
1998-06,-0.7716500312638206,-0.7683779116817281,-0.2266112307340118,-0.4390807922054058,-0.9982161070833802,-0.6637238381840574,-0.19865979951489104,0.4578985404427805,-1.0861208020848003,-0.67142276252688,-0.18501525801565216,1.3548778730909667,-0.9818489149178437,-0.6749860736410911,-0.1944393040541268,-1.3360601248535922,40.12163543701172
1998-09,-0.9982161070833802,-0.6637238381840574,-0.19865979951489104,0.4578985404427805,-1.0861208020848003,-0.67142276252688,-0.18501525801565216,1.3548778730909667,-0.9818489149178437,-0.6749860736410911,-0.1944393040541268,-1.3360601248535922,-0.9855269356292,-0.6013704261303361,-0.14179242554930455,-0.4390807922054058,57.65265274047852
1998-12,-1.0861208020848003,-0.67142276252688,-0.18501525801565216,1.3548778730909667,-0.9818489149178437,-0.6749860736410911,-0.1944393040541268,-1.3360601248535922,-0.9855269356292,-0.6013704261303361,-0.14179242554930455,-0.4390807922054058,-0.8378544040682374,-0.5093964340011776,-0.1241176431451888,0.4578985404427805,55.49828720092773
1999-03,-0.9818489149178437,-0.6749860736410911,-0.1944393040541268,-1.3360601248535922,-0.9855269356292,-0.6013704261303361,-0.14179242554930455,-0.4390807922054058,-0.8378544040682374,-0.5093964340011776,-0.1241176431451888,0.4578985404427805,-0.9491145305867708,-0.13744044696316612,-0.0915232200311305,1.3548778730909667,81.0299072265625
1999-06,-0.9855269356292,-0.6013704261303361,-0.14179242554930455,-0.4390807922054058,-0.8378544040682374,-0.5093964340011776,-0.1241176431451888,0.4578985404427805,-0.9491145305867708,-0.13744044696316612,-0.0915232200311305,1.3548778730909667,-0.7549150370271479,-0.1831496689000944,0.01740306247905835,-1.3360601248535922,75.93175506591797
1999-09,-0.8378544040682374,-0.5093964340011776,-0.1241176431451888,0.4578985404427805,-0.9491145305867708,-0.13744044696316612,-0.0915232200311305,1.3548778730909667,-0.7549150370271479,-0.1831496689000944,0.01740306247905835,-1.3360601248535922,-0.8704048873637422,0.3585552854060346,0.1908806380029874,-0.4390807922054058,67.78548431396484
1999-12,-0.9491145305867708,-0.13744044696316612,-0.0915232200311305,1.3548778730909667,-0.7549150370271479,-0.1831496689000944,0.01740306247905835,-1.3360601248535922,-0.8704048873637422,0.3585552854060346,0.1908806380029874,-0.4390807922054058,-0.7981317803855869,0.2503876767523422,0.21624292018675104,0.4578985404427805,74.46168518066406
2000-03,-0.7549150370271479,-0.1831496689000944,0.01740306247905835,-1.3360601248535922,-0.8704048873637422,0.3585552854060346,0.1908806380029874,-0.4390807922054058,-0.7981317803855869,0.2503876767523422,0.21624292018675104,0.4578985404427805,-0.7311918034388988,0.07754806763151792,0.1522386710342156,1.3548778730909667,69.00148773193361
2000-06,-0.8704048873637422,0.3585552854060346,0.1908806380029874,-0.4390807922054058,-0.7981317803855869,0.2503876767523422,0.21624292018675104,0.4578985404427805,-0.7311918034388988,0.07754806763151792,0.1522386710342156,1.3548778730909667,-0.848152862060035,0.21919717104926806,0.16855367883440397,-1.3360601248535922,71.00958251953125
2000-09,-0.7981317803855869,0.2503876767523422,0.21624292018675104,0.4578985404427805,-0.7311918034388988,0.07754806763151792,0.1522386710342156,1.3548778730909667,-0.848152862060035,0.21919717104926806,0.16855367883440397,-1.3360601248535922,-0.8141311704799876,0.10334803940399026,0.13935984292854509,-0.4390807922054058,53.66033554077149
2000-12,-0.7311918034388988,0.07754806763151792,0.1522386710342156,1.3548778730909667,-0.848152862060035,0.21919717104926806,0.16855367883440397,-1.3360601248535922,-0.8141311704799876,0.10334803940399026,0.13935984292854509,-0.4390807922054058,-0.9776191910997838,0.14595383151846505,0.13243982254023293,0.4578985404427805,60.78744888305664
2001-03,-0.848152862060035,0.21919717104926806,0.16855367883440397,-1.3360601248535922,-0.8141311704799876,0.10334803940399026,0.13935984292854509,-0.4390807922054058,-0.9776191910997838,0.14595383151846505,0.13243982254023293,0.4578985404427805,-0.8406129196017549,-0.2221455304663467,0.16537860892490475,1.3548778730909667,71.82076263427734
2001-06,-0.8141311704799876,0.10334803940399026,0.13935984292854509,-0.4390807922054058,-0.9776191910997838,0.14595383151846505,0.13243982254023293,0.4578985404427805,-0.8406129196017549,-0.2221455304663467,0.16537860892490475,1.3548778730909667,-0.7714661302282524,-0.07092940694810583,0.16119809211238206,-1.3360601248535922,58.11533737182617
2001-09,-0.9776191910997838,0.14595383151846505,0.13243982254023293,0.4578985404427805,-0.8406129196017549,-0.2221455304663467,0.16537860892490475,1.3548778730909667,-0.7714661302282524,-0.07092940694810583,0.16119809211238206,-1.3360601248535922,-0.46306409358101,0.16316465819344209,0.1746324591773369,-0.4390807922054058,76.7368392944336
2001-12,-0.8406129196017549,-0.2221455304663467,0.16537860892490475,1.3548778730909667,-0.7714661302282524,-0.07092940694810583,0.16119809211238206,-1.3360601248535922,-0.46306409358101,0.16316465819344209,0.1746324591773369,-0.4390807922054058,-0.13682365648368958,-0.12762365677003795,0.1452249692899346,0.4578985404427805,66.06446075439453
2002-03,-0.7714661302282524,-0.07092940694810583,0.16119809211238206,-1.3360601248535922,-0.46306409358101,0.16316465819344209,0.1746324591773369,-0.4390807922054058,-0.13682365648368958,-0.12762365677003795,0.1452249692899346,0.4578985404427805,0.17599200501718054,0.2674691668725446,0.03326925397203795,1.3548778730909667,45.82676696777344
2002-06,-0.46306409358101,0.16316465819344209,0.1746324591773369,-0.4390807922054058,-0.13682365648368958,-0.12762365677003795,0.1452249692899346,0.4578985404427805,0.17599200501718054,0.2674691668725446,0.03326925397203795,1.3548778730909667,0.338744421494705,0.041033072196024464,-0.0744211077024623,-1.3360601248535922,37.19550323486328
2002-09,-0.13682365648368958,-0.12762365677003795,0.1452249692899346,0.4578985404427805,0.17599200501718054,0.2674691668725446,0.03326925397203795,1.3548778730909667,0.338744421494705,0.041033072196024464,-0.0744211077024623,-1.3360601248535922,0.23631154468342666,-0.3883505304479072,-0.3718997508453307,-0.4390807922054058,49.52760314941406
2002-12,0.17599200501718054,0.2674691668725446,0.03326925397203795,1.3548778730909667,0.338744421494705,0.041033072196024464,-0.0744211077024623,-1.3360601248535922,0.23631154468342666,-0.3883505304479072,-0.3718997508453307,-0.4390807922054058,0.19474991064509875,-0.5714802465155033,-0.4493491380544757,0.4578985404427805,50.21944046020508
2003-03,0.338744421494705,0.041033072196024464,-0.0744211077024623,-1.3360601248535922,0.23631154468342666,-0.3883505304479072,-0.3718997508453307,-0.4390807922054058,0.19474991064509875,-0.5714802465155033,-0.4493491380544757,0.4578985404427805,0.14233811550826805,-0.3098298062378006,-0.6525648489256477,1.3548778730909667,52.92226028442383
2003-06,0.23631154468342666,-0.3883505304479072,-0.3718997508453307,-0.4390807922054058,0.19474991064509875,-0.5714802465155033,-0.4493491380544757,0.4578985404427805,0.14233811550826805,-0.3098298062378006,-0.6525648489256477,1.3548778730909667,0.13332696476544506,-0.2951510785090848,-0.6624153106258729,-1.3360601248535922,56.77587890625
2003-09,0.19474991064509875,-0.5714802465155033,-0.4493491380544757,0.4578985404427805,0.14233811550826805,-0.3098298062378006,-0.6525648489256477,1.3548778730909667,0.13332696476544506,-0.2951510785090848,-0.6624153106258729,-1.3360601248535922,0.2969988864208088,-0.2378052897222365,-0.4515773677969446,-0.4390807922054058,59.6797981262207
2003-12,0.14233811550826805,-0.3098298062378006,-0.6525648489256477,1.3548778730909667,0.13332696476544506,-0.2951510785090848,-0.6624153106258729,-1.3360601248535922,0.2969988864208088,-0.2378052897222365,-0.4515773677969446,-0.4390807922054058,0.36927199339896394,-0.15604297705450776,-0.370725290922202,0.4578985404427805,59.23478698730469
2004-03,0.13332696476544506,-0.2951510785090848,-0.6624153106258729,-1.3360601248535922,0.2969988864208088,-0.2378052897222365,-0.4515773677969446,-0.4390807922054058,0.36927199339896394,-0.15604297705450776,-0.370725290922202,0.4578985404427805,0.3492267805220708,-0.094430457880891,-0.2998304731143012,1.3548778730909667,56.9700927734375
2004-06,0.2969988864208088,-0.2378052897222365,-0.4515773677969446,-0.4390807922054058,0.36927199339896394,-0.15604297705450776,-0.370725290922202,0.4578985404427805,0.3492267805220708,-0.094430457880891,-0.2998304731143012,1.3548778730909667,0.5592417631405271,-0.10387226918899367,-0.3202100714046618,-1.3360601248535922,55.52988052368164
2004-09,0.36927199339896394,-0.15604297705450776,-0.370725290922202,0.4578985404427805,0.3492267805220708,-0.094430457880891,-0.2998304731143012,1.3548778730909667,0.5592417631405271,-0.10387226918899367,-0.3202100714046618,-1.3360601248535922,0.6250783338738084,-0.15192233708161182,-0.3566769934169542,-0.4390807922054058,63.96919250488281
2004-12,0.3492267805220708,-0.094430457880891,-0.2998304731143012,1.3548778730909667,0.5592417631405271,-0.10387226918899367,-0.3202100714046618,-1.3360601248535922,0.6250783338738084,-0.15192233708161182,-0.3566769934169542,-0.4390807922054058,0.6780418321173413,-0.1824793526631457,-0.4283616832121165,0.4578985404427805,59.4101676940918
2005-03,0.5592417631405271,-0.10387226918899367,-0.3202100714046618,-1.3360601248535922,0.6250783338738084,-0.15192233708161182,-0.3566769934169542,-0.4390807922054058,0.6780418321173413,-0.1824793526631457,-0.4283616832121165,0.4578985404427805,0.4834745364865829,-0.003422281213638766,-0.3307784579042388,1.3548778730909667,48.36883544921875
2005-06,0.6250783338738084,-0.15192233708161182,-0.3566769934169542,-0.4390807922054058,0.6780418321173413,-0.1824793526631457,-0.4283616832121165,0.4578985404427805,0.4834745364865829,-0.003422281213638766,-0.3307784579042388,1.3548778730909667,0.2048644676013284,-0.1001512128024072,-0.30772335202656786,-1.3360601248535922,52.41886901855469
2005-09,0.6780418321173413,-0.1824793526631457,-0.4283616832121165,0.4578985404427805,0.4834745364865829,-0.003422281213638766,-0.3307784579042388,1.3548778730909667,0.2048644676013284,-0.1001512128024072,-0.30772335202656786,-1.3360601248535922,0.03181359313200527,-0.3344154065034897,-0.3046135295123377,-0.4390807922054058,53.84146118164063
2005-12,0.4834745364865829,-0.003422281213638766,-0.3307784579042388,1.3548778730909667,0.2048644676013284,-0.1001512128024072,-0.30772335202656786,-1.3360601248535922,0.03181359313200527,-0.3344154065034897,-0.3046135295123377,-0.4390807922054058,0.011216677148409215,-0.2484857534923363,-0.3205976514030195,0.4578985404427805,54.15393447875977
2006-03,0.2048644676013284,-0.1001512128024072,-0.30772335202656786,-1.3360601248535922,0.03181359313200527,-0.3344154065034897,-0.3046135295123377,-0.4390807922054058,0.011216677148409215,-0.2484857534923363,-0.3205976514030195,0.4578985404427805,0.4810838230242012,-0.21830258368458455,-0.33369444073957405,1.3548778730909667,50.62625503540039
2006-06,0.03181359313200527,-0.3344154065034897,-0.3046135295123377,-0.4390807922054058,0.011216677148409215,-0.2484857534923363,-0.3205976514030195,0.4578985404427805,0.4810838230242012,-0.21830258368458455,-0.33369444073957405,1.3548778730909667,0.6664560668765686,-0.2116728307363636,-0.3225953093656518,-1.3360601248535922,54.21583938598633
2006-09,0.011216677148409215,-0.2484857534923363,-0.3205976514030195,0.4578985404427805,0.4810838230242012,-0.21830258368458455,-0.33369444073957405,1.3548778730909667,0.6664560668765686,-0.2116728307363636,-0.3225953093656518,-1.3360601248535922,0.5524374248245171,-0.286519684549517,-0.2886336471962056,-0.4390807922054058,64.48817443847656
2006-12,0.4810838230242012,-0.21830258368458455,-0.33369444073957405,1.3548778730909667,0.6664560668765686,-0.2116728307363636,-0.3225953093656518,-1.3360601248535922,0.5524374248245171,-0.286519684549517,-0.2886336471962056,-0.4390807922054058,0.4599352039339013,-0.21035939293230665,-0.2260972079799198,0.4578985404427805,62.758338928222656
2007-03,0.6664560668765686,-0.2116728307363636,-0.3225953093656518,-1.3360601248535922,0.5524374248245171,-0.286519684549517,-0.2886336471962056,-0.4390807922054058,0.4599352039339013,-0.21035939293230665,-0.2260972079799198,0.4578985404427805,0.4025580808367405,0.007588970102996759,-0.09095561099065144,1.3548778730909667,70.34824371337889
2007-06,0.5524374248245171,-0.286519684549517,-0.2886336471962056,-0.4390807922054058,0.4599352039339013,-0.21035939293230665,-0.2260972079799198,0.4578985404427805,0.4025580808367405,0.007588970102996759,-0.09095561099065144,1.3548778730909667,0.3567667229803517,-0.02911298868764658,-0.11520596348054947,-1.3360601248535922,79.0149917602539
2007-09,0.4599352039339013,-0.21035939293230665,-0.2260972079799198,0.4578985404427805,0.4025580808367405,0.007588970102996759,-0.09095561099065144,1.3548778730909667,0.3567667229803517,-0.02911298868764658,-0.11520596348054947,-1.3360601248535922,0.5219098529202585,0.1319221912462091,0.16887557239045234,-0.4390807922054058,72.76583099365234
2007-12,0.4025580808367405,0.007588970102996759,-0.09095561099065144,1.3548778730909667,0.3567667229803517,-0.02911298868764658,-0.11520596348054947,-1.3360601248535922,0.5219098529202585,0.1319221912462091,0.16887557239045234,-0.4390807922054058,0.6028263085701016,0.3158047787984825,0.06966271036366592,0.4578985404427805,77.801025390625
2008-03,0.3567667229803517,-0.02911298868764658,-0.11520596348054947,-1.3360601248535922,0.5219098529202585,0.1319221912462091,0.16887557239045234,-0.4390807922054058,0.6028263085701016,0.3158047787984825,0.06966271036366592,0.4578985404427805,0.5369897378368202,0.18321619475545367,-0.0600324203960373,1.3548778730909667,80.41905975341797
2008-06,0.5219098529202585,0.1319221912462091,0.16887557239045234,-0.4390807922054058,0.6028263085701016,0.3158047787984825,0.06966271036366592,0.4578985404427805,0.5369897378368202,0.18321619475545367,-0.0600324203960373,1.3548778730909667,0.7409359862815371,0.29004802712629185,0.10694275146806163,-1.3360601248535922,79.66295623779297
2008-09,0.6028263085701016,0.3158047787984825,0.06966271036366592,0.4578985404427805,0.5369897378368202,0.18321619475545367,-0.0600324203960373,1.3548778730909667,0.7409359862815371,0.29004802712629185,0.10694275146806163,-1.3360601248535922,0.8783100598507021,0.34559492087783245,0.19553395810779492,-0.4390807922054058,57.64291000366211
2008-12,0.5369897378368202,0.18321619475545367,-0.0600324203960373,1.3548778730909667,0.7409359862815371,0.29004802712629185,0.10694275146806163,-1.3360601248535922,0.8783100598507021,0.34559492087783245,0.19553395810779492,-0.4390807922054058,0.7725669643992034,0.3295526556408007,0.640147905712397,0.4578985404427805,66.72296905517578
2009-03,0.7409359862815371,0.29004802712629185,0.10694275146806163,-1.3360601248535922,0.8783100598507021,0.34559492087783245,0.19553395810779492,-0.4390807922054058,0.7725669643992034,0.3295526556408007,0.640147905712397,0.4578985404427805,1.1514030976689211,-0.13764715882855708,1.2840240232986286,1.3548778730909667,72.2840576171875
2009-06,0.8783100598507021,0.34559492087783245,0.19553395810779492,-0.4390807922054058,0.7725669643992034,0.3295526556408007,0.640147905712397,0.4578985404427805,1.1514030976689211,-0.13764715882855708,1.2840240232986286,1.3548778730909667,1.2683641562900596,0.055004657572383465,0.8064348173866044,-1.3360601248535922,83.18540954589844
2009-09,0.7725669643992034,0.3295526556408007,0.640147905712397,0.4578985404427805,1.1514030976689211,-0.13764715882855708,1.2840240232986286,1.3548778730909667,1.2683641562900596,0.055004657572383465,0.8064348173866044,-1.3360601248535922,1.4145654795664797,0.17299439822935134,0.7663166367996062,-0.4390807922054058,91.44586181640624
2009-12,1.1514030976689211,-0.13764715882855708,1.2840240232986286,1.3548778730909667,1.2683641562900596,0.055004657572383465,0.8064348173866044,-1.3360601248535922,1.4145654795664797,0.17299439822935134,0.7663166367996062,-0.4390807922054058,1.711013948901812,0.4042886264251421,0.7154881290621542,0.4578985404427805,89.99532318115234
2010-03,1.2683641562900596,0.055004657572383465,0.8064348173866044,-1.3360601248535922,1.4145654795664797,0.17299439822935134,0.7663166367996062,-0.4390807922054058,1.711013948901812,0.4042886264251421,0.7154881290621542,0.4578985404427805,1.660992867227364,0.5795508273842109,0.6347591229977584,1.3548778730909667,87.0922622680664
2010-06,1.4145654795664797,0.17299439822935134,0.7663166367996062,-0.4390807922054058,1.711013948901812,0.4042886264251421,0.7154881290621542,0.4578985404427805,1.660992867227364,0.5795508273842109,0.6347591229977584,1.3548778730909667,1.6438900709195563,0.5487747166501272,1.4415101830763493,-1.3360601248535922,95.0797119140625
2010-09,1.711013948901812,0.4042886264251421,0.7154881290621542,0.4578985404427805,1.660992867227364,0.5795508273842109,0.6347591229977584,1.3548778730909667,1.6438900709195563,0.5487747166501272,1.4415101830763493,-1.3360601248535922,1.445093051470738,0.4871804081929212,1.562575708720954,-0.4390807922054058,104.48719024658205
2010-12,1.660992867227364,0.5795508273842109,0.6347591229977584,1.3548778730909667,1.6438900709195563,0.5487747166501272,1.4415101830763493,-1.3360601248535922,1.445093051470738,0.4871804081929212,1.562575708720954,-0.4390807922054058,1.2122743404418723,0.6566503063491094,1.41440261026593,0.4578985404427805,116.55889892578124
2011-03,1.6438900709195563,0.5487747166501272,1.4415101830763493,-1.3360601248535922,1.445093051470738,0.4871804081929212,1.562575708720954,-0.4390807922054058,1.2122743404418723,0.6566503063491094,1.41440261026593,0.4578985404427805,1.3113969986129292,0.8562489849733695,1.2465306261696412,1.3548778730909667,123.16856384277344
2011-06,1.445093051470738,0.4871804081929212,1.562575708720954,-0.4390807922054058,1.2122743404418723,0.6566503063491094,1.41440261026593,0.4578985404427805,1.3113969986129292,0.8562489849733695,1.2465306261696412,1.3548778730909667,1.148460681099837,1.112374698574652,1.0784666680562625,-1.3360601248535922,126.09899139404295
2011-09,1.2122743404418723,0.6566503063491094,1.41440261026593,0.4578985404427805,1.3113969986129292,0.8562489849733695,1.2465306261696412,1.3548778730909667,1.148460681099837,1.112374698574652,1.0784666680562625,-1.3360601248535922,1.2001368720943957,1.2526121072562448,1.12918949880181,-0.4390807922054058,133.12913513183594
2011-12,1.3113969986129292,0.8562489849733695,1.2465306261696412,1.3548778730909667,1.148460681099837,1.112374698574652,1.0784666680562625,-1.3360601248535922,1.2001368720943957,1.2526121072562448,1.12918949880181,-0.4390807922054058,1.3079028789371412,1.3147870542891409,1.2650491739245953,0.4578985404427805,151.6508331298828
2012-03,1.148460681099837,1.112374698574652,1.0784666680562625,-1.3360601248535922,1.2001368720943957,1.2526121072562448,1.12918949880181,-0.4390807922054058,1.3079028789371412,1.3147870542891409,1.2650491739245953,0.4578985404427805,1.3820149962709751,1.4639457715355602,1.3595042201515948,1.3548778730909667,142.7468719482422
2012-06,1.2001368720943957,1.2526121072562448,1.12918949880181,-0.4390807922054058,1.3079028789371412,1.3147870542891409,1.2650491739245953,0.4578985404427805,1.3820149962709751,1.4639457715355602,1.3595042201515948,1.3548778730909667,1.4826088627265752,1.8569210530739064,1.3108406578582708,-1.3360601248535922,152.05679321289062
2012-09,1.3079028789371412,1.3147870542891409,1.2650491739245953,0.4578985404427805,1.3820149962709751,1.4639457715355602,1.3595042201515948,1.3548778730909667,1.4826088627265752,1.8569210530739064,1.3108406578582708,-1.3360601248535922,1.482424961691006,1.66800550912482,1.3812542743319145,-0.4390807922054058,141.01681518554688
2012-12,1.3820149962709751,1.4639457715355602,1.3595042201515948,1.3548778730909667,1.4826088627265752,1.8569210530739064,1.3108406578582708,-1.3360601248535922,1.482424961691006,1.66800550912482,1.3812542743319145,-0.4390807922054058,1.4579661239604857,1.8655343172535808,1.2902824109542896,0.4578985404427805,157.68991088867188
2013-03,1.4826088627265752,1.8569210530739064,1.3108406578582708,-1.3360601248535922,1.482424961691006,1.66800550912482,1.3812542743319145,-0.4390807922054058,1.4579661239604857,1.8655343172535808,1.2902824109542896,0.4578985404427805,1.3250056752449482,1.6312988560161683,1.5595337834759233,1.3548778730909667,141.94741821289062
2013-06,1.482424961691006,1.66800550912482,1.3812542743319145,-0.4390807922054058,1.4579661239604857,1.8655343172535808,1.2902824109542896,0.4578985404427805,1.3250056752449482,1.6312988560161683,1.5595337834759233,1.3548778730909667,1.3205920503913202,1.9850523012317347,1.6873485690729946,-1.3360601248535922,138.23045349121094
2013-09,1.4579661239604857,1.8655343172535808,1.2902824109542896,0.4578985404427805,1.3250056752449482,1.6312988560161683,1.5595337834759233,1.3548778730909667,1.3205920503913202,1.9850523012317347,1.6873485690729946,-1.3360601248535922,1.155265019415846,1.6510434813042718,1.6290928955730986,-0.4390807922054058,140.76638793945312
2013-12,1.3250056752449482,1.6312988560161683,1.5595337834759233,1.3548778730909667,1.3205920503913202,1.9850523012317347,1.6873485690729946,-1.3360601248535922,1.155265019415846,1.6510434813042718,1.6290928955730986,-0.4390807922054058,1.014212925135325,1.572180557498679,1.5339433895826209,0.4578985404427805,145.2506866455078
2014-03,1.3205920503913202,1.9850523012317347,1.6873485690729946,-1.3360601248535922,1.155265019415846,1.6510434813042718,1.6290928955730986,-0.4390807922054058,1.014212925135325,1.572180557498679,1.5339433895826209,0.4578985404427805,1.0447404970395842,1.6259855355231478,1.340186067567925,1.3548778730909667,137.58062744140622
2014-06,1.155265019415846,1.6510434813042718,1.6290928955730986,-0.4390807922054058,1.014212925135325,1.572180557498679,1.5339433895826209,0.4578985404427805,1.0447404970395842,1.6259855355231478,1.340186067567925,1.3548778730909667,0.8967001634074848,1.7211290016729421,1.8475669571365112,-1.3360601248535922,144.92958068847656
2014-09,1.014212925135325,1.572180557498679,1.5339433895826209,0.4578985404427805,1.0447404970395842,1.6259855355231478,1.340186067567925,1.3548778730909667,0.8967001634074848,1.7211290016729421,1.8475669571365112,-1.3360601248535922,0.9671342600299616,1.5583931836358782,1.9341680372547183,-0.4390807922054058,123.32952117919922
2014-12,1.0447404970395842,1.6259855355231478,1.340186067567925,1.3548778730909667,0.8967001634074848,1.7211290016729421,1.8475669571365112,-1.3360601248535922,0.9671342600299616,1.5583931836358782,1.9341680372547183,-0.4390807922054058,0.9873633739424224,1.7143160893858882,1.5098895441946711,0.4578985404427805,124.24108123779295
2015-03,0.8967001634074848,1.7211290016729421,1.8475669571365112,-1.3360601248535922,0.9671342600299616,1.5583931836358782,1.9341680372547183,-0.4390807922054058,0.9873633739424224,1.7143160893858882,1.5098895441946711,0.4578985404427805,0.92336581356482,1.2560271426706142,1.38123135893695,1.3548778730909667,126.86603546142578
2015-06,0.9671342600299616,1.5583931836358782,1.9341680372547183,-0.4390807922054058,0.9873633739424224,1.7143160893858882,1.5098895441946711,0.4578985404427805,0.92336581356482,1.2560271426706142,1.38123135893695,1.3548778730909667,0.9739385983459716,1.2753677328639517,1.134573443859595,-1.3360601248535922,114.0074234008789
2015-09,0.9873633739424224,1.7143160893858882,1.5098895441946711,0.4578985404427805,0.92336581356482,1.2560271426706142,1.38123135893695,1.3548778730909667,0.9739385983459716,1.2753677328639517,1.134573443859595,-1.3360601248535922,1.02561478934053,1.3310614454580216,1.3346567136204759,-0.4390807922054058,109.24240112304688
2015-12,0.92336581356482,1.2560271426706142,1.38123135893695,1.3548778730909667,0.9739385983459716,1.2753677328639517,1.134573443859595,-1.3360601248535922,1.02561478934053,1.3310614454580216,1.3346567136204759,-0.4390807922054058,1.102117620136745,1.0582399851783737,1.9551738252598467,0.4578985404427805,121.44861602783205
2016-03,0.9739385983459716,1.2753677328639517,1.134573443859595,-1.3360601248535922,1.02561478934053,1.3310614454580216,1.3346567136204759,-0.4390807922054058,1.102117620136745,1.0582399851783737,1.9551738252598467,0.4578985404427805,1.0004203474677382,0.9571404007145196,1.9458971031118049,1.3548778730909667,122.88780212402344
2016-06,1.02561478934053,1.3310614454580216,1.3346567136204759,-0.4390807922054058,1.102117620136745,1.0582399851783737,1.9551738252598467,0.4578985404427805,1.0004203474677382,0.9571404007145196,1.9458971031118049,1.3548778730909667,1.3296032011341443,1.216119935918653,2.067224020847877,-1.3360601248535922,129.72280883789062
2016-09,1.102117620136745,1.0582399851783737,1.9551738252598467,0.4578985404427805,1.0004203474677382,0.9571404007145196,1.9458971031118049,1.3548778730909667,1.3296032011341443,1.216119935918653,2.067224020847877,-1.3360601248535922,1.2551232817291753,1.246655179577011,1.7102252054050608,-0.4390807922054058,136.7833251953125
2016-12,1.0004203474677382,0.9571404007145196,1.9458971031118049,1.3548778730909667,1.3296032011341443,1.216119935918653,2.067224020847877,-1.3360601248535922,1.2551232817291753,1.246655179577011,1.7102252054050608,-0.4390807922054058,1.2611920159029135,1.391673670213328,1.4236933397558438,0.4578985404427805,144.63392639160156
2017-03,1.3296032011341443,1.216119935918653,2.067224020847877,-1.3360601248535922,1.2551232817291753,1.246655179577011,1.7102252054050608,-0.4390807922054058,1.2611920159029135,1.391673670213328,1.4236933397558438,0.4578985404427805,0.9691571714212079,1.5414768040111333,1.3628272699085722,1.3548778730909667,129.01335144042972
2017-06,1.2551232817291753,1.246655179577011,1.7102252054050608,-0.4390807922054058,1.2611920159029135,1.391673670213328,1.4236933397558438,0.4578985404427805,0.9691571714212079,1.5414768040111333,1.3628272699085722,1.3548778730909667,0.7205229713335091,1.708043185542799,1.2266321320696432,-1.3360601248535922,122.96054077148438
2017-09,1.2611920159029135,1.391673670213328,1.4236933397558438,0.4578985404427805,0.9691571714212079,1.5414768040111333,1.3628272699085722,1.3548778730909667,0.7205229713335091,1.708043185542799,1.2266321320696432,-1.3360601248535922,0.7578548815537774,1.3766210967108303,1.1368471920298076,-0.4390807922054058,131.32865905761722
2017-12,0.9691571714212079,1.5414768040111333,1.3628272699085722,1.3548778730909667,0.7205229713335091,1.708043185542799,1.2266321320696432,-1.3360601248535922,0.7578548815537774,1.3766210967108303,1.1368471920298076,-0.4390807922054058,0.644939645715133,1.24819847709043,0.9797589256338908,0.4578985404427805,132.63032531738278
2018-03,0.7205229713335091,1.708043185542799,1.2266321320696432,-1.3360601248535922,0.7578548815537774,1.3766210967108303,1.1368471920298076,-0.4390807922054058,0.644939645715133,1.24819847709043,0.9797589256338908,0.4578985404427805,0.97228348902586,1.425745030316058,-0.0684713095305752,1.3548778730909667,122.1021957397461
2018-06,0.7578548815537774,1.3766210967108303,1.1368471920298076,-0.4390807922054058,0.644939645715133,1.24819847709043,0.9797589256338908,0.4578985404427805,0.97228348902586,1.425745030316058,-0.0684713095305752,1.3548778730909667,1.0693832358056732,1.4533625125228342,-0.13686090801846648,-1.3360601248535922,133.59014892578122
2018-09,0.644939645715133,1.24819847709043,0.9797589256338908,0.4578985404427805,0.97228348902586,1.425745030316058,-0.0684713095305752,1.3548778730909667,1.0693832358056732,1.4533625125228342,-0.13686090801846648,-1.3360601248535922,0.8071403590859542,1.2299869513145556,-0.13586241672675006,-0.4390807922054058,101.70355224609376
2018-12,0.97228348902586,1.425745030316058,-0.0684713095305752,1.3548778730909667,1.0693832358056732,1.4533625125228342,-0.13686090801846648,-1.3360601248535922,0.8071403590859542,1.2299869513145556,-0.13586241672675006,-0.4390807922054058,0.9336642715566176,1.4737271115340749,-0.17958584026536015,0.4578985404427805,127.71680450439452
2019-03,1.0693832358056732,1.4533625125228342,-0.13686090801846648,-1.3360601248535922,0.8071403590859542,1.2299869513145556,-0.13586241672675006,-0.4390807922054058,0.9336642715566176,1.4737271115340749,-0.17958584026536015,0.4578985404427805,0.6655365616987293,0.7971884751292897,0.4338289346730408,1.3548778730909667,126.3030014038086
2019-06,0.8071403590859542,1.2299869513145556,-0.13586241672675006,-0.4390807922054058,0.9336642715566176,1.4737271115340749,-0.17958584026536015,0.4578985404427805,0.6655365616987293,0.7971884751292897,0.4338289346730408,1.3548778730909667,0.7497632359887929,1.3491122313103772,0.5282021826853452,-1.3360601248535922,134.75993347167972
2019-09,0.9336642715566176,1.4737271115340749,-0.17958584026536015,0.4578985404427805,0.6655365616987293,0.7971884751292897,0.4338289346730408,1.3548778730909667,0.7497632359887929,1.3491122313103772,0.5282021826853452,-1.3360601248535922,0.9327447663787778,1.3191155392386715,0.4642221538374529,-0.4390807922054058,125.68124389648438
2019-12,0.6655365616987293,0.7971884751292897,0.4338289346730408,1.3548778730909667,0.7497632359887929,1.3491122313103772,0.5282021826853452,-1.3360601248535922,0.9327447663787778,1.3191155392386715,0.4642221538374529,-0.4390807922054058,0.8575292428315386,1.4985464564619613,0.24110638111584026,0.4578985404427805,105.09851837158205
2020-03,0.7497632359887929,1.3491122313103772,0.5282021826853452,-1.3360601248535922,0.9327447663787778,1.3191155392386715,0.4642221538374529,-0.4390807922054058,0.8575292428315386,1.4985464564619613,0.24110638111584026,0.4578985404427805,0.7721991623280676,1.30592369627076,0.3834088483858382,1.3548778730909667,115.95575714111328
2020-06,0.9327447663787778,1.3191155392386715,0.4642221538374529,-0.4390807922054058,0.8575292428315386,1.4985464564619613,0.24110638111584026,0.4578985404427805,0.7721991623280676,1.30592369627076,0.3834088483858382,1.3548778730909667,0.7039718781324039,0.8692195475027616,0.4714144480433554,-1.3360601248535922,118.34945678710938
2020-09,0.8575292428315386,1.4985464564619613,0.24110638111584026,0.4578985404427805,0.7721991623280676,1.30592369627076,0.3834088483858382,1.3548778730909667,0.7039718781324039,0.8692195475027616,0.4714144480433554,-1.3360601248535922,0.8205651346824054,1.0995778258115596,0.2504378455428561,-0.4390807922054058,122.70037078857422
