,CashandEquivalents,ShortTermInvestments,CashandShortTermInvestments,AccountsReceivable,TotalReceivables,Inventories,PrepaidExpenses,OtherCurrentAssets,TotalCurrentAssets,Properties,LandandImprovements,BuildingsandImprovements,"Machine,Furniture&Equipment",OtherProperties,GrossPP&E,AccumulatedD&A,NetPP&E,Goodwill,OtherIntangibleAssets,GoodwillandIntangibles,LongTermInvestments,OtherLongTermAssets,TotalLongTermAssets,TotalAssets,,AccountsPayable,DividendsPayable,CurrentTaxPayable,TotalPayables,AccruedExpenses,PayablesandAccruedExpenses,NotesPayable,OtherCurrentBorrowings,CurrentPortionofLongTermDebt,CurrentCapitalLeaseObligation,CurrentDebt&CapitalLeaseObligation,OtherCurrentLiability,TotalCurrentLiabilities,Non-CurrentPortionofLongTermDebt,LongTermCapLeaseObligation,Non-CurrentPortionofLTDandCapitalLeaseObligation,LongTermDeferredTaxLiabilities,Non-CurrentDeferredRevenue,Non-CurrentDeferredLiabilities,MinorityInterestOwnership,OtherLongTermLiabilities,TotalLongTermLiabilities,TotalLiabilities,,TotalCapitalStock,RetainedEarnings,AdditionalPaidInCapital,TreasuryStock,PreferredStock,AccruedComprehensiveInc,ShareholdersEquity,,AsOriginallyReported,Restated
2020-12,3.449B,,3.449B,2.110B,2.110B,,,683.80M,6.243B,,,,,38.79B,38.79B,,38.79B,,,,,7.598B,46.38B,52.63B,,,,,,,,,,,,,,6.181B,35.20B,13.32B,48.52B,2.026B,,2.026B,,3.727B,54.27B,60.45B,,,,,,,,-7.825B,,AOR,
2020-09,3.684B,,3.684B,2.392B,2.392B,44.20M,616.30M,,6.736B,,,,,53.36B,53.36B,-15.87B,37.49B,2.716B,,2.716B,1.283B,2.470B,43.96B,50.70B,,689.00M,,620.60M,1.310B,1.564B,2.873B,,2.689B,2.689B,718.20M,3.407B,,6.280B,35.14B,12.74B,47.88B,1.423B,679.80M,2.103B,,951.50M,52.89B,59.17B,,16.60M,53.49B,7.855B,67.08B,,-2.759B,-8.472B,,AOR,
2020-06,3.256B,,3.256B,2.853B,2.853B,42.60M,458.50M,,6.609B,,,,,52.14B,52.14B,-15.31B,36.83B,2.672B,,2.672B,1.278B,2.547B,43.33B,49.94B,,538.40M,,550.20M,1.089B,1.390B,2.478B,,4.087B,4.087B,681.20M,4.768B,,7.246B,34.68B,12.48B,47.15B,1.549B,664.20M,2.213B,,916.70M,52.16B,59.40B,,16.60M,52.66B,7.78B,67.11B,,-2.806B,-9.463B,,AOR,
2020-03,5.380B,,5.380B,1.695B,1.695B,39.10M,442.70M,,7.557B,,,,,51.38B,51.38B,-14.76B,36.63B,2.627B,,2.627B,1.277B,2.481B,43.01B,50.57B,,671.90M,,443.50M,1.115B,1.078B,2.193B,,1.106B,1.106B,688.60M,1.795B,,3.988B,38.05B,12.47B,50.52B,1.650B,655.00M,2.305B,,893.90M,55.87B,59.86B,,16.60M,53.11B,7.714B,67.13B,,-2.996B,-9.293B,,AOR,
2019-12,898.50M,,898.50M,2.224B,2.224B,50.20M,385.00M,,3.558B,0.00,6.026B,29.61B,2.994B,13.68B,52.31B,-14.89B,37.42B,2.677B,,2.677B,1.270B,2.584B,43.95B,47.51B,,988.20M,,579.20M,1.567B,1.374B,2.941B,,59.10M,59.10M,621.00M,680.10M,,3.621B,34.12B,12.76B,46.88B,1.318B,660.60M,1.979B,,979.60M,52.10B,55.72B,,16.60M,52.93B,7.654B,66.33B,,-2.483B,-8.210B,,AOR,
2019-09,1.177B,,1.177B,2.005B,2.005B,42.60M,379.70M,,3.605B,,,,,50.21B,50.21B,-14.42B,35.79B,2.542B,,2.542B,1.245B,2.622B,42.20B,45.80B,,849.50M,934.00M,526.00M,2.310B,1.263B,3.572B,,,,703.30M,703.30M,,4.276B,32.85B,11.88B,44.73B,1.560B,640.10M,2.201B,,976.50M,50.13B,54.40B,,16.60M,51.36B,7.620B,64.93B,,-2.663B,-8.599B,,AOR,Restated
2019-06,1.134B,,1.134B,2.055B,2.055B,44.20M,681.70M,,3.915B,,,,,50.72B,50.72B,-14.69B,36.03B,2.580B,,2.580B,1.227B,2.450B,42.28B,46.20B,,796.80M,,508.70M,1.306B,1.191B,2.497B,,,,743.40M,743.40M,,3.24B,32.65B,11.90B,44.55B,1.358B,639.60M,1.998B,,939.20M,49.77B,53.01B,,16.60M,51.56B,7.550B,63.44B,,-2.497B,-6.809B,,AOR,Restated
2019-03,2.289B,,2.289B,1.993B,1.993B,40.80M,641.80M,,4.964B,,,,,50.10B,50.10B,-14.49B,35.61B,2.318B,,2.318B,1.190B,2.386B,41.50B,46.47B,,823.60M,,592.10M,1.416B,1.196B,2.612B,,,,767.90M,767.90M,,3.380B,32.89B,11.63B,44.52B,1.331B,629.80M,1.961B,,1.017B,49.64B,53.02B,,16.60M,50.93B,7.438B,62.41B,,-2.520B,-6.551B,,AOR,Restated
2018-12,866.00M,,866.00M,2.442B,2.442B,51.10M,694.60M,,4.053B,0.00,5.521B,28.24B,2.943B,488.60M,37.19B,-14.35B,22.84B,2.332B,,2.332B,1.203B,2.381B,28.76B,32.81B,,1.208B,,482.00M,1.690B,1.284B,2.974B,,,,0.00,0.00,,2.974B,31.08B,0.00,31.08B,1.216B,627.80M,1.843B,,1.096B,36.10B,39.07B,,16.60M,50.49B,7.376B,61.53B,,-2.610B,-6.258B,,AOR,Restated
2018-09,2.574B,,2.574B,2.267B,2.267B,41.90M,669.90M,,5.553B,,,,,36.95B,36.95B,-14.33B,22.61B,2.345B,,2.345B,1.136B,2.406B,28.50B,34.05B,,932.80M,888.00M,416.40M,2.237B,1.390B,3.627B,,,,,,,3.627B,31.90B,,31.90B,1.202B,617.00M,1.819B,,1.129B,37.22B,40.85B,,16.60M,49.08B,7.257B,60.63B,,-2.508B,-6.793B,,AOR,Restated
2018-06,1.624B,,1.624B,2.217B,2.217B,49.60M,465.30M,,4.356B,,,,,36.58B,36.58B,-14.22B,22.36B,2.347B,,2.347B,1.128B,2.517B,28.35B,32.71B,,917.90M,,490.30M,1.408B,1.270B,2.678B,,,292.20M,,292.20M,,2.970B,30.69B,,30.69B,1.173B,606.70M,1.780B,,1.135B,35.59B,38.56B,,16.60M,49.11B,7.195B,59.73B,,-2.435B,-5.851B,,AOR,Restated
2018-03,2.468B,,2.468B,1.952B,1.952B,53.80M,435.90M,,4.909B,,,,,37.16B,37.16B,-14.46B,22.70B,2.405B,,2.405B,1.147B,2.557B,28.81B,33.72B,,779.90M,,770.70M,1.551B,1.271B,2.821B,,,,,,,2.821B,30.87B,,30.87B,979.90M,607.40M,1.587B,,1.154B,35.62B,38.44B,,16.60M,48.40B,7.122B,58.11B,,-2.146B,-4.719B,,AOR,Restated
2017-12,2.464B,,2.464B,1.976B,1.976B,58.80M,828.40M,,5.327B,0.00,5.662B,27.29B,3.166B,512.40M,36.63B,-14.18B,22.45B,2.380B,,2.380B,1.086B,2.563B,28.48B,33.80B,,924.80M,,541.20M,1.466B,1.425B,2.891B,,,,,,,2.891B,29.54B,,29.54B,1.119B,0.00,1.119B,,1.154B,34.18B,37.07B,,16.60M,48.33B,7.072B,56.50B,,-2.178B,-3.268B,,AOR,Restated
2017-09,2.671B,,2.671B,1.569B,1.569B,54.20M,495.90M,,4.790B,,,,,36.04B,36.04B,-14.06B,21.98B,2.373B,,2.373B,999.80M,2.418B,27.77B,32.56B,,685.20M,797.40M,639.40M,2.122B,1.402B,3.524B,,,215.80M,,215.80M,,3.740B,28.40B,,28.40B,1.602B,,1.602B,,2.292B,32.30B,36.04B,,16.60M,47.63B,6.994B,55.88B,,-2.237B,-3.478B,,AOR,Restated
2017-06,2.392B,,2.392B,1.457B,1.457B,56.70M,597.50M,,5.892B,,,,,35.40B,35.40B,-13.71B,21.69B,2.345B,,2.345B,779.70M,2.078B,26.89B,32.79B,,536.00M,,497.80M,1.034B,1.172B,2.205B,,,209.90M,,209.90M,328.00M,2.743B,28.15B,,28.15B,1.662B,,1.662B,,2.230B,32.04B,34.79B,,16.60M,47.30B,6.917B,53.75B,,-2.486B,-2.001B,,AOR,Restated
2017-03,2.412B,,2.412B,1.337B,1.337B,56.80M,552.00M,,5.907B,,,,,34.45B,34.45B,-13.24B,21.21B,2.299B,,2.299B,766.50M,1.933B,26.21B,32.12B,,678.40M,,772.70M,1.451B,1.155B,2.606B,,,222.90M,,222.90M,391.90M,3.221B,26.98B,,26.98B,1.807B,,1.807B,,2.139B,30.93B,34.15B,,16.60M,46.67B,6.810B,52.82B,,-2.705B,-2.031B,,AOR,Restated
2016-12,1.223B,,1.223B,1.474B,1.474B,58.90M,565.20M,,4.849B,0.00,5.465B,25.21B,3.271B,500.40M,34.44B,-13.19B,21.26B,2.336B,,2.336B,725.90M,1.855B,26.18B,31.02B,,756.00M,,533.50M,1.290B,1.407B,2.696B,,,77.20M,,77.20M,694.80M,3.468B,25.88B,,25.88B,1.817B,,1.817B,,1.054B,29.76B,33.23B,,16.60M,46.22B,6.758B,52.11B,,-3.093B,-2.204B,,AOR,Restated
2016-09,2.267B,,2.267B,1.350B,1.350B,90.50M,595.10M,,4.302B,,,,,37.93B,37.93B,-14.95B,22.99B,2.505B,,2.505B,878.00M,1.816B,28.18B,32.49B,,852.20M,772.90M,856.60M,2.482B,1.995B,4.477B,,,,,,,4.477B,26.01B,,26.01B,1.379B,,1.379B,,2.248B,29.63B,34.11B,,16.60M,45.03B,6.713B,50.76B,,-2.623B,-1.624B,,AOR,Restated
2016-06,3.128B,,3.128B,1.267B,1.267B,87.40M,564.10M,,5.047B,,,,,37.81B,37.81B,-14.96B,22.85B,2.499B,,2.499B,852.10M,1.899B,28.10B,33.15B,,574.60M,,521.40M,1.096B,1.571B,2.667B,,,,,,,2.667B,26.01B,,26.01B,1.621B,,1.621B,,2.208B,29.84B,32.51B,,16.60M,45.27B,6.138B,48.11B,,-2.675B,640.00M,,AOR,Restated
2016-03,3.310B,,3.310B,1.162B,1.162B,93.70M,485.70M,,5.052B,,,,,38.43B,38.43B,-15.01B,23.42B,2.570B,,2.570B,820.10M,1.932B,28.74B,33.80B,,654.50M,,641.20M,1.296B,1.563B,2.859B,,,,,,,2.859B,23.35B,,23.35B,1.660B,,1.660B,,2.061B,27.07B,29.93B,,16.60M,44.91B,6.089B,44.75B,,-2.403B,3.863B,,AOR,Restated
2015-12,7.686B,,7.686B,1.299B,1.299B,100.10M,558.70M,,9.643B,0.00,5.582B,26.90B,4.658B,546.80M,37.69B,-14.57B,23.12B,2.516B,,2.516B,792.70M,1.869B,28.30B,37.94B,,874.70M,,463.80M,1.338B,1.612B,2.950B,,,,,,,2.950B,24.12B,,24.12B,1.704B,,1.704B,,2.074B,27.90B,30.85B,,16.60M,44.59B,6.533B,41.18B,,-2.880B,7.088B,,AOR,Restated
2015-09,2.452B,,2.452B,1.136B,1.136B,99.30M,804.60M,,4.493B,,,,,37.87B,37.87B,-14.63B,23.24B,2.582B,,2.582B,846.70M,1.799B,28.47B,32.96B,,802.60M,,505.70M,1.308B,1.648B,2.956B,,,,,,,2.956B,17.99B,,17.99B,1.631B,,1.631B,,2.072B,21.69B,24.65B,,16.60M,44.20B,6.418B,39.72B,,-2.608B,8.310B,,AOR,Restated
2015-06,3.998B,,3.998B,1.179B,1.179B,102.30M,692.80M,,5.972B,,,,,38.39B,38.39B,-14.70B,23.69B,2.628B,,2.628B,860.30M,1.797B,28.98B,34.95B,,840.10M,,411.00M,1.251B,1.510B,2.761B,,,,,,,2.761B,17.90B,,17.90B,1.612B,,1.612B,,2.112B,21.63B,24.39B,,16.60M,43.68B,6.363B,37.39B,,-2.11B,10.56B,,AOR,Restated
2015-03,1.635B,,1.635B,1.092B,1.092B,98.80M,767.40M,,3.593B,,,,,37.55B,37.55B,-14.25B,23.30B,2.594B,,2.594B,900.50M,1.767B,28.56B,32.16B,,702.00M,,689.10M,1.391B,1.361B,2.752B,,,,,,,2.752B,14.29B,,14.29B,1.711B,,1.711B,,1.998B,18.00B,20.75B,,16.60M,43.29B,6.312B,35.73B,,-2.482B,11.40B,,AOR,Restated
2014-12,2.078B,,2.078B,1.214B,1.214B,110.00M,783.20M,,4.186B,0.00,5.788B,27.61B,5.114B,617.50M,39.13B,-14.57B,24.56B,2.735B,,2.735B,1.004B,1.745B,30.04B,34.23B,,860.10M,,496.80M,1.357B,1.391B,2.748B,,,,,,,2.748B,14.94B,,14.94B,1.624B,,1.624B,,2.066B,18.63B,21.37B,,16.60M,43.29B,6.239B,35.18B,,-1.520B,12.85B,,AOR,Restated
2014-09,2.826B,407.50M,3.233B,1.227B,1.227B,105.00M,645.40M,,5.210B,,,,,39.80B,39.80B,-14.82B,24.99B,2.811B,,2.811B,1.106B,1.908B,30.81B,36.02B,,847.30M,815.50M,495.00M,2.158B,1.408B,3.566B,,,613.30M,,613.30M,,4.180B,14.52B,,14.52B,1.523B,,1.523B,,2.175B,18.22B,22.39B,,16.60M,42.20B,6.188B,34.18B,,-596.30M,13.63B,,AOR,Restated
2014-06,3.671B,,3.671B,1.294B,1.294B,110.70M,837.90M,,5.914B,,,,,41.01B,41.01B,-15.13B,25.88B,2.902B,,2.902B,1.232B,1.856B,31.87B,37.78B,,965.10M,,506.30M,1.471B,1.381B,2.852B,,,539.20M,,539.20M,,3.392B,14.89B,,14.89B,1.574B,,1.574B,,1.768B,18.23B,21.63B,,16.60M,42.74B,6.137B,33.29B,,551.90M,16.15B,,AOR,Restated
2014-03,2.744B,,2.744B,1.230B,1.230B,106.20M,756.60M,,4.836B,,,,,40.50B,40.50B,-14.85B,25.65B,2.892B,,2.892B,1.224B,1.768B,31.53B,36.37B,,828.10M,,821.20M,1.649B,1.350B,3.000B,,,101.40M,,101.40M,,3.101B,13.83B,,13.83B,1.588B,,1.588B,,1.707B,17.12B,20.22B,,16.60M,42.15B,6.063B,32.53B,,444.30M,16.15B,,AOR,Restated
2013-12,2.799B,,2.799B,1.320B,1.320B,123.70M,807.90M,,5.050B,0.00,5.849B,28.54B,5.377B,588.70M,40.36B,-14.61B,25.75B,2.873B,,2.873B,1.209B,1.747B,31.58B,36.63B,,1.086B,,598.60M,1.685B,1.485B,3.17B,,,,,,,3.17B,14.13B,,14.13B,1.648B,,1.648B,,1.669B,17.45B,20.62B,,16.60M,41.75B,5.994B,32.18B,,427.60M,16.01B,,AOR,Restated
2013-09,2.544B,,2.544B,1.285B,1.285B,113.10M,791.40M,,4.734B,,,,,39.49B,39.49B,-14.41B,25.08B,2.854B,,2.854B,1.262B,1.619B,30.82B,35.55B,,858.30M,803.00M,704.70M,2.366B,1.456B,3.822B,,,,,,,3.822B,13.49B,,13.49B,1.520B,,1.520B,,1.556B,16.56B,20.39B,,16.60M,40.35B,5.963B,31.69B,,516.60M,15.16B,,AOR,Restated
2013-06,2.278B,,2.278B,1.302B,1.302B,107.80M,944.00M,,4.632B,,,,,38.18B,38.18B,-13.90B,24.28B,2.779B,,2.779B,1.240B,1.522B,29.82B,34.45B,,805.20M,,659.80M,1.465B,1.34B,2.805B,,,,,,,2.805B,13.37B,,13.37B,1.611B,,1.611B,,1.497B,16.48B,19.28B,,16.60M,40.40B,5.921B,31.20B,,29.20M,15.17B,,AOR,Restated
2013-03,1.869B,,1.869B,1.23B,1.23B,105.20M,986.70M,,4.191B,,,,,38.10B,38.10B,-13.81B,24.29B,2.790B,,2.790B,1.290B,1.563B,29.93B,34.12B,,831.60M,,896.50M,1.728B,1.289B,3.017B,,,,,,,3.017B,12.80B,,12.80B,1.638B,,1.638B,,1.442B,15.88B,18.90B,,16.60M,39.78B,5.853B,30.81B,,393.80M,15.23B,,AOR,Restated
2012-12,2.336B,,2.336B,1.375B,1.375B,121.70M,1.089B,,4.922B,0.00,5.613B,27.06B,5.241B,577.70M,38.49B,-13.81B,24.68B,2.804B,,2.804B,1.380B,1.603B,30.46B,35.39B,,1.142B,,669.40M,1.811B,1.592B,3.403B,,,,,,,3.403B,13.63B,,13.63B,1.531B,,1.531B,,1.526B,16.69B,20.09B,,16.60M,39.28B,5.779B,30.58B,,796.40M,15.29B,,AOR,Restated
2012-09,2.178B,,2.178B,,1.277B,109.10M,643.00M,,4.208B,,,,,,37.32B,-13.57B,23.75B,2.744B,,2.744B,1.460B,1.660B,29.62B,33.82B,,833.60M,770.00M,498.20M,2.102B,158.10M,2.260B,,,512.10M,,512.10M,,4.151B,12.75B,,12.75B,1.48B,,1.48B,,1.557B,15.79B,19.94B,,16.60M,37.88B,5.689B,30.31B,,609.50M,13.88B,,AOR,Restated
2012-06,2.485B,,2.485B,,1.291B,111.70M,613.20M,,4.500B,,,,,,36.32B,-13.26B,23.07B,2.681B,,2.681B,1.411B,1.673B,28.83B,33.33B,,823.40M,,576.10M,1.400B,183.90M,1.583B,,,852.90M,,852.90M,,3.622B,12.72B,,12.72B,1.406B,,1.406B,,1.548B,15.68B,19.30B,,16.60M,37.90B,5.620B,29.79B,,284.80M,14.04B,,AOR,Restated
2012-03,2.289B,,2.289B,,1.234B,111.70M,619.60M,,4.255B,,,,,,36.62B,-13.32B,23.30B,2.719B,,2.719B,1.366B,1.690B,29.08B,33.33B,,708.30M,,852.70M,1.561B,156.40M,1.717B,,,724.20M,,724.20M,,3.646B,12.06B,,12.06B,1.396B,,1.396B,,1.575B,15.03B,18.67B,,16.60M,37.26B,5.564B,28.98B,,799.20M,14.66B,,AOR,Restated
2011-12,2.336B,,2.336B,1.335B,1.335B,116.80M,615.80M,,4.403B,0.00,5.328B,25.10B,4.757B,550.40M,35.74B,-12.90B,22.83B,2.653B,,2.653B,1.427B,1.672B,28.59B,32.99B,,961.30M,,600.30M,1.562B,1.581B,3.143B,,,366.60M,,366.60M,,3.509B,12.13B,,12.13B,1.344B,,1.344B,,1.613B,15.09B,18.60B,,16.60M,36.71B,5.487B,28.27B,,449.70M,14.39B,,AOR,Restated
2011-09,2.389B,,2.389B,,1.204B,115.00M,714.20M,,4.422B,,,,,,35.22B,-12.88B,22.34B,2.638B,,2.638B,1.392B,1.487B,27.86B,32.28B,,750.10M,715.90M,564.70M,2.031B,155.90M,2.187B,,,1.542B,,1.542B,,5.078B,10.99B,,10.99B,1.352B,,1.352B,,1.521B,13.86B,18.94B,,16.60M,35.33B,5.430B,27.99B,,548.50M,13.34B,,AOR,Restated
2011-06,2.07B,,2.07B,1.249B,1.249B,115.00M,591.30M,,4.025B,,,,,,36.23B,-13.21B,23.02B,2.725B,,2.725B,1.356B,1.711B,28.81B,32.83B,,709.90M,,545.70M,1.256B,177.00M,1.433B,,,1.219B,,1.219B,,3.949B,11.06B,,11.06B,1.320B,,1.320B,,1.548B,13.93B,17.88B,,16.60M,35.16B,5.362B,27.14B,,1.544B,14.95B,,AOR,Restated
2011-03,1.940B,,1.940B,,1.160B,111.50M,612.50M,,3.824B,,,,,,35.58B,-12.93B,22.64B,2.670B,,2.670B,1.318B,1.624B,28.26B,32.08B,,700.90M,,676.40M,1.377B,1.360B,2.738B,,,1.516B,,1.516B,,4.254B,10.52B,,10.52B,1.304B,,1.304B,,1.544B,13.37B,17.63B,,16.60M,34.39B,5.260B,26.46B,,1.254B,14.45B,,AOR,Restated
2010-12,2.387B,,2.387B,,1.179B,109.90M,692.50M,,4.368B,0.00,5.200B,24.13B,4.608B,542.00M,34.48B,-12.42B,22.06B,2.586B,,2.586B,1.335B,1.625B,27.61B,31.98B,,943.90M,,386.90M,1.331B,1.586B,2.916B,,,8.30M,,8.30M,,2.925B,11.50B,,11.50B,1.332B,,1.332B,,1.587B,14.42B,17.34B,,16.60M,33.81B,5.196B,25.14B,,752.90M,14.63B,,AOR,Restated
2010-09,2.495B,,2.495B,1.014B,1.014B,103.60M,564.30M,,4.176B,,,,,,33.76B,-12.28B,21.48B,2.522B,,2.522B,1.296B,1.697B,26.99B,31.17B,,596.50M,643.40M,378.30M,1.618B,1.569B,3.187B,,,78.90M,,78.90M,,3.266B,11.36B,,11.36B,1.337B,,1.337B,,1.570B,14.26B,17.53B,,16.60M,32.57B,5.108B,24.76B,,703.80M,13.64B,,AOR,Restated
2010-06,1.666B,,1.666B,964.10M,964.10M,94.40M,442.50M,,3.166B,,,,,,31.90B,-11.60B,20.29B,2.414B,,2.414B,1.212B,1.590B,25.51B,28.68B,,578.00M,,273.20M,851.20M,1.397B,2.248B,,,334.90M,,334.90M,,2.583B,10.29B,,10.29B,1.245B,,1.245B,,1.425B,12.96B,15.54B,,16.60M,32.41B,5.029B,24.04B,,-278.90M,13.13B,,AOR,Restated
2010-03,2.007B,,2.007B,,930.00M,99.30M,435.70M,,3.472B,,,,,,32.92B,-11.85B,21.07B,2.471B,,2.471B,1.157B,1.655B,26.35B,29.83B,,472.10M,,624.90M,1.097B,1.454B,2.551B,,,18.10M,,18.10M,,2.569B,10.48B,,10.48B,1.248B,,1.248B,,1.409B,13.14B,15.71B,,16.60M,31.77B,4.961B,23.14B,,512.90M,14.12B,,AOR,Restated
2009-12,1.796B,,1.796B,,1.060B,106.20M,453.70M,,3.416B,0.00,5.048B,23.47B,4.423B,502.40M,33.44B,-11.91B,21.53B,2.425B,,2.425B,1.213B,1.639B,26.81B,30.22B,,636.00M,,479.80M,1.116B,1.855B,2.971B,,,18.10M,,18.10M,,2.989B,10.56B,,10.56B,1.279B,,1.279B,,1.363B,13.20B,16.19B,,16.60M,31.27B,4.854B,22.85B,,747.40M,14.03B,,AOR,Restated
2009-09,2.201B,,2.201B,,879.40M,106.80M,415.60M,,3.603B,,,,,,33.20B,-11.85B,21.35B,2.408B,,2.408B,1.229B,1.482B,26.47B,30.07B,,515.60M,591.70M,407.50M,1.515B,1.601B,3.116B,,,424.30M,,424.30M,,3.540B,10.66B,,10.66B,1.136B,,1.136B,,1.548B,13.34B,16.88B,,16.60M,30.06B,4.744B,22.52B,,892.10M,13.19B,,AOR,Restated
2009-06,2.161B,,2.161B,,930.50M,102.60M,403.30M,,3.597B,,,,,,32.21B,-11.46B,20.75B,2.339B,,2.339B,1.129B,1.387B,25.61B,29.21B,,489.80M,,360.20M,850.00M,1.486B,2.336B,50.00M,457.60M,507.60M,,507.60M,,2.844B,10.49B,,10.49B,1.086B,,1.086B,,1.540B,13.12B,15.96B,,16.60M,29.93B,4.698B,21.79B,,395.20M,13.24B,,AOR,Restated
2009-03,1.979B,,1.979B,,903.40M,99.20M,469.10M,,3.450B,,,,,,30.56B,-10.81B,19.75B,2.198B,,2.198B,1.102B,1.306B,24.36B,27.81B,,488.80M,,422.80M,911.60M,1.282B,2.194B,,,19.00M,,19.00M,,2.213B,10.42B,,10.42B,1.012B,,1.012B,,1.482B,12.91B,15.13B,,16.60M,29.38B,4.636B,21.05B,,,12.68B,,AOR,Restated
2008-12,2.063B,,2.063B,,931.20M,111.50M,411.50M,,3.518B,0.00,4.690B,21.74B,4.205B,516.80M,31.15B,-10.90B,20.25B,2.237B,,2.237B,1.222B,1.230B,24.94B,28.46B,,620.40M,,252.70M,873.10M,1.633B,2.506B,,,31.80M,,31.80M,,2.538B,10.19B,,10.19B,944.90M,,944.90M,,1.410B,12.54B,15.08B,,16.60M,28.95B,4.600B,20.29B,,101.30M,13.38B,,AOR,Restated
2008-09,1.487B,,1.487B,856.80M,856.80M,114.70M,352.90M,,2.812B,,,,,,31.87B,-11.27B,20.60B,2.272B,,2.272B,,2.454B,25.32B,28.13B,,481.00M,,,481.00M,1.556B,2.037B,,,18.00M,,18.00M,813.60M,2.868B,9.861B,,9.861B,990.60M,,990.60M,,1.363B,12.21B,15.08B,,16.60M,27.97B,4.522B,20.22B,,763.60M,13.05B,,,Restated
2008-06,2.342B,,2.342B,1.031B,1.031B,115.10M,395.10M,,3.883B,,,,,,33.59B,-11.85B,21.74B,2.382B,,2.382B,,2.514B,26.64B,30.52B,,601.40M,,,601.40M,1.514B,2.116B,372.40M,249.00M,621.40M,,621.40M,287.90M,3.025B,10.44B,,10.44B,1.045B,,1.045B,,1.390B,12.87B,15.90B,,16.60M,27.75B,4.396B,19.36B,,1.813B,14.62B,,,Restated
2008-03,2.922B,,2.922B,895.90M,895.90M,114.50M,393.00M,,4.326B,,,,,,33.45B,-11.86B,21.59B,2.372B,,2.372B,,2.636B,26.60B,30.92B,,579.60M,,,579.60M,1.488B,2.067B,1.07B,220.30M,1.290B,,1.290B,325.70M,3.683B,10.44B,,10.44B,1.018B,,1.018B,,1.363B,12.82B,16.51B,,16.60M,26.98B,4.309B,18.67B,,1.776B,14.41B,,,Restated
2007-12,1.981B,,1.981B,,1.054B,125.30M,421.50M,,3.582B,0.00,4.837B,22.27B,4.558B,539.70M,32.20B,-11.22B,20.98B,2.301B,,2.301B,1.156B,1.367B,25.81B,29.39B,,624.10M,,248.00M,872.10M,1.635B,2.507B,1.127B,864.50M,1.991B,,1.991B,,4.498B,7.31B,,7.31B,960.90M,,960.90M,,1.342B,9.613B,14.11B,,16.60M,26.46B,4.227B,16.76B,,1.337B,15.28B,,,Restated
2007-09,2.992B,,2.992B,788.00M,788.00M,117.00M,547.00M,,4.444B,,,,,,31.66B,-11.17B,20.49B,2.290B,,2.290B,,2.448B,25.23B,29.67B,,624.20M,,,624.20M,1.478B,2.102B,,,61.20M,,61.20M,2.046B,4.209B,7.686B,,7.686B,953.60M,,953.60M,,1.857B,10.50B,14.71B,,16.60M,25.17B,4.108B,15.56B,,1.226B,14.97B,,,
2007-06,2.142B,,2.142B,784.60M,784.60M,120.20M,379.20M,935.30M,4.361B,,,,,,31.02B,-10.92B,20.11B,2.198B,,2.198B,,2.329B,24.63B,28.99B,,516.70M,,,516.70M,1.340B,1.857B,,,288.20M,,288.20M,1.284B,3.430B,7.886B,,7.886B,941.60M,,941.60M,,1.652B,10.48B,13.91B,,16.60M,25.88B,3.957B,14.83B,,63.60M,15.09B,,,
2007-03,2.438B,,2.438B,848.00M,848.00M,143.70M,449.30M,,3.879B,,,,,,32.16B,-11.19B,20.98B,2.254B,,2.254B,,2.365B,25.59B,29.47B,,669.20M,,,669.20M,1.384B,2.053B,,,613.50M,,613.50M,397.60M,3.064B,8.200B,,8.200B,971.10M,,971.10M,,1.471B,10.64B,13.71B,,16.60M,26.59B,3.731B,14.37B,,-201.50M,15.77B,,,
2006-12,2.128B,,2.128B,806.90M,806.90M,112.40M,318.60M,1.826B,5.192B,,,,,,29.72B,-10.28B,19.44B,2.074B,,2.074B,,2.271B,23.78B,28.97B,,668.70M,,,668.70M,1.460B,2.128B,,,17.70M,,17.70M,805.70M,2.952B,8.390B,,8.390B,1.076B,,1.076B,,1.098B,10.56B,13.52B,,16.60M,25.85B,3.445B,13.55B,,-296.70M,15.46B,,,
2006-09,4.283B,,4.283B,812.50M,812.50M,144.50M,596.00M,,5.836B,,,,,,31.36B,-10.83B,20.53B,2.156B,,2.156B,,2.311B,24.99B,30.83B,,603.40M,,,603.40M,1.579B,2.182B,165.00M,454.20M,619.20M,,619.20M,1.775B,4.576B,8.569B,,8.569B,1.003B,,1.003B,,1.154B,10.73B,15.30B,,16.60M,24.59B,3.228B,11.86B,,-445.70M,15.53B,,,
2006-06,3.290B,,3.290B,858.00M,858.00M,141.90M,570.70M,,4.861B,,,,,,31.24B,-10.70B,20.54B,2.126B,,2.126B,,2.247B,24.91B,29.77B,,556.70M,,,556.70M,1.436B,1.993B,553.20M,601.90M,1.155B,,1.155B,444.10M,3.592B,8.351B,,8.351B,1.024B,,1.024B,,1.167B,10.54B,14.13B,,16.60M,24.98B,3.089B,12.00B,,-439.60M,15.64B,,,
2006-03,3.803B,,3.803B,742.40M,742.40M,138.50M,584.30M,,5.268B,,,,,,30.38B,-10.32B,20.06B,2.043B,,2.043B,,2.226B,24.33B,29.60B,,586.30M,,,586.30M,1.334B,1.921B,529.10M,673.40M,1.202B,,1.202B,573.50M,3.697B,8.709B,,8.709B,965.00M,,965.00M,,1.064B,10.74B,14.43B,,16.60M,24.14B,2.977B,11.26B,,-712.30M,15.17B,,,
2005-12,4.261B,,4.261B,793.90M,793.90M,144.30M,640.20M,380.00M,6.219B,0.00,4.481B,20.03B,4.398B,576.40M,29.48B,-9.909B,19.57B,1.924B,,1.924B,,2.272B,23.77B,29.99B,,678.00M,,,678.00M,1.317B,1.995B,544.00M,658.50M,1.202B,,1.202B,910.60M,4.108B,8.934B,,8.934B,949.20M,,949.20M,,851.50M,10.74B,14.84B,,16.60M,23.52B,2.720B,10.37B,,-733.10M,15.15B,,,
2005-09,2.297B,,2.297B,755.40M,755.40M,141.70M,607.60M,,3.802B,,,,,,29.69B,-9.936B,19.75B,,1.935B,1.935B,,2.355B,24.04B,27.84B,,524.10M,,,524.10M,1.31B,1.834B,,,714.70M,,714.70M,1.586B,4.135B,7.350B,,7.350B,939.00M,,939.00M,,903.50M,9.193B,13.33B,,16.60M,22.91B,2.662B,10.40B,,-673.80M,14.52B,,,
2005-06,1.561B,,1.561B,756.50M,756.50M,139.10M,585.40M,,3.042B,,,,,,29.49B,-9.760B,19.73B,,1.828B,1.828B,,2.383B,23.94B,26.98B,,528.70M,,,528.70M,1.225B,1.754B,,,793.20M,,793.20M,527.90M,3.075B,7.764B,,7.764B,927.10M,,927.10M,,853.70M,9.544B,12.62B,,16.60M,23.01B,2.463B,10.43B,,-707.20M,14.36B,,,
2005-03,1.356B,,1.356B,686.30M,686.30M,137.70M,617.00M,,2.798B,,,,,,30.04B,-9.860B,20.18B,,1.816B,1.816B,,2.438B,24.44B,27.23B,,495.40M,,,495.40M,1.226B,1.721B,,,503.60M,,503.60M,444.70M,2.669B,8.155B,,8.155B,845.70M,,845.70M,,926.30M,9.927B,12.60B,,16.60M,22.48B,2.391B,9.869B,,-385.10M,14.64B,,,
2004-12,1.380B,,1.380B,745.50M,745.50M,147.50M,585.00M,,2.858B,0.00,4.661B,20.78B,4.426B,639.60M,30.51B,-9.805B,20.70B,1.828B,,1.828B,,2.448B,24.98B,27.84B,,714.30M,,,714.30M,1.368B,2.082B,,,862.20M,,862.20M,576.40M,3.520B,8.357B,,8.357B,781.50M,,781.50M,,976.70M,10.12B,13.64B,,16.60M,21.76B,2.186B,9.578B,,-178.80M,14.20B,,,
2004-09,1.557B,,1.557B,648.70M,648.70M,140.40M,561.80M,,2.908B,,,,,,29.07B,-9.421B,19.65B,,1.756B,1.756B,,2.024B,23.43B,26.34B,,529.40M,,,529.40M,1.258B,1.787B,,,170.60M,,170.60M,994.00M,2.952B,8.693B,,8.693B,1.026B,,1.026B,,707.20M,10.43B,13.38B,,16.60M,21.36B,2.016B,9.705B,,-729.80M,12.96B,,,
2004-06,930.80M,,930.80M,694.40M,694.40M,129.80M,575.50M,,2.330B,,,,,,28.59B,-9.127B,19.46B,,1.695B,1.695B,,1.989B,23.14B,25.47B,,537.40M,,,537.40M,1.133B,1.671B,,,154.00M,,154.00M,250.00M,2.075B,8.990B,,8.990B,1.052B,,1.052B,,694.00M,10.74B,12.81B,,16.60M,21.28B,1.962B,9.663B,,-927.90M,12.66B,,,
2004-03,969.60M,,969.60M,655.00M,655.00M,122.30M,568.40M,,2.315B,,,,,,28.74B,-9.026B,19.71B,,1.697B,1.697B,,2.094B,23.50B,25.82B,,492.70M,,,492.70M,1.113B,1.605B,,,634.90M,,634.90M,387.10M,2.627B,9.114B,,9.114B,1.006B,,1.006B,,701.80M,10.82B,13.45B,,16.60M,20.68B,1.913B,9.500B,,-744.90M,12.37B,,,
2003-12,492.80M,,492.80M,734.50M,734.50M,129.40M,528.70M,,1.885B,0.00,4.483B,19.49B,4.090B,681.20M,28.74B,-8.816B,19.92B,,1.665B,1.665B,,2.363B,23.95B,25.84B,,577.40M,,,577.40M,1.227B,1.804B,,,388.00M,,388.00M,556.20M,2.748B,9.342B,,9.342B,1.065B,,1.065B,,699.80M,11.11B,13.86B,,16.60M,20.17B,1.838B,9.318B,,-726.00M,11.98B,,,
2003-09,647.40M,,647.40M,703.00M,703.00M,116.20M,471.90M,,1.938B,,,,,,27.88B,-8.486B,19.40B,,1.764B,1.764B,,2.133B,23.30B,25.23B,,507.00M,,,507.00M,1.168B,1.676B,,,115.80M,,115.80M,842.10M,2.633B,9.292B,,9.292B,992.40M,,992.40M,,668.00M,10.95B,13.59B,,16.60M,20.04B,1.808B,9.103B,,-1.117B,11.65B,,,
2003-06,520.40M,,520.40M,807.10M,807.10M,111.50M,465.00M,,1.904B,,,,,,27.59B,-8.254B,19.33B,,1.718B,1.718B,,2.139B,23.19B,25.09B,,533.40M,,,533.40M,1.165B,1.699B,,,406.90M,,406.90M,325.30M,2.431B,9.447B,,9.447B,930.20M,,930.20M,,620.70M,11.00B,13.43B,,16.60M,20.00B,1.788B,8.978B,,-1.165B,11.66B,,,
2003-03,488.00M,,488.00M,816.70M,816.70M,103.70M,433.40M,,1.842B,,,,,,26.69B,-7.873B,18.82B,,1.652B,1.652B,,2.099B,22.57B,24.41B,,488.00M,,,488.00M,1.221B,1.709B,,,319.10M,,319.10M,295.10M,2.324B,9.687B,,9.687B,979.70M,,979.70M,,598.10M,11.26B,13.59B,,16.60M,19.53B,1.776B,8.962B,,-1.541B,10.82B,,,
2002-12,330.40M,,330.40M,855.30M,855.30M,111.70M,418.00M,,1.715B,,,,,,26.22B,-7.635B,18.58B,,1.560B,1.560B,,2.112B,22.26B,23.97B,,635.80M,,,635.80M,1.303B,1.938B,0.30M,275.50M,275.80M,,275.80M,208.10M,2.422B,9.704B,,9.704B,1.004B,,1.004B,,560.00M,11.27B,13.69B,,16.60M,19.20B,1.747B,8.988B,,-1.700B,10.28B,,,
2002-09,423.40M,,423.40M,840.00M,840.00M,102.00M,423.50M,,1.789B,,,,,,25.32B,-7.383B,17.94B,,1.430B,1.430B,,2.434B,21.80B,23.59B,,503.30M,,,503.30M,932.20M,1.436B,,,70.20M,,70.20M,360.20M,1.866B,9.485B,,9.485B,1.014B,,1.014B,,587.00M,11.09B,12.95B,,16.60M,19.85B,1.731B,8.994B,,-1.958B,10.64B,,,
2002-06,475.90M,,475.90M,903.50M,903.50M,99.10M,472.40M,,1.951B,,,,,,25.11B,-7.256B,17.86B,,1.376B,1.376B,,2.145B,21.38B,23.33B,,541.30M,,,541.30M,887.80M,1.429B,,,449.40M,,449.40M,251.80M,2.130B,9.116B,,9.116B,1.019B,,1.019B,,713.70M,10.85B,12.98B,,16.60M,19.36B,1.718B,8.949B,,-1.795B,10.35B,,,
2002-03,437.70M,,437.70M,859.80M,859.80M,98.10M,458.30M,,1.854B,,,,,,24.00B,-6.878B,17.12B,,1.258B,1.258B,,1.963B,20.34B,22.20B,,531.30M,,,531.30M,887.80M,1.419B,84.10M,481.90M,566.00M,,566.00M,278.50M,2.264B,8.417B,,8.417B,1.117B,,1.117B,,821.10M,10.36B,12.62B,,16.60M,18.86B,1.633B,8.979B,,-1.956B,9.577B,,,
2001-12,418.10M,,418.10M,881.90M,881.90M,105.50M,413.80M,,1.819B,0.00,3.976B,16.15B,3.372B,611.50M,24.11B,-6.816B,17.29B,,1.420B,1.420B,,2.006B,20.72B,22.53B,,689.50M,,,689.50M,995.50M,1.685B,184.90M,177.60M,362.50M,,362.50M,200.80M,2.248B,8.556B,,8.556B,1.112B,,1.112B,,1.130B,10.80B,13.05B,,16.60M,18.61B,1.591B,8.912B,,-1.816B,9.488B,,,
2001-09,475.60M,,475.60M,790.20M,790.20M,98.10M,406.00M,,1.770B,,,,,,23.79B,-6.785B,17.00B,,,,,3.532B,20.54B,22.31B,,520.70M,,,520.70M,837.80M,1.358B,,,2.50M,,2.50M,310.80M,1.672B,8.685B,,8.685B,1.105B,,1.105B,,1.078B,10.87B,12.54B,,16.60M,18.62B,1.570B,8.709B,,-1.738B,9.765B,,,
2001-06,413.30M,,413.30M,767.00M,767.00M,92.30M,395.30M,,1.668B,,,,,,23.27B,-6.597B,16.68B,,,,,3.042B,19.72B,21.39B,,338.00M,,,338.00M,707.60M,1.046B,92.80M,284.60M,377.40M,,377.40M,256.90M,1.680B,8.194B,,8.194B,1.13B,,1.13B,,1.138B,10.46B,12.14B,,16.60M,18.08B,1.526B,8.637B,,-1.740B,9.244B,,,
2001-03,403.00M,,403.00M,793.90M,793.90M,87.20M,383.30M,,1.667B,,,,,,23.17B,-6.525B,16.64B,,,,,3.137B,19.78B,21.45B,,570.60M,,,570.60M,697.80M,1.268B,293.70M,390.80M,684.50M,,684.50M,317.50M,2.270B,7.876B,,7.876B,1.151B,,1.151B,,1.222B,10.25B,12.52B,,16.60M,17.64B,1.480B,8.456B,,-1.747B,8.931B,,,
2000-12,421.70M,,421.70M,796.50M,796.50M,99.30M,,344.90M,1.662B,,,,,,23.57B,-6.521B,17.05B,,1.443B,1.443B,,1.530B,20.02B,21.68B,,684.90M,,,684.90M,,684.90M,,,630.00M,,630.00M,1.046B,2.361B,7.844B,,7.844B,1.085B,,1.085B,,1.189B,10.12B,12.48B,,16.60M,17.26B,1.442B,8.111B,,-1.402B,9.204B,,,
2000-09,350.00M,,350.00M,701.00M,701.00M,84.70M,,449.60M,1.585B,,,,,,22.72B,-6.338B,16.38B,,,,,2.916B,19.30B,20.88B,,701.70M,,,701.70M,,701.70M,,,1.476B,,1.476B,1.171B,3.348B,6.192B,,6.192B,1.154B,,1.154B,,1.383B,8.728B,12.08B,,16.60M,16.81B,1.403B,7.959B,,-1.460B,8.806B,,,
2000-06,411.10M,,411.10M,746.90M,746.90M,85.70M,,431.40M,1.675B,,,,,,22.90B,-6.334B,16.57B,,,,,2.968B,19.54B,21.21B,,451.20M,,,451.20M,,451.20M,,,2.182B,,2.182B,1.058B,3.690B,5.786B,,5.786B,1.211B,,1.211B,,1.524B,8.521B,12.21B,,16.60M,16.54B,1.368B,7.691B,,-1.234B,8.999B,,,
2000-03,368.00M,,368.00M,664.30M,664.30M,79.60M,,393.10M,1.505B,,,,,,22.61B,-6.222B,16.38B,,,,,2.941B,19.33B,20.83B,,411.40M,,,411.40M,,411.40M,,,1.279B,,1.279B,1.078B,2.769B,6.131B,,6.131B,1.190B,,1.190B,,1.329B,8.650B,11.42B,,16.60M,16.01B,1.316B,6.806B,,-1.129B,9.411B,,,
1999-12,419.50M,,419.50M,708.10M,708.10M,82.70M,,362.00M,1.572B,,,,,,22.45B,-6.126B,16.32B,,1.262B,1.262B,,1.825B,19.41B,20.98B,,585.70M,,,585.70M,,585.70M,,,1.620B,,1.620B,1.069B,3.274B,5.632B,,5.632B,1.174B,,1.174B,,1.264B,8.070B,11.34B,,16.60M,15.56B,1.288B,6.208B,,-1.020B,9.639B,,,
1999-09,424.80M,,424.80M,607.90M,607.90M,76.00M,,284.90M,1.394B,,,,,,22.22B,-6.075B,16.14B,,,,,2.933B,19.07B,20.47B,,448.80M,,,448.80M,,448.80M,,,832.30M,,832.30M,1.074B,2.355B,6.289B,,6.289B,1.072B,,1.072B,,1.255B,8.616B,10.97B,,16.60M,15.14B,1.202B,5.920B,,-945.30M,9.496B,,,
1999-06,407.80M,,407.80M,643.60M,643.60M,71.90M,,297.20M,1.420B,,,,,,21.58B,-5.873B,15.71B,,,,,2.717B,18.42B,19.85B,,422.00M,,,422.00M,,422.00M,,,711.00M,,711.00M,1.097B,2.230B,6.203B,,6.203B,1.118B,,1.118B,,1.237B,8.558B,10.79B,,,14.67B,,,,,9.057B,,,
1999-03,560.20M,,560.20M,629.00M,629.00M,69.60M,,302.10M,1.561B,,,,,,21.46B,-5.776B,15.69B,,,,,2.677B,18.36B,19.92B,,496.40M,,,496.40M,,496.40M,,,1.130B,,1.130B,983.70M,2.611B,6.128B,,6.128B,1.093B,,1.093B,,998.20M,8.220B,10.83B,,,14.22B,,,,,9.093B,,,
1998-12,299.20M,,299.20M,609.40M,609.40M,77.30M,,323.50M,1.309B,,,,,,21.76B,-5.716B,16.04B,,,,,2.433B,18.48B,19.78B,,621.30M,,,621.30M,,621.30M,,,854.80M,,854.80M,1.021B,2.497B,6.189B,,6.189B,1.082B,,1.082B,,552.10M,7.823B,10.32B,,,13.88B,,,,,9.465B,,,
1998-09,304.30M,,304.30M,,549.40M,71.60M,,324.90M,1.250B,,,,,,21.33B,-5.630B,15.70B,,,,,2.276B,17.97B,19.22B,,423.40M,,,423.40M,,423.40M,,,664.40M,,664.40M,1.083B,2.171B,6.385B,,6.385B,1.072B,,1.072B,,653.60M,8.111B,10.28B,,,13.59B,,,,,8.94B,,,
1998-06,324.90M,,324.90M,,571.30M,71.90M,,350.40M,1.318B,,,,,,20.60B,-5.402B,15.20B,,,,,2.330B,17.53B,18.85B,,404.00M,,,404.00M,,404.00M,,,652.60M,,652.60M,988.90M,2.046B,6.083B,,6.083B,1.091B,,1.091B,,778.50M,7.952B,9.998B,,,13.17B,,,,,8.852B,,,
1998-03,353.80M,,353.80M,,498.50M,67.20M,,261.00M,1.180B,,,,,,20.28B,-5.277B,15.00B,,,,,2.238B,17.24B,18.42B,,404.40M,,,404.40M,,404.40M,,,612.20M,,612.20M,867.40M,1.884B,5.848B,,5.848B,1.058B,,1.058B,,504.10M,7.410B,9.294B,,,-510.20M,,,,,9.122B,,,
1997-12,341.40M,,341.40M,,483.50M,70.50M,,246.90M,1.142B,,,,,,20.09B,-5.127B,14.96B,,,,,2.138B,17.10B,18.24B,,650.60M,,,650.60M,,650.60M,,,1.629B,,1.629B,704.50M,2.984B,4.834B,,4.834B,1.064B,,1.064B,,507.80M,6.405B,9.390B,,,12.57B,,,,,8.852B,,,
1997-09,310.20M,,310.20M,,435.30M,62.30M,,266.80M,1.075B,,,,,,19.81B,-5.079B,14.73B,,834.00M,834.00M,,1.332B,16.90B,17.97B,,490.90M,,,490.90M,,490.90M,,,850.20M,,850.20M,879.70M,2.221B,5.240B,,5.240B,1.033B,,1.033B,,313.40M,6.587B,8.808B,,358.00M,12.22B,,,358.00M,,9.164B,,,
1997-06,302.20M,,302.20M,,471.10M,61.60M,,242.00M,1.077B,,,,,,19.36B,-4.933B,14.43B,,791.60M,791.60M,,1.267B,16.49B,17.56B,,503.50M,,,503.50M,,503.50M,,,1.110B,,1.110B,864.50M,2.478B,4.633B,,4.633B,1.002B,,1.002B,613.30M,75.70M,5.711B,8.188B,,358.00M,11.83B,,,358.00M,,8.760B,,,
1997-03,299.80M,,299.80M,,429.00M,60.40M,,220.90M,1.010B,,,,,,19.08B,-4.831B,14.25B,,773.70M,773.70M,,1.223B,16.25B,17.26B,,478.50M,,,478.50M,,478.50M,,,726.50M,,726.50M,834.80M,2.040B,4.804B,,4.804B,1.031B,,1.031B,721.80M,43.70M,5.879B,7.918B,,358.00M,11.46B,,,358.00M,,8.617B,,,
1996-12,329.90M,,329.90M,,495.40M,69.60M,,207.60M,1.102B,,,,,,19.13B,-4.782B,14.35B,,747.00M,747.00M,,1.184B,16.28B,17.39B,,638.00M,,,638.00M,,638.00M,,,693.30M,,693.30M,804.00M,2.135B,4.830B,,4.830B,975.90M,,975.90M,,726.50M,6.532B,8.668B,,358.00M,11.17B,,,358.00M,,8.718B,,,
1996-09,255.50M,,255.50M,,469.20M,61.00M,,170.10M,955.80M,,,,,,18.47B,-4.660B,13.81B,,666.90M,666.90M,,1.112B,15.59B,16.54B,,446.50M,,,446.50M,,446.50M,,,602.60M,,602.60M,717.90M,1.767B,4.618B,,4.618B,893.60M,,893.60M,709.80M,,5.512B,7.279B,,358.00M,10.82B,,,358.00M,,8.554B,,,
1996-06,345.70M,,345.70M,,453.80M,55.50M,,166.90M,1.022B,,,,,,17.86B,-4.530B,13.32B,,592.30M,592.30M,,1.082B,15.00B,16.02B,,447.90M,,,447.90M,,447.90M,,,770.10M,,770.10M,645.80M,1.864B,4.274B,,4.274B,884.70M,,884.70M,680.00M,,5.158B,7.022B,,358.00M,10.44B,,,358.00M,,8.319B,,,
1996-03,329.50M,,329.50M,,392.60M,56.80M,,154.20M,933.10M,,,,,,17.43B,-4.417B,13.01B,,556.00M,556.00M,,1.074B,14.64B,15.58B,,462.40M,,,462.40M,,462.40M,,,1.002B,,1.002B,657.20M,2.122B,3.935B,,3.935B,868.80M,,868.80M,656.20M,,4.804B,6.926B,,358.00M,10.08B,,,358.00M,,7.994B,,,
1995-12,334.80M,,334.80M,,413.60M,58.00M,,149.40M,955.80M,,,,,,17.14B,-4.326B,12.81B,,534.80M,534.80M,,1.113B,14.46B,15.41B,,564.30M,,,564.30M,,564.30M,,,578.20M,,578.20M,652.40M,1.795B,4.258B,,4.258B,835.90M,,835.90M,664.70M,,5.094B,6.889B,,358.00M,9.831B,,,358.00M,,7.861B,,,
1995-09,317.60M,,317.60M,,387.80M,50.60M,,157.30M,913.30M,,,,,,16.60B,-4.242B,12.36B,,528.30M,528.30M,,1.100B,13.99B,14.90B,,426.40M,,,426.40M,,426.40M,,,841.40M,,841.40M,669.90M,1.938B,3.979B,,3.979B,787.00M,,787.00M,665.00M,,4.766B,6.703B,,411.10M,9.520B,,,411.10M,,7.533B,,,
1995-06,319.00M,,319.00M,,427.00M,53.50M,,147.30M,946.80M,,,,,,16.20B,-4.129B,12.07B,,523.40M,523.40M,,1.121B,13.71B,14.66B,,433.70M,,,433.70M,,433.70M,,,862.90M,,862.90M,589.80M,1.886B,3.977B,,3.977B,762.50M,,762.50M,660.00M,0.20M,4.739B,6.626B,,542.90M,9.174B,,,542.90M,,7.372B,,,
1995-03,198.20M,,198.20M,,351.40M,52.30M,,138.30M,740.20M,,,,,,15.90B,-4.048B,11.85B,,518.40M,518.40M,,1.108B,13.47B,14.21B,,387.50M,,,387.50M,,387.50M,,,499.80M,,499.80M,671.20M,1.558B,3.986B,,3.986B,771.40M,,771.40M,650.60M,,4.758B,6.316B,,673.20M,8.853B,,,673.20M,,7.247B,,,
1994-12,179.90M,,179.90M,,379.30M,50.50M,,131.00M,740.70M,,,,,,15.18B,-3.856B,11.33B,,483.10M,483.10M,,1.040B,12.85B,13.59B,,509.40M,,,509.40M,,509.40M,,,1.047B,,1.047B,895.00M,2.451B,2.935B,,2.935B,840.80M,,840.80M,422.80M,56.20M,3.832B,6.284B,,674.20M,8.626B,,,674.20M,,6.885B,,,
1994-09,180.50M,,180.50M,,370.90M,45.30M,,144.10M,740.80M,,,,,,14.80B,-3.786B,11.01B,,456.30M,456.30M,,1.029B,12.50B,13.24B,,380.50M,,,380.50M,,380.50M,,,1.139B,,1.139B,524.10M,2.044B,3.145B,,3.145B,834.90M,,834.90M,409.10M,58.80M,4.038B,6.082B,,675.00M,8.370B,,,675.00M,,6.746B,,,
1994-06,147.40M,,147.40M,,333.30M,45.10M,,134.60M,660.40M,,,,,,14.44B,-3.660B,10.78B,,447.40M,447.40M,,891.10M,12.12B,12.78B,,358.60M,,,358.60M,,358.60M,,,1.085B,,1.085B,473.10M,1.917B,3.022B,,3.022B,824.10M,,824.10M,390.80M,58.80M,3.904B,5.821B,,675.80M,8.074B,,,675.80M,,6.564B,,,
1994-03,168.10M,,168.10M,,297.20M,42.00M,,112.30M,619.60M,,,,,,13.73B,-3.486B,10.24B,,442.50M,442.50M,,876.00M,11.56B,12.18B,,321.60M,,,321.60M,,321.60M,,,128.90M,,128.90M,505.30M,955.80M,3.56B,,3.56B,824.10M,,824.10M,,380.40M,4.764B,5.720B,,676.50M,7.796B,,,676.50M,,6.463B,,,
1993-12,185.80M,,185.80M,,314.60M,43.50M,,118.90M,662.80M,,,,,,13.46B,-3.378B,10.08B,,415.70M,415.70M,,875.30M,11.37B,12.04B,,395.70M,,,395.70M,,395.70M,,,223.30M,,223.30M,483.00M,1.102B,3.489B,,3.489B,835.30M,,835.30M,334.40M,,4.325B,5.427B,,677.30M,7.613B,,,677.30M,,6.274B,,,
1993-09,172.70M,,172.70M,,313.50M,40.70M,,105.60M,632.50M,,,,,,13.15B,-3.312B,9.837B,,422.70M,422.70M,,873.80M,11.13B,11.77B,,297.90M,,,297.90M,,297.90M,,,296.70M,,296.70M,504.30M,1.099B,3.563B,,3.563B,790.60M,,790.60M,,253.80M,4.608B,5.707B,,678.00M,7.398B,,,678.00M,,6.059B,,,
1993-06,181.30M,,181.30M,,290.80M,39.70M,,104.50M,616.30M,,,,,,12.86B,-3.222B,9.632B,,387.40M,387.40M,,866.00M,10.89B,11.50B,,304.90M,,,304.90M,,304.90M,,,270.10M,,270.10M,447.40M,1.022B,3.602B,,3.602B,786.60M,,786.60M,,252.60M,4.642B,5.664B,,678.70M,7.136B,,,678.70M,,5.838B,,,
1993-03,277.60M,,277.60M,,256.80M,38.30M,,97.30M,670.00M,,,,,,12.82B,-3.164B,9.658B,,389.00M,389.00M,,863.70M,10.91B,11.58B,,293.30M,,,293.30M,,293.30M,,,543.00M,,543.00M,444.70M,1.281B,3.361B,,3.361B,773.80M,,773.80M,,242.70M,4.377B,5.658B,,679.40M,6.898B,,,679.40M,,5.923B,,,
1992-12,436.50M,,436.50M,,279.60M,43.50M,,105.10M,864.70M,,,,,,12.66B,-3.061B,9.597B,,389.70M,389.70M,,829.40M,10.82B,11.68B,,343.30M,,,343.30M,,343.30M,,,680.40M,,680.40M,520.90M,1.545B,3.176B,,3.176B,748.60M,,748.60M,,319.20M,4.244B,5.789B,,680.20M,6.727B,,,680.20M,,5.892B,,,
1992-09,151.90M,,151.90M,,264.10M,39.90M,,109.10M,565.00M,,,,,,12.93B,-3.069B,9.860B,,385.60M,385.60M,,777.50M,11.02B,11.59B,,279.10M,,,279.10M,,279.10M,,,630.30M,,630.30M,535.70M,1.445B,3.677B,,3.677B,745.70M,,745.70M,,220.30M,4.643B,6.088B,,180.90M,6.536B,,,180.90M,,5.500B,,,
1992-06,126.00M,,126.00M,,250.30M,39.00M,,102.40M,517.70M,,,,,,12.73B,-2.991B,9.738B,,391.30M,391.30M,,711.00M,10.84B,11.36B,,277.70M,,,277.70M,,277.70M,,,753.90M,,753.90M,472.30M,1.504B,3.688B,,3.688B,714.90M,,714.90M,,217.90M,4.621B,6.125B,,296.40M,6.287B,,,296.40M,,5.233B,,,
1992-03,85.20M,,85.20M,,242.30M,37.90M,,81.30M,446.70M,,,,,,12.26B,-2.859B,9.402B,,379.50M,379.50M,,697.40M,10.48B,10.93B,,263.50M,,,263.50M,,263.50M,,,350.00M,,350.00M,414.20M,1.028B,4.002B,,4.002B,757.60M,,757.60M,,208.80M,4.968B,5.996B,,297.00M,6.074B,,,297.00M,,4.929B,,,
1991-12,220.20M,,220.20M,,274.40M,42.60M,,108.80M,646.00M,,,,,,12.37B,-2.810B,9.558B,,369.10M,369.10M,,775.50M,10.70B,11.35B,,313.90M,,,313.90M,,313.90M,,,347.40M,,347.40M,626.60M,1.288B,4.267B,,4.267B,734.20M,,734.20M,,224.50M,5.226B,6.514B,,298.20M,5.925B,,,298.20M,,4.835B,,,
1991-09,137.10M,,137.10M,,242.10M,36.80M,,90.90M,506.90M,,,,,,11.87B,-2.702B,9.169B,,366.60M,366.60M,,766.00M,10.30B,10.81B,,256.50M,,,256.50M,,256.50M,,,258.40M,,258.40M,555.70M,1.071B,4.280B,,4.280B,672.50M,,672.50M,,197.20M,5.149B,6.22B,,298.50M,5.763B,,,298.50M,,4.589B,,,
1991-06,130.10M,,130.10M,,250.90M,38.40M,,99.30M,518.70M,,,,,,11.41B,-2.573B,8.840B,,365.90M,365.90M,,767.40M,9.974B,10.49B,,273.90M,,,273.90M,,273.90M,,,247.30M,,247.30M,459.30M,980.50M,4.326B,,4.326B,698.00M,,698.00M,,191.70M,5.216B,6.196B,,298.90M,5.543B,,,298.90M,,4.296B,,,
1991-03,147.30M,,147.30M,,237.50M,39.30M,,103.50M,527.60M,,,,,,11.37B,-2.520B,8.851B,,375.70M,375.70M,,709.30M,9.936B,10.46B,,276.30M,,,276.30M,,276.30M,,,530.00M,,530.00M,444.60M,1.251B,4.115B,,4.115B,673.10M,,673.10M,,185.60M,4.974B,6.224B,,199.30M,5.349B,,,199.30M,,4.239B,,,
1990-12,142.80M,,142.80M,,255.00M,42.90M,,108.30M,549.00M,,,,,,11.54B,-2.488B,9.047B,,384.00M,384.00M,,687.40M,10.12B,10.67B,,355.70M,,,355.70M,,355.70M,,,363.70M,,363.70M,479.30M,1.199B,4.429B,,4.429B,695.10M,,695.10M,,162.70M,5.286B,6.485B,,199.70M,5.214B,,,199.70M,,4.182B,,,
1990-09,163.90M,,163.90M,,226.80M,38.40M,,86.10M,515.20M,,,,,,11.05B,-2.401B,8.652B,,369.70M,369.70M,,652.70M,9.675B,10.19B,,301.30M,,,301.30M,,301.30M,,,266.40M,,266.40M,460.70M,1.028B,4.359B,,4.359B,678.80M,,678.80M,,105.50M,5.143B,6.171B,,0.60M,5.062B,,,0.60M,,4.018B,,,
1990-06,119.50M,,119.50M,,221.90M,39.90M,,88.90M,470.20M,,,,,,10.51B,-2.290B,8.225B,,359.50M,359.50M,,600.00M,9.185B,9.655B,,310.70M,,,310.70M,,310.70M,,,219.70M,,219.70M,374.80M,905.20M,4.222B,,4.222B,666.40M,,666.40M,,102.80M,4.991B,5.896B,,0.70M,4.854B,,,0.70M,,3.759B,,,
1990-03,105.60M,,105.60M,,211.10M,41.30M,,72.70M,430.70M,,,,,,10.10B,-2.196B,7.909B,,338.60M,338.60M,,572.20M,8.820B,9.251B,,317.70M,,,317.70M,,317.70M,,,268.30M,,268.30M,380.50M,966.50M,3.996B,,3.996B,636.70M,,636.70M,,100.50M,4.734B,5.700B,,0.80M,4.672B,,,0.80M,,3.550B,,,
1989-12,137.00M,,137.00M,,234.00M,46.00M,,78.00M,495.00M,,,,,,9.874B,-2.116B,7.758B,,326.00M,326.00M,,596.00M,8.68B,9.175B,,413.00M,,,413.00M,,413.00M,,,135.00M,,135.00M,469.00M,1.017B,3.901B,,3.901B,613.00M,,613.00M,,94.00M,4.608B,5.625B,,200.00M,4.546B,,,200.00M,,3.55B,,,
1989-09,353.60M,,353.60M,,204.10M,42.90M,,77.70M,678.30M,,,,,,9.302B,-2.030B,7.272B,,324.20M,324.20M,,564.80M,8.160B,8.839B,,305.80M,,,305.80M,,305.80M,,,311.30M,,311.30M,402.40M,1.020B,3.468B,,3.468B,602.50M,,602.50M,,90.30M,4.161B,5.180B,,200.00M,4.406B,,,200.00M,,3.658B,,,
1989-06,125.70M,,125.70M,,191.30M,45.40M,,81.30M,443.70M,,,,,,8.854B,-1.938B,6.916B,,317.90M,317.90M,,539.30M,7.773B,8.217B,,295.00M,,,295.00M,,295.00M,,,294.80M,,294.80M,328.30M,918.10M,3.118B,,3.118B,575.60M,,575.60M,,88.50M,3.782B,4.70B,,,4.218B,,,,,3.517B,,,
1988-12,184.40M,,184.40M,,204.00M,48.50M,,79.50M,516.40M,,,,,,8.648B,-1.848B,6.800B,,314.80M,314.80M,,527.20M,7.642B,8.159B,,,,,,,,,,157.70M,,157.70M,845.90M,1.004B,3.111B,,3.111B,543.30M,,543.30M,,87.90M,3.742B,4.746B,,,3.935B,,,,,3.413B,,,
1987-12,183.20M,,183.20M,,184.00M,48.50M,,67.90M,483.60M,,,,,,7.393B,-1.573B,5.820B,,261.70M,261.70M,,416.70M,6.498B,6.982B,,,,,,,,,,99.30M,,99.30M,756.90M,856.20M,2.685B,,2.685B,,,,,523.60M,3.209B,4.065B,,,3.396B,,,,,2.917B,,,
1986-12,205.10M,,205.10M,,158.40M,38.10M,,71.00M,472.60M,,,,,,6.179B,-1.302B,4.878B,,232.00M,232.00M,,386.30M,5.496B,5.968B,,,,,,,,,,189.40M,,189.40M,609.90M,799.30M,2.131B,,2.131B,450.70M,,450.70M,,139.00M,2.721B,3.520B,,,2.893B,,,,,2.448B,,,
1985-12,155.40M,,155.40M,,125.50M,31.70M,,56.80M,369.40M,,,,,,5.251B,-1.086B,4.164B,,166.40M,166.40M,,343.10M,4.674B,5.043B,,,,,,,,,,130.40M,,130.40M,533.00M,663.40M,1.638B,,1.638B,414.50M,,414.50M,,140.70M,2.193B,2.857B,,,2.499B,,,,,2.186B,,,
1984-12,74.50M,,74.50M,,103.80M,27.90M,,48.50M,254.70M,,,,,,4.453B,-932.70M,3.521B,,137.00M,137.00M,,317.30M,3.975B,4.230B,,,,,,,,,,92.50M,,92.50M,422.00M,514.50M,1.268B,,1.268B,76.90M,,76.90M,,427.30M,1.772B,2.287B,,,2.147B,,,,,1.943B,,,
