,OperatingRevenue,Revenue,CostofGoodsSold,GrossProfit,InvestmentWriteOff,SpecialIncomeandCharges,NonIncomeTaxes,OperatingInterestExpense,OperatingInterestIncome,NetOperatingInterestIncome,OtherOperatingExpenses,TotalOperatingExpenses,OperatingIncome,Non-OperatingInterestIncome,Non-OperatingInterestExpense,NetNon-OperatingInterestIncomeExpense,OtherIncomeandExpenses,NetInterestIncome,Pre-TaxIncome,ProvisionforIncomeTaxes,IncomefromContinuingOperations,IncomefromDiscontinuedOperations,"ExtraordinaryItems,IncomeStatement",IncomeAttributabletoMinorityInterest,PreferredStockDividend,NetIncome,NormalizedIncome,EBITDA,ReconciledDepreciation,EBIT,EPSBasicfromContinuingOperations,EPSBasicfromDiscontinuedOperations,EPSBasicfromExtraordinaries,EPSBasicfromTaxLossCarryforward,NormalizedBasicEPS,EPSBasic,EPSDilutedfromContinuingOperations,EPSDilutedfromDiscontinuedOperations,EPSDilutedfromExtraordinaries,EPSDilutedfromTaxLossCarryforward,NormalizedDilutedEPS,EPSDiluted,AverageBasicSharesOutstanding,AverageDilutedSharesOutstanding,DividendPerShare
2020-09,3.284B,3.284B,2.223B,1.061B,-6.00M,6.00M,103.00M,178.00M,15.00M,-163.00M,,459.00M,602.00M,15.00M,178.00M,-163.00M,101.00M,-163.00M,540.00M,63.00M,477.00M,,,-1.00M,,476.00M,470.70M,1.074B,356.00M,718.00M,2.47,,,,2.443,2.47,2.46,,,,2.4330000000000003,2.46,193.00M,193.00M,1.012
2020-06,2.583B,2.583B,1.727B,856.00M,55.00M,-55.00M,84.00M,179.00M,6.00M,-173.00M,-7.00M,427.00M,429.00M,6.00M,179.00M,-173.00M,27.00M,-173.00M,283.00M,6.00M,277.00M,,,0.00,,277.00M,280.92M,812.00M,350.00M,462.00M,1.44,,,,1.46,1.44,1.44,,,,1.46,1.44,192.00M,193.00M,1.012
2020-03,3.022B,3.022B,2.014B,1.008B,-10.00M,10.00M,119.00M,175.00M,10.00M,-165.00M,-6.00M,466.00M,542.00M,10.00M,175.00M,-165.00M,14.00M,-165.00M,391.00M,49.00M,342.00M,,,-2.00M,,340.00M,311.29M,919.00M,353.00M,566.00M,1.77,,,,1.62,1.77,1.76,,,,1.61,1.76,192.00M,192.00M,1.012
2019-12,3.148B,3.148B,2.289B,859.00M,1.00M,-1.00M,103.00M,173.00M,6.00M,-167.00M,,419.00M,440.00M,6.00M,173.00M,-167.00M,25.00M,-167.00M,298.00M,30.00M,268.00M,,,-1.00M,,267.00M,267.90M,811.00M,340.00M,471.00M,1.39,,,,1.395,1.39,1.39,,,,1.395,1.39,191.00M,191.00M,1.012
2019-09,3.119B,3.119B,2.245B,874.00M,1.00M,-1.00M,101.00M,162.00M,4.00M,-158.00M,,423.00M,451.00M,4.00M,162.00M,-158.00M,71.00M,-158.00M,364.00M,47.00M,317.00M,,,2.00M,,319.00M,319.87M,848.00M,322.00M,526.00M,1.74,,,,1.745,1.74,1.73,,,,1.735,1.73,183.00M,184.00M,0.945
2019-06,2.888B,2.888B,2.178B,710.00M,13.00M,-13.00M,92.00M,154.00M,3.00M,-151.00M,-6.00M,391.00M,319.00M,3.00M,154.00M,-151.00M,32.00M,-151.00M,200.00M,21.00M,179.00M,,,3.00M,,182.00M,161.53M,659.00M,305.00M,354.00M,0.99,,,,0.8781,0.99,0.99,,,,0.8788,0.99,183.00M,184.00M,0.945
2019-03,3.514B,3.514B,2.558B,956.00M,0.00,0.00,118.00M,152.00M,4.00M,-148.00M,-7.00M,407.00M,549.00M,4.00M,152.00M,-148.00M,61.00M,-148.00M,462.00M,54.00M,408.00M,,,-7.00M,,401.00M,362.28M,910.00M,296.00M,614.00M,2.2,,,,1.9869999999999999,2.2,2.19,,,,1.9780000000000002,2.19,182.00M,183.00M,0.945
2018-12,3.75B,3.75B,3.003B,747.00M,19.00M,-19.00M,98.00M,147.00M,3.00M,-144.00M,-8.00M,388.00M,359.00M,3.00M,147.00M,-144.00M,-42.00M,-144.00M,173.00M,-23.00M,196.00M,,,-5.00M,,191.00M,188.08M,618.00M,298.00M,320.00M,1.05,,,,1.034,1.05,1.04,,,,1.024,1.04,181.00M,181.00M,0.945
2018-09,3.55B,3.55B,2.739B,811.00M,10.00M,-10.00M,99.00M,142.00M,3.00M,-139.00M,-7.00M,365.00M,446.00M,3.00M,142.00M,-139.00M,62.00M,-139.00M,369.00M,34.00M,335.00M,,,-1.00M,,334.00M,313.98M,784.00M,273.00M,511.00M,1.84,,,,1.73,1.84,1.84,,,,1.73,1.84,182.00M,182.00M,0.8825
2018-06,3.159B,3.159B,2.46B,699.00M,1.00M,-1.00M,97.00M,135.00M,3.00M,-132.00M,-6.00M,363.00M,336.00M,3.00M,135.00M,-132.00M,51.00M,-132.00M,255.00M,19.00M,236.00M,,,-2.00M,,234.00M,210.75M,662.00M,272.00M,390.00M,1.29,,,,1.162,1.29,1.29,,,,1.162,1.29,181.00M,181.00M,0.8825
2018-03,3.753B,3.753B,2.86B,893.00M,-3.00M,3.00M,111.00M,135.00M,3.00M,-132.00M,-7.00M,385.00M,508.00M,3.00M,135.00M,-132.00M,43.00M,-132.00M,419.00M,68.00M,351.00M,,,10.00M,,361.00M,339.16M,835.00M,281.00M,554.00M,2.01,,,,1.889,2.01,2.0,,,,1.879,2.0,180.00M,180.00M,0.8825
2017-12,3.271B,3.271B,2.499B,772.00M,32.00M,-32.00M,94.00M,132.00M,3.00M,-129.00M,-6.00M,362.00M,410.00M,3.00M,132.00M,-129.00M,-67.00M,-129.00M,214.00M,-66.00M,280.00M,,,7.00M,,287.00M,291.80M,620.00M,274.00M,346.00M,1.6,,,,1.6269999999999998,1.6,1.6,,,,1.6269999999999998,1.6,179.00M,179.00M,0.8825
2017-09,3.245B,3.245B,2.456B,789.00M,6.00M,-6.00M,91.00M,146.00M,4.00M,-142.00M,-5.00M,344.00M,445.00M,4.00M,146.00M,-142.00M,34.00M,-142.00M,337.00M,74.00M,263.00M,,,7.00M,,270.00M,254.40M,741.00M,258.00M,483.00M,1.51,,,,1.423,1.51,1.51,,,,1.423,1.51,179.00M,179.00M,0.825
2017-06,2.855B,2.855B,2.186B,669.00M,3.00M,-3.00M,97.00M,133.00M,2.00M,-131.00M,-5.00M,341.00M,328.00M,2.00M,133.00M,-131.00M,35.00M,-131.00M,232.00M,57.00M,175.00M,,,2.00M,,177.00M,158.90M,614.00M,249.00M,365.00M,0.99,,,,0.8889,0.99,0.99,,,,0.8889,0.99,179.00M,179.00M,0.825
2017-03,3.236B,3.236B,2.293B,943.00M,0.00,0.00,109.00M,125.00M,3.00M,-122.00M,-7.00M,351.00M,592.00M,3.00M,125.00M,-122.00M,34.00M,-122.00M,504.00M,110.00M,394.00M,,,6.00M,,400.00M,379.72M,878.00M,249.00M,629.00M,2.23,,,,2.117,2.23,2.23,,,,2.117,2.23,179.00M,179.00M,0.825
2016-12,2.874B,2.874B,2.162B,712.00M,8.00M,-8.00M,88.00M,131.00M,3.00M,-128.00M,-6.00M,356.00M,356.00M,3.00M,131.00M,-128.00M,-76.00M,-128.00M,152.00M,28.00M,124.00M,,,7.00M,,131.00M,124.47M,557.00M,274.00M,283.00M,0.73,,,,0.6935,0.73,0.73,,,,0.6935,0.73,179.00M,179.00M,0.825
2016-09,2.928B,2.928B,2.099B,829.00M,0.00,0.00,92.00M,114.00M,3.00M,-111.00M,-5.00M,317.00M,512.00M,3.00M,114.00M,-111.00M,34.00M,-111.00M,435.00M,110.00M,325.00M,,,13.00M,,338.00M,319.25M,779.00M,230.00M,549.00M,1.88,,,,1.775,1.88,1.88,,,,1.776,1.88,179.00M,180.00M,0.77
2016-06,2.262B,2.262B,1.673B,589.00M,-1.00M,1.00M,91.00M,114.00M,3.00M,-111.00M,-5.00M,329.00M,260.00M,3.00M,114.00M,-111.00M,46.00M,-111.00M,195.00M,50.00M,145.00M,,,7.00M,,152.00M,132.76M,552.00M,243.00M,309.00M,0.84,,,,0.7325,0.84,0.84,,,,0.7331,0.84,179.00M,180.00M,0.73
2016-03,2.566B,2.566B,1.857B,709.00M,,,99.00M,113.00M,11.00M,-102.00M,-5.00M,323.00M,386.00M,11.00M,113.00M,-102.00M,39.00M,-102.00M,323.00M,83.00M,240.00M,,,7.00M,,247.00M,229.24M,665.00M,229.00M,436.00M,1.38,,,,1.281,1.38,1.37,,,,1.271,1.37,179.00M,180.00M,0.73
2015-12,2.487B,2.487B,1.947B,540.00M,97.00M,-97.00M,82.00M,109.00M,3.00M,-106.00M,,288.00M,252.00M,3.00M,109.00M,-106.00M,-89.00M,-106.00M,57.00M,-20.00M,77.00M,,,3.00M,,80.00M,138.20M,393.00M,227.00M,166.00M,0.44,,,,0.7651,0.44,0.44,,,,0.7651,0.44,179.00M,179.00M,0.73
2015-09,2.598B,2.598B,1.87B,728.00M,1.00M,-1.00M,91.00M,116.00M,4.00M,-112.00M,,287.00M,441.00M,4.00M,116.00M,-112.00M,37.00M,-112.00M,366.00M,102.00M,264.00M,,,1.00M,,265.00M,265.72M,678.00M,196.00M,482.00M,1.47,,,,1.474,1.47,1.47,,,,1.474,1.47,179.00M,180.00M,0.73
2015-06,2.268B,2.268B,1.735B,533.00M,18.00M,-18.00M,91.00M,115.00M,2.00M,-113.00M,,311.00M,222.00M,2.00M,115.00M,-113.00M,22.00M,-113.00M,131.00M,26.00M,105.00M,,,4.00M,,109.00M,123.40M,466.00M,220.00M,246.00M,0.61,,,,0.6904,0.61,0.61,,,,0.6904,0.61,179.00M,179.00M,0.69
2015-03,2.984B,2.984B,2.224B,760.00M,-10.00M,10.00M,100.00M,110.00M,4.00M,-106.00M,,309.00M,451.00M,4.00M,110.00M,-106.00M,51.00M,-106.00M,396.00M,122.00M,274.00M,,,-1.00M,,273.00M,266.10M,715.00M,209.00M,506.00M,1.53,,,,1.4909999999999999,1.53,1.53,,,,1.4909999999999999,1.53,178.00M,178.00M,0.69
2014-12,3.078B,3.078B,2.164B,914.00M,-2.00M,2.00M,84.00M,106.00M,3.00M,-103.00M,,353.00M,561.00M,3.00M,106.00M,-103.00M,-22.00M,-103.00M,436.00M,135.00M,301.00M,,,-2.00M,,299.00M,297.62M,832.00M,290.00M,542.00M,1.68,,,,1.672,1.68,1.68,,,,1.672,1.68,177.00M,177.00M,0.69
2014-09,2.595B,2.595B,1.979B,616.00M,-2.00M,2.00M,86.00M,107.00M,2.00M,-105.00M,,379.00M,237.00M,2.00M,107.00M,-105.00M,46.00M,-105.00M,178.00M,21.00M,157.00M,,,-1.00M,,156.00M,154.24M,578.00M,293.00M,285.00M,0.88,,,,0.8701,0.88,0.88,,,,0.8701,0.88,177.00M,177.00M,0.69
2014-06,2.698B,2.698B,2.087B,611.00M,-7.00M,7.00M,87.00M,106.00M,3.00M,-103.00M,,369.00M,242.00M,3.00M,106.00M,-103.00M,37.00M,-103.00M,176.00M,50.00M,126.00M,,,-2.00M,,124.00M,118.96M,564.00M,282.00M,282.00M,0.7,,,,0.6715,0.7,0.7,,,,0.6715,0.7,177.00M,177.00M,0.655
2014-03,3.93B,3.93B,2.996B,934.00M,-1.00M,1.00M,95.00M,110.00M,2.00M,-108.00M,,375.00M,559.00M,2.00M,110.00M,-108.00M,34.00M,-108.00M,485.00M,158.00M,327.00M,,,-1.00M,,326.00M,325.33M,875.00M,280.00M,595.00M,1.84,,,,1.8359999999999999,1.84,1.84,,,,1.8359999999999999,1.84,177.00M,177.00M,0.655
2013-12,2.533B,2.533B,1.934B,599.00M,,,78.00M,109.00M,2.00M,-107.00M,,367.00M,232.00M,2.00M,109.00M,-107.00M,30.00M,-107.00M,155.00M,29.00M,126.00M,,,-2.00M,,124.00M,124.00M,547.00M,283.00M,264.00M,0.69,,,,0.69,0.69,0.69,,,,0.69,0.69,178.00M,178.00M,0.655
2013-09,2.387B,2.387B,1.695B,692.00M,,,84.00M,106.00M,2.00M,-104.00M,-5.00M,363.00M,329.00M,2.00M,106.00M,-104.00M,51.00M,-104.00M,276.00M,76.00M,200.00M,,,-2.00M,,198.00M,198.00M,666.00M,284.00M,382.00M,1.13,,,,1.13,1.13,1.13,,,,1.13,1.13,175.00M,176.00M,0.655
2013-06,2.225B,2.225B,1.645B,580.00M,,,84.00M,112.00M,3.00M,-109.00M,5.00M,357.00M,223.00M,3.00M,112.00M,-109.00M,37.00M,-109.00M,151.00M,44.00M,107.00M,,,-2.00M,,105.00M,105.00M,531.00M,268.00M,263.00M,0.6,,,,0.6,0.6,0.6,,,,0.6,0.6,174.00M,175.00M,0.655
2013-03,2.516B,2.516B,1.759B,757.00M,,,94.00M,109.00M,2.00M,-107.00M,-6.00M,347.00M,410.00M,2.00M,109.00M,-107.00M,37.00M,-107.00M,340.00M,105.00M,235.00M,,,-1.00M,,234.00M,234.00M,708.00M,259.00M,449.00M,1.35,,,,1.35,1.35,1.34,,,,1.34,1.34,173.00M,173.00M,0.62
2012-12,2.349B,2.349B,1.73B,619.00M,,,80.00M,109.00M,3.00M,-106.00M,,355.00M,264.00M,3.00M,109.00M,-106.00M,16.00M,-106.00M,174.00M,35.00M,139.00M,-56.00M,,-2.00M,,81.00M,137.00M,554.00M,271.00M,283.00M,0.8,-0.33,,,0.8,0.47,0.8,-0.33,,,0.8,0.47,171.00M,175.00M,0.62
2012-09,2.19B,2.19B,1.448B,742.00M,,,78.00M,109.00M,2.00M,-107.00M,-1.00M,336.00M,406.00M,2.00M,109.00M,-107.00M,38.00M,-107.00M,337.00M,108.00M,229.00M,1.00M,,-3.00M,,227.00M,226.00M,711.00M,265.00M,446.00M,1.31,0.01,,,1.31,1.32,1.3,0.01,,,1.3,1.31,172.00M,172.00M,0.62
2012-06,2.013B,2.013B,1.40B,613.00M,,,79.00M,109.00M,3.00M,-106.00M,-4.00M,319.00M,294.00M,3.00M,109.00M,-106.00M,30.00M,-106.00M,218.00M,70.00M,148.00M,-1.00M,,-1.00M,,146.00M,147.00M,577.00M,250.00M,327.00M,0.87,-0.01,,,0.87,0.86,0.87,-0.01,,,0.87,0.86,170.00M,171.00M,0.5875
2012-03,2.239B,2.239B,1.61B,629.00M,,,95.00M,113.00M,2.00M,-111.00M,-5.00M,317.00M,312.00M,2.00M,113.00M,-111.00M,30.00M,-111.00M,231.00M,73.00M,158.00M,,,-2.00M,,156.00M,156.00M,576.00M,232.00M,344.00M,0.91,,,,0.91,0.91,0.91,,,,0.91,0.91,170.00M,170.00M,0.5875
2011-12,2.134B,2.134B,3.441B,-1.307B,,,71.00M,118.00M,2.00M,-116.00M,,-1.651B,344.00M,2.00M,118.00M,-116.00M,20.00M,-116.00M,248.00M,88.00M,160.00M,,,-7.00M,,150.00M,153.00M,609.00M,243.00M,366.00M,0.9,-0.02,,,0.9,0.88,0.9,-0.02,,,0.9,0.88,169.00M,170.00M,0.5875
2011-09,2.265B,2.265B,866.00M,1.399B,,4.00M,79.00M,120.00M,3.00M,-117.00M,-8.00M,1.00B,399.00M,3.00M,120.00M,-117.00M,4.00M,-117.00M,286.00M,101.00M,185.00M,,,-2.00M,,183.00M,180.41M,665.00M,259.00M,406.00M,1.08,0.0,,,1.065,1.08,1.07,0.0,,,1.055,1.07,169.00M,170.00M,0.5875
2011-06,2.028B,2.028B,771.00M,1.257B,,10.00M,77.00M,124.00M,2.00M,-122.00M,-3.00M,969.00M,288.00M,2.00M,124.00M,-122.00M,10.00M,-122.00M,176.00M,-24.00M,200.00M,,,2.00M,,202.00M,195.50M,548.00M,248.00M,300.00M,1.19,0.0,,,1.1520000000000001,1.19,1.19,0.0,,,1.1520000000000001,1.19,169.00M,170.00M,0.5875
2011-03,2.431B,2.431B,1.071B,1.36B,,14.00M,83.00M,126.00M,3.00M,-123.00M,11.00M,970.00M,390.00M,3.00M,126.00M,-123.00M,14.00M,-123.00M,281.00M,103.00M,178.00M,,,-2.00M,,176.00M,167.13M,652.00M,245.00M,407.00M,1.04,0.0,,,0.9875,1.04,1.04,0.0,,,0.9878,1.04,169.00M,170.00M,0.56
2010-12,2.141B,2.141B,3.391B,-1.25B,,,75.00M,125.00M,3.00M,-122.00M,,-1.606B,356.00M,3.00M,125.00M,-122.00M,-7.00M,-122.00M,227.00M,63.00M,164.00M,,,-4.00M,,152.00M,160.00M,604.00M,252.00M,352.00M,0.94,-0.04,,,0.94,0.9,0.94,-0.04,,,0.94,0.9,168.00M,172.00M,0.56
2010-09,2.139B,2.139B,763.00M,1.376B,,10.00M,69.00M,142.00M,3.00M,-139.00M,,989.00M,387.00M,3.00M,142.00M,-139.00M,10.00M,-139.00M,258.00M,92.00M,166.00M,,,-3.00M,,163.00M,156.57M,671.00M,271.00M,400.00M,0.97,0.0,,,0.9319,0.97,0.96,0.0,,,0.9222,0.96,169.00M,170.00M,0.56
2010-06,1.792B,1.792B,608.00M,1.184B,,8.00M,80.00M,136.00M,3.00M,-133.00M,595.00M,928.00M,256.00M,3.00M,136.00M,-133.00M,8.00M,-133.00M,131.00M,44.00M,87.00M,,,-1.00M,,86.00M,80.69M,520.00M,253.00M,267.00M,0.51,0.0,,,0.4786,0.51,0.51,0.0,,,0.4786,0.51,169.00M,169.00M,0.53
2010-03,2.453B,2.453B,995.00M,1.458B,,11.00M,82.00M,140.00M,3.00M,-137.00M,653.00M,986.00M,472.00M,3.00M,140.00M,-137.00M,11.00M,-137.00M,346.00M,116.00M,230.00M,,,-1.00M,,229.00M,221.69M,737.00M,251.00M,486.00M,1.38,0.0,,,1.3359999999999999,1.38,1.38,0.0,,,1.3359999999999999,1.38,166.00M,166.00M,0.53
2009-12,2.121B,2.121B,846.00M,1.275B,,22.00M,71.00M,136.00M,2.00M,-134.00M,635.00M,988.00M,287.00M,2.00M,136.00M,-134.00M,22.00M,-134.00M,175.00M,54.00M,121.00M,,,-1.00M,,120.00M,104.79M,593.00M,282.00M,311.00M,0.73,0.0,,,0.6372,0.73,0.73,0.0,,,0.6372,0.73,164.00M,164.00M,0.53
2009-09,1.95B,1.95B,735.00M,1.215B,,20.00M,63.00M,143.00M,11.00M,-132.00M,554.00M,883.00M,332.00M,11.00M,143.00M,-132.00M,20.00M,-132.00M,220.00M,69.00M,151.00M,,,,,151.00M,137.27M,629.00M,266.00M,363.00M,0.92,0.0,,,0.8368,0.92,0.92,0.0,,,0.8368,0.92,165.00M,165.00M,0.53
2009-06,1.688B,1.688B,577.00M,1.111B,,27.00M,61.00M,134.00M,3.00M,-131.00M,595.00M,896.00M,215.00M,3.00M,134.00M,-131.00M,27.00M,-131.00M,111.00M,27.00M,84.00M,,,-1.00M,,83.00M,62.57M,485.00M,240.00M,245.00M,0.51,0.0,,,0.3854,0.51,0.51,0.0,,,0.3854,0.51,164.00M,164.00M,0.53
2009-03,2.255B,2.255B,960.00M,1.295B,,10.00M,80.00M,132.00M,3.00M,-129.00M,588.00M,900.00M,395.00M,3.00M,132.00M,-129.00M,10.00M,-129.00M,276.00M,97.00M,179.00M,,,-1.00M,,178.00M,171.51M,640.00M,232.00M,408.00M,1.09,0.0,,,1.05,1.09,1.09,0.0,,,1.05,1.09,163.00M,163.00M,0.53
2008-12,2.17B,2.17B,974.00M,1.196B,,11.00M,75.00M,132.00M,6.00M,-126.00M,595.00M,894.00M,302.00M,6.00M,132.00M,-126.00M,11.00M,-126.00M,187.00M,57.00M,130.00M,0.00,,-1.00M,,129.00M,121.35M,543.00M,224.00M,319.00M,0.79,0.0,,,0.7431,0.79,0.79,0.0,,,0.7431,0.79,163.00M,163.00M,0.53
2008-09,2.338B,2.338B,1.034B,1.304B,,12.00M,71.00M,125.00M,5.00M,-120.00M,623.00M,929.00M,375.00M,5.00M,125.00M,-120.00M,12.00M,-120.00M,267.00M,97.00M,170.00M,8.00M,,-1.00M,,177.00M,161.36M,627.00M,235.00M,392.00M,1.03,0.05,,,0.9831,1.08,1.03,0.05,,,0.9831,1.08,163.00M,163.00M,0.53
2008-06,2.251B,2.251B,1.032B,1.219B,,9.00M,78.00M,122.00M,4.00M,-118.00M,768.00M,1.062B,157.00M,4.00M,122.00M,-118.00M,9.00M,-118.00M,48.00M,18.00M,30.00M,-4.00M,,-4.00M,,28.00M,20.38M,386.00M,215.00M,170.00M,0.17,0.0,,0.0368,0.1355,0.17,0.17,0.0,,0.0368,0.1355,0.17,163.00M,163.00M,0.53
2008-03,2.57B,2.57B,1.266B,1.304B,,138.00M,80.00M,,,,699.00M,1.005B,299.00M,,,,138.00M,,316.00M,116.00M,200.00M,12.00M,,-1.00M,,212.00M,112.66M,525.00M,225.00M,299.00M,1.23,0.08,,,0.6909,1.31,1.23,0.07,,,0.6942,1.3,162.00M,163.00M,0.53
2007-12,2.208B,2.208B,956.00M,1.252B,,30.00M,81.00M,,,,622.00M,923.00M,329.00M,,,,30.00M,,227.00M,36.00M,191.00M,64.00M,,-1.00M,,255.00M,165.76M,549.00M,210.00M,329.00M,1.17,0.39,,,1.012,1.56,1.16,0.39,,,1.003,1.55,160.00M,161.00M,0.53
2007-09,2.128B,2.128B,763.00M,1.365B,,22.00M,76.00M,,,,755.00M,1.079B,286.00M,,,,22.00M,,186.00M,34.00M,152.00M,,,-1.00M,,152.00M,134.02M,535.00M,249.00M,286.00M,0.93,0.27,,,0.821,1.2,0.92,0.27,,,0.8117,1.19,165.00M,166.00M,0.53
2007-06,1.677B,1.677B,698.00M,979.00M,,884.00M,110.00M,,,,796.00M,1.146B,-167.00M,,,,884.00M,,591.00M,243.00M,348.00M,37.00M,,-1.00M,,385.00M,-226.60M,75.00M,242.00M,-167.00M,2.0,0.21,,,-1.3019999999999998,2.21,1.99,0.21,,,-1.2930000000000001,2.2,174.00M,175.00M,0.53
2007-03,2.463B,2.463B,1.135B,1.328B,,-1.00M,90.00M,,,,734.00M,1.048B,280.00M,,,,-1.00M,,147.00M,51.00M,96.00M,38.00M,,-1.00M,,134.00M,96.65M,505.00M,225.00M,280.00M,0.54,0.22,,,0.5437,0.76,0.54,0.22,,,0.5437,0.76,176.00M,177.00M,0.53
2006-12,1.431B,1.431B,770.00M,661.00M,,101.00M,60.00M,,,,46.00M,295.00M,366.00M,,,,101.00M,,133.00M,37.00M,96.00M,46.00M,0.00,-191.00M,,142.00M,23.10M,579.00M,213.00M,366.00M,0.54,0.26,0.0,,0.1281,0.8,0.53,0.26,0.0,,0.1204,0.79,177.00M,178.00M,0.53
2006-09,2.196B,2.196B,629.00M,1.567B,,-15.00M,74.00M,,,,771.00M,1.20B,367.00M,,,,-15.00M,,248.00M,59.00M,189.00M,-1.00M,,10.00M,,188.00M,200.43M,722.00M,355.00M,367.00M,1.07,-0.01,,,1.135,1.06,1.07,-0.01,,,1.1340000000000001,1.06,177.00M,178.00M,0.515
2006-06,1.895B,1.895B,588.00M,1.307B,,-125.00M,83.00M,,,,906.00M,1.21B,97.00M,,,,-125.00M,,-40.00M,-8.00M,-32.00M,-1.00M,,109.00M,,-33.00M,68.00M,318.00M,221.00M,97.00M,-0.18,-0.01,,,0.385,-0.19,-0.18,-0.01,,,0.385,-0.19,177.00M,177.00M,0.515
2006-03,2.635B,2.635B,1.06B,1.575B,,7.00M,92.00M,,,,1.021B,1.338B,237.00M,,,,7.00M,,194.00M,58.00M,136.00M,-1.00M,1.00M,71.00M,,136.00M,131.09M,462.00M,225.00M,237.00M,0.76,0.0,0.0,,0.7323,0.77,0.76,0.0,0.0056,,0.7324,0.76,177.00M,178.00M,0.515
2005-12,1.784B,1.784B,1.084B,700.00M,,-201.00M,8.00M,,,,-192.00M,-36.00M,736.00M,,,,-201.00M,,136.00M,52.00M,84.00M,301.00M,,-246.00M,,382.00M,208.15M,945.00M,209.00M,736.00M,0.48,1.72,,,1.177,2.18,0.48,1.71,,,1.1740000000000002,2.16,178.00M,179.00M,0.515
2005-09,2.06B,2.06B,839.00M,1.221B,,122.00M,66.00M,,,,973.00M,1.278B,-57.00M,,,,122.00M,,39.00M,10.00M,29.00M,-25.00M,,88.00M,,4.00M,-61.72M,182.00M,239.00M,-57.00M,0.17,-0.15,,,-0.3454,0.02,0.17,-0.15,,,-0.3425,0.02,176.00M,177.00M,0.515
2005-06,1.941B,1.941B,638.00M,1.303B,,15.00M,89.00M,,,,927.00M,1.232B,71.00M,,,,15.00M,,36.00M,3.00M,33.00M,-4.00M,,68.00M,,29.00M,19.25M,287.00M,216.00M,71.00M,0.19,-0.02,,,0.111,0.17,0.19,-0.02,,,0.1114,0.17,174.00M,175.00M,0.515
2005-03,2.309B,2.309B,969.00M,1.34B,,77.00M,91.00M,,,,893.00M,1.192B,148.00M,,,,77.00M,,164.00M,38.00M,126.00M,-4.00M,,53.00M,,122.00M,66.84M,356.00M,208.00M,148.00M,0.72,-0.02,,,0.38,0.7,0.72,-0.02,,,0.382,0.7,174.00M,175.00M,0.515
2004-12,1.911B,1.911B,573.00M,1.338B,,40.00M,81.00M,,,,886.00M,1.171B,167.00M,,,,40.00M,,162.00M,38.00M,124.00M,-8.00M,,65.00M,,116.00M,93.38M,375.00M,208.00M,167.00M,0.6935,-0.0522,,,0.5155,0.6413,-0.43,-0.0522,,,-0.6018,0.6413,172.00M,178.19M,0.515
2004-09,1.586B,1.586B,316.00M,1.27B,,62.00M,86.00M,,,,872.00M,1.148B,122.00M,,,,62.00M,,134.00M,37.00M,97.00M,-4.00M,,66.00M,,93.00M,52.12M,312.00M,190.00M,122.00M,0.56,-0.02,,,0.3006,0.54,0.56,-0.02,,,0.3021,0.54,173.00M,174.00M,0.515
2004-06,1.501B,1.501B,377.00M,1.124B,,80.00M,60.00M,,,,851.00M,1.09B,34.00M,,,,80.00M,,53.00M,18.00M,35.00M,,,51.00M,,35.00M,-17.83M,213.00M,179.00M,34.00M,0.2,0.0,,,-0.1054,0.2,0.2,0.0,,,-0.1036,0.2,173.00M,174.00M,0.515
2004-03,2.093B,2.093B,741.00M,1.352B,,46.00M,85.00M,,,,783.00M,1.035B,317.00M,,,,46.00M,,272.00M,75.00M,197.00M,-7.00M,,30.00M,,190.00M,163.68M,484.00M,167.00M,317.00M,1.16,-0.04,,,0.964,1.12,1.15,-0.04,,,0.954,1.11,170.00M,170.00M,0.515
2003-12,1.692B,1.692B,483.00M,1.209B,,6.00M,79.00M,,,,734.00M,953.00M,256.00M,,,,6.00M,,162.00M,-67.00M,229.00M,0.00,0.00,19.00M,88.00M,229.00M,225.40M,396.00M,140.00M,256.00M,0.7638,-0.0067,0.0,,0.7423,0.7569,0.14,-0.0067,-0.0375,,0.1186,0.7569,168.00M,168.61M,0.515
2003-09,1.654B,1.654B,452.00M,1.202B,,26.00M,71.00M,,,,742.00M,983.00M,219.00M,,,,26.00M,,137.00M,-43.00M,180.00M,-4.00M,,20.00M,,176.00M,164.40M,389.00M,170.00M,219.00M,1.07,-0.02,,,0.9771,1.05,1.06,-0.02,,,0.9671,1.04,168.00M,168.00M,0.515
2003-06,1.60B,1.60B,493.00M,1.107B,,23.00M,87.00M,,,,792.00M,1.059B,48.00M,,,,23.00M,,-24.00M,13.00M,-37.00M,-2.00M,,36.00M,,-39.00M,-50.80M,228.00M,180.00M,48.00M,-0.22,-0.01,,,-0.3021,-0.23,-0.22,-0.01,,,-0.3021,-0.23,168.00M,168.00M,0.515
2003-03,2.095B,2.095B,813.00M,1.282B,,-20.00M,97.00M,,,,771.00M,1.065B,217.00M,,,,-20.00M,,82.00M,-26.00M,108.00M,74.00M,-27.00M,16.00M,,155.00M,120.00M,418.00M,201.00M,217.00M,0.65,0.44,0.0,,0.7219,0.92,0.64,0.44,-0.1617,,0.7114,0.92,167.00M,168.00M,0.515
2002-12,1.664B,1.664B,435.00M,1.229B,,20.00M,77.00M,,,,842.00M,1.066B,163.00M,,,,20.00M,,89.00M,-68.00M,157.00M,,,,81.00M,203.00M,145.00M,332.00M,169.00M,163.00M,0.2721,0.2747,,,0.1985,0.5468,0.2721,0.21,,,0.2005,0.5468,163.00M,167.46M,0.515
2002-09,1.649B,1.649B,484.00M,1.165B,,-4.00M,91.00M,,,,578.00M,879.00M,286.00M,,,,-4.00M,,148.00M,-13.00M,161.00M,,,,6.00M,161.00M,163.40M,496.00M,210.00M,286.00M,0.96,0.0,,,0.9744,0.96,0.96,0.0,,,0.9743,0.96,167.00M,168.00M,0.515
2002-06,1.474B,1.474B,403.00M,1.071B,,1.00M,81.00M,,,,623.00M,884.00M,187.00M,,,,1.00M,,58.00M,-8.00M,66.00M,7.00M,,,5.00M,73.00M,65.40M,373.00M,186.00M,187.00M,0.38,0.04,,,0.3763,0.42,0.38,0.04,,,0.3763,0.42,161.00M,162.00M,0.515
2002-03,1.894B,1.894B,727.00M,1.167B,,-6.00M,93.00M,,,,551.00M,833.00M,334.00M,,,,-6.00M,,189.00M,-3.00M,192.00M,8.00M,,,,200.00M,195.60M,528.00M,194.00M,334.00M,1.2,0.05,,,1.222,1.25,1.19,0.05,,,1.212,1.24,161.00M,161.00M,0.515
2001-12,1.709B,1.709B,614.00M,1.095B,,8.00M,73.00M,,,,542.00M,798.00M,297.00M,,,,8.00M,,166.00M,-32.00M,198.00M,,0.00,,92.00M,218.00M,193.20M,493.00M,196.00M,297.00M,0.5571,0.1041,0.0,,0.5251,0.6798,0.5571,0.06,-0.0014,,0.5253,0.6798,150.00M,151.00M,0.515
2001-09,1.597B,1.597B,601.00M,996.00M,,-19.00M,74.00M,,,,483.00M,784.00M,212.00M,,,,-19.00M,,59.00M,-4.00M,63.00M,,,,,63.00M,74.40M,439.00M,227.00M,212.00M,0.38,0.0,,,0.4495,0.38,0.38,0.0,,,0.4492,0.38,163.92M,164.71M,0.515
2001-06,1.79B,1.79B,908.00M,882.00M,,5.00M,77.00M,,,,705.00M,970.00M,-88.00M,,,,5.00M,,-189.00M,-102.00M,-87.00M,,,,2.00M,-87.00M,-90.00M,100.00M,188.00M,-88.00M,-0.6,0.0,,,-0.6207,-0.6,-0.6,0.0,,,-0.6207,-0.6,145.00M,145.00M,0.515
2001-03,1.842B,1.842B,948.00M,894.00M,,-1.00M,81.00M,,,,385.00M,650.00M,244.00M,,,,-1.00M,,154.00M,19.00M,135.00M,,3.00M,,,138.00M,135.88M,428.00M,184.00M,244.00M,0.96,0.02,0.0,,0.9662,0.98,0.96,0.02,0.0211,,0.9662,0.98,141.87M,142.20M,0.515
2000-12,481.00M,481.00M,-365.00M,846.00M,,-17.00M,72.00M,,,,356.00M,606.00M,240.00M,,,,-17.00M,,147.00M,8.00M,139.00M,,,,,139.00M,155.07M,418.00M,139.00M,240.00M,0.9807,,,,1.093,0.9807,0.97,0.0,,,1.082,0.97,143.04M,143.35M,0.515
2000-09,1.547B,1.547B,747.00M,800.00M,,-6.00M,74.00M,,,,352.00M,628.00M,172.00M,,,,-6.00M,,80.00M,-24.00M,104.00M,,,,,104.00M,107.60M,374.00M,202.00M,172.00M,0.73,0.0,,,0.7553,0.73,0.73,0.0,,,0.7553,0.73,142.47M,142.47M,0.515
2000-06,1.428B,1.428B,579.00M,849.00M,,-1.00M,74.00M,,,,386.00M,646.00M,203.00M,,,,-1.00M,,120.00M,12.00M,108.00M,,,,,108.00M,108.90M,389.00M,186.00M,203.00M,0.76,0.0,,,0.7663,0.76,0.76,0.0,,,0.7663,0.76,143.00M,143.00M,0.515
2000-03,1.182B,1.182B,344.00M,838.00M,,-2.00M,76.00M,,,,355.00M,623.00M,215.00M,,,,-2.00M,,130.00M,13.00M,117.00M,,,,,117.00M,118.80M,407.00M,192.00M,215.00M,0.81,0.0,,,0.8224,0.81,0.81,0.0,,,0.8224,0.81,145.00M,145.00M,0.515
1999-12,1.114B,1.114B,272.00M,842.00M,,-5.00M,66.00M,,,,394.00M,648.00M,194.00M,,,,-5.00M,,109.00M,12.00M,97.00M,,,,,97.00M,101.45M,382.00M,188.00M,194.00M,0.6701,,,,0.7008,0.6701,0.67,0.0,,,0.7006,0.67,145.00M,145.18M,0.515
1999-09,1.44B,1.44B,510.00M,930.00M,,-4.00M,69.00M,,,,397.00M,649.00M,281.00M,,,,-4.00M,,182.00M,21.00M,161.00M,,,,,161.00M,164.54M,464.00M,183.00M,281.00M,1.11,0.0,,,1.1340000000000001,1.11,1.11,0.0,,,1.1340000000000001,1.11,145.00M,145.00M,0.515
1999-06,1.15B,1.15B,322.00M,828.00M,,-6.00M,71.00M,,,,364.00M,617.00M,211.00M,,,,-6.00M,,123.00M,13.00M,110.00M,,,,,110.00M,115.37M,393.00M,182.00M,211.00M,0.76,0.0,,,0.797,0.76,0.76,0.0,,,0.797,0.76,145.00M,145.00M,0.515
1999-03,1.024B,1.024B,231.00M,793.00M,,-3.00M,71.00M,,,,325.00M,578.00M,215.00M,,,,-3.00M,,129.00M,14.00M,115.00M,,,,,115.00M,117.67M,397.00M,182.00M,215.00M,0.79,0.0,,,0.8084,0.79,0.79,0.0,,,0.8084,0.79,145.06M,145.17M,0.515
1998-12,1.013B,1.013B,,,,,,,,,,,-2.271B,,,,,,,,106.00M,,,,,106.00M,106.00M,-2.271B,,-2.271B,0.7337,,,,0.7337,0.7337,0.73,0.0,,,0.73,0.73,145.26M,145.26M,0.515
1998-09,1.199B,1.199B,,,,,,,,,,,1.199B,,,,,,,,132.00M,,,,,132.00M,132.00M,1.199B,,1.199B,0.91,0.0,,,0.91,0.91,0.91,0.0,,,0.91,0.91,145.05M,145.05M,0.515
1998-06,1.064B,1.064B,,,,,,,,,,,1.064B,,,,,,,,101.00M,,,,,101.00M,101.00M,1.064B,,1.064B,0.69,0.0,,,0.69,0.69,0.69,0.0,,,0.69,0.69,146.38M,146.38M,0.515
