,CashandEquivalents,ShortTermInvestments,CashandShortTermInvestments,AccountsReceivable,OtherReceivables,TotalReceivables,RawMaterialsInventory,WorkinProcessInventory,FinishedGoodsInventory,Inventories,PrepaidExpenses,RestrictedCash,CurrentDeferredTaxAssets,OtherCurrentAssets,TotalCurrentAssets,Properties,LandandImprovements,BuildingsandImprovements,"Machine,Furniture&Equipment",OtherProperties,ConstructioninProgress,GrossPP&E,AccumulatedD&A,NetPP&E,Goodwill,OtherIntangibleAssets,GoodwillandIntangibles,LongTermInvestments,LongTermReceivables,LongTermDeferredAssets,OtherLongTermAssets,TotalLongTermAssets,TotalAssets,,AccountsPayable,DividendsPayable,CurrentTaxPayable,OtherPayables,TotalPayables,AccruedExpenses,PayablesandAccruedExpenses,CurrentProvisions-Legal&Other,NotesPayable,CommercialPaperLiability,OtherCurrentBorrowings,CurrentPortionofLongTermDebt,CurrentCapitalLeaseObligation,CurrentDebt&CapitalLeaseObligation,CurrentDeferredRevenue,CurrentDeferredLiabilities,OtherCurrentLiability,TotalCurrentLiabilities,LongTermProvisions-Legal&Other,Non-CurrentPortionofLongTermDebt,LongTermCapLeaseObligation,Non-CurrentPortionofLTDandCapitalLeaseObligation,LongTermDeferredTaxLiabilities,Non-CurrentDeferredRevenue,Non-CurrentDeferredLiabilities,Non-CurrentAccruedExpenses,PensionLiability,DerivativeContractLiabilities,MinorityInterestOwnership,OtherLongTermLiabilities,TotalLongTermLiabilities,TotalLiabilities,,TotalCapitalStock,RetainedEarnings,AdditionalPaidInCapital,TreasuryStock,AdjustmentsforForeignCurrencyTranslation,OtherEquityAdjustments,AccruedComprehensiveInc,ShareholdersEquity,,AsOriginallyReported,Restated
2020-12,568.90M,,568.90M,2.330B,,2.330B,,,,1.096B,380.80M,,,,4.376B,,,,,,,,,771.70M,1.469B,2.625B,4.094B,,,229.60M,715.40M,5.811B,10.19B,,946.70M,,82.20M,,1.029B,969.90M,1.999B,,,,,338.30M,,338.30M,347.10M,347.10M,140.60M,2.829B,,2.930B,,2.930B,,,,,,,,1.444B,4.373B,7.202B,,,,,,,,,2.984B,,AOR,
2020-09,297.10M,,297.10M,2.138B,,2.138B,223.20M,875.10M,190.20M,1.156B,424.70M,,,,4.015B,,,,,,,1.158B,-419.20M,739.20M,1.464B,2.611B,4.075B,1.70M,,256.70M,684.60M,5.757B,9.772B,,757.20M,,95.90M,,853.10M,1.214B,2.067B,,,,,194.10M,,194.10M,5.50M,5.50M,97.00M,2.368B,424.40M,3.028B,,3.028B,345.40M,,345.40M,,42.00M,,23.90M,595.40M,4.436B,6.804B,,18.60M,4.519B,854.70M,2.090B,,,-357.90M,2.944B,,AOR,
2020-06,342.70M,,342.70M,2.342B,,2.342B,217.60M,920.70M,132.80M,1.138B,464.60M,,,,4.288B,,,,,,,1.123B,-389.30M,733.80M,1.461B,2.604B,4.065B,1.70M,,249.60M,655.80M,5.706B,9.994B,,842.20M,,93.20M,,935.40M,1.122B,2.057B,,,243.10M,262.80M,505.90M,,505.90M,7.00M,7.00M,108.60M,2.683B,431.80M,3.028B,,3.028B,337.20M,,337.20M,,42.60M,,28.70M,620.80M,4.460B,7.143B,,18.60M,4.465B,846.50M,2.093B,,,-415.20M,2.822B,,AOR,
2020-03,436.20M,,436.20M,2.460B,,2.460B,206.70M,788.10M,200.10M,1.063B,513.00M,,,,4.472B,,,,,,,1.095B,-359.20M,735.70M,1.460B,2.612B,4.071B,0.70M,,234.50M,675.00M,5.717B,10.19B,,838.40M,,66.50M,,904.90M,1.019B,1.924B,,,,250.20M,250.20M,,250.20M,213.50M,213.50M,64.30M,2.456B,450.00M,3.532B,,3.532B,333.90M,,333.90M,,43.10M,,27.30M,671.20M,5.03B,7.486B,,18.60M,4.338B,840.20M,2.094B,,,-426.80M,2.675B,,AOR,
2019-12,339.10M,,339.10M,2.231B,,2.460B,217.30M,559.40M,372.20M,1.017B,205.10M,,,53.00M,4.075B,0.00,94.30M,367.50M,582.10M,164.70M,65.30M,1.274B,-351.20M,922.70M,1.468B,2.746B,4.214B,0.70M,155.80M,277.60M,67.10M,5.798B,9.873B,,900.10M,57.00M,62.20M,,1.019B,598.20M,1.618B,123.40M,,0.00,227.70M,227.70M,31.50M,259.20M,601.90M,601.90M,117.60M,2.724B,553.40M,3.031B,163.20M,3.194B,333.20M,206.00M,568.90M,,44.20M,0.20M,29.10M,102.80M,4.587B,7.311B,,18.60M,4.189B,829.70M,2.093B,,,-412.00M,2.532B,,AOR,
2019-09,419.70M,,419.70M,2.001B,,2.001B,291.30M,626.00M,388.20M,1.167B,489.40M,,,,4.078B,,,,,,,1.050B,-322.10M,728.40M,1.466B,2.632B,4.099B,0.70M,,289.10M,609.30M,5.726B,9.804B,,667.00M,,78.30M,,745.30M,1.124B,1.870B,,,0.00,553.60M,553.60M,,553.60M,19.00M,19.00M,73.00M,2.522B,412.00M,3.032B,,3.032B,335.20M,,335.20M,,45.20M,,30.10M,778.20M,4.603B,7.124B,,18.60M,4.249B,809.30M,2.001B,,,-426.80M,2.649B,,AOR,Restated
2019-06,83.40M,,83.40M,2.384B,,2.384B,283.30M,587.70M,418.00M,1.153B,476.20M,,,,4.097B,,,,,,,1.038B,-307.80M,730.30M,1.471B,2.672B,4.143B,0.70M,,288.90M,564.80M,5.728B,9.824B,,785.70M,,79.20M,,864.90M,1.124B,1.989B,,,535.80M,558.40M,1.094B,,1.094B,68.90M,68.90M,71.50M,3.230B,424.00M,2.144B,,2.144B,340.60M,,340.60M,,46.20M,,31.30M,844.40M,3.800B,7.030B,,18.60M,4.210B,793.90M,1.906B,,,-353.50M,2.764B,,AOR,Restated
2019-03,109.50M,,109.50M,2.530B,,2.530B,327.80M,584.70M,357.70M,1.137B,427.30M,,,,4.204B,,,,,,,1.028B,-294.60M,733.80M,1.470B,2.680B,4.151B,0.70M,,278.00M,578.80M,5.742B,9.946B,,884.50M,,93.50M,,978.00M,997.90M,1.976B,,,493.50M,500.30M,993.80M,,993.80M,283.30M,283.30M,78.40M,3.338B,435.50M,2.145B,,2.145B,329.60M,,329.60M,,46.10M,,30.80M,860.40M,3.817B,7.154B,,18.60M,4.088B,785.60M,1.807B,,,-324.40M,2.761B,,AOR,Restated
2018-12,134.40M,,134.40M,2.144B,,2.359B,206.90M,518.80M,430.40M,1.026B,146.40M,,,59.30M,4.030B,0.00,99.30M,386.40M,508.90M,,50.40M,1.045B,-288.10M,756.90M,1.468B,2.765B,4.233B,0.70M,126.40M,290.50M,423.60M,5.944B,9.974B,,795.50M,53.20M,85.10M,,933.80M,708.30M,1.642B,71.20M,,55.20M,492.50M,547.70M,0.00,547.70M,561.50M,561.50M,164.70M,2.993B,544.50M,2.145B,17.30M,2.162B,330.80M,327.60M,682.70M,,47.20M,0.00,89.30M,142.10M,3.770B,6.764B,,18.60M,4.334B,776.20M,1.699B,,,-308.90M,3.121B,,AOR,Restated
2018-09,176.50M,,176.50M,1.902B,,1.902B,256.20M,609.40M,260.50M,995.40M,417.40M,,,,3.491B,,,,,,,1.469B,-466.30M,1.003B,1.466B,2.740B,4.206B,0.70M,,289.60M,416.40M,5.916B,9.407B,,784.20M,,130.20M,,914.40M,1.135B,2.049B,,,,149.40M,149.40M,,149.40M,30.10M,30.10M,37.00M,2.272B,310.00M,2.593B,,2.593B,330.60M,,330.60M,,15.50M,,31.90M,807.70M,4.057B,6.329B,,18.60M,4.355B,471.50M,1.499B,,,-299.50M,3.046B,,AOR,Restated
2018-06,326.40M,,326.40M,2.194B,,2.194B,258.10M,459.70M,370.60M,958.70M,513.80M,,,,3.993B,,,,,,,1.487B,-472.80M,1.014B,1.237B,2.737B,3.974B,1.50M,,287.20M,448.20M,5.725B,9.718B,,947.20M,,110.10M,,1.057B,1.109B,2.166B,,,,174.50M,174.50M,,174.50M,56.50M,56.50M,45.30M,2.448B,320.50M,2.893B,,2.893B,165.90M,,165.90M,,35.10M,,29.50M,829.80M,4.244B,6.692B,,18.60M,4.305B,465.30M,1.499B,,,-293.20M,2.996B,,AOR,Restated
2018-03,359.70M,,359.70M,2.400B,,2.400B,250.00M,456.10M,457.80M,1.035B,534.50M,,,,4.336B,,,,,,,1.491B,-460.30M,1.030B,1.243B,2.805B,4.048B,1.50M,,261.40M,472.20M,5.814B,10.15B,,914.10M,,155.10M,,1.069B,1.024B,2.093B,,,184.40M,144.50M,328.90M,,328.90M,191.60M,191.60M,67.10M,2.686B,337.00M,2.993B,,2.993B,179.10M,,179.10M,,54.40M,,28.10M,884.70M,4.448B,7.134B,,18.60M,4.197B,457.20M,1.501B,,,-185.50M,2.987B,,AOR,Restated
2017-12,283.00M,0.00,283.00M,2.044B,3.20M,2.174B,224.10M,542.40M,353.70M,992.50M,127.50M,,,61.70M,3.653B,0.00,166.90M,462.60M,753.10M,,78.50M,1.461B,-435.90M,1.025B,1.199B,2.658B,3.857B,1.40M,151.20M,350.00M,89.40M,5.554B,9.206B,,714.20M,22.30M,99.20M,,835.70M,595.50M,1.431B,78.50M,,0.00,192.60M,192.60M,,192.60M,446.30M,446.30M,55.10M,2.209B,417.40M,2.993B,22.50M,3.016B,173.20M,243.90M,455.90M,,59.30M,,25.30M,155.20M,4.290B,6.499B,,18.60M,3.952B,450.70M,1.500B,,,-240.30M,2.682B,,AOR,Restated
2017-09,93.80M,,93.80M,1.458B,,1.458B,222.50M,247.00M,272.50M,614.80M,280.70M,,,,3.574B,,,,,,,978.20M,-431.20M,547.00M,500.30M,776.60M,1.277B,1.40M,,238.80M,418.50M,2.483B,6.057B,,437.70M,,40.70M,,478.40M,719.80M,1.198B,,,8.40M,205.80M,214.20M,,214.20M,6.40M,6.40M,204.70M,1.631B,305.10M,1.493B,,1.493B,159.60M,,159.60M,,58.50M,,14.90M,274.90M,2.291B,3.922B,,18.60M,3.445B,445.50M,1.500B,,,-288.60M,2.120B,,AOR,Restated
2017-06,113.20M,,113.20M,1.442B,,1.442B,187.30M,235.70M,250.50M,546.30M,261.40M,,,,3.486B,,,,,,,952.90M,-414.60M,538.30M,501.00M,763.60M,1.265B,1.30M,,237.20M,457.10M,2.498B,5.984B,,433.50M,,24.60M,,458.10M,673.80M,1.132B,,,0.00,192.50M,192.50M,,192.50M,5.60M,5.60M,204.80M,1.542B,291.50M,1.592B,,1.592B,151.00M,,151.00M,,88.80M,,14.80M,292.10M,2.416B,3.958B,,18.60M,3.412B,436.70M,1.502B,,,-353.40M,2.012B,,AOR,Restated
2017-03,96.10M,,96.10M,1.631B,,1.631B,180.70M,249.40M,223.50M,526.40M,248.00M,,,,3.554B,,,,,,,934.70M,-399.60M,535.10M,500.80M,734.60M,1.235B,1.00M,,235.40M,475.20M,2.482B,6.036B,,390.90M,,19.10M,,410.00M,619.40M,1.029B,,,123.80M,93.50M,217.30M,,217.30M,30.10M,30.10M,204.90M,1.489B,293.90M,1.790B,,1.790B,137.00M,,137.00M,,122.40M,,14.10M,312.40M,2.656B,4.145B,,18.60M,3.359B,428.90M,1.504B,,,-425.50M,1.877B,,AOR,Restated
2016-12,64.20M,,64.20M,1.692B,5.10M,1.813B,166.70M,219.30M,220.10M,478.90M,96.80M,,,8.40M,2.849B,0.00,88.60M,231.50M,563.10M,,38.40M,921.60M,-383.50M,538.10M,498.70M,751.60M,1.250B,1.00M,165.20M,348.00M,912.40M,3.290B,6.139B,,317.40M,22.10M,11.00M,,350.50M,498.00M,848.50M,76.20M,,6.30M,87.90M,94.20M,,94.20M,239.80M,239.80M,172.40M,1.438B,366.70M,1.799B,28.00M,1.827B,130.40M,0.00,160.90M,,137.30M,,35.30M,148.70M,2.708B,4.146B,,18.60M,3.506B,418.60M,1.507B,,,-478.40M,1.958B,,AOR,Restated
2016-09,130.70M,,130.70M,1.603B,,1.603B,347.10M,255.10M,371.10M,817.40M,252.60M,,,,2.804B,,,,,,,1.821B,-790.10M,1.031B,798.60M,849.20M,1.648B,1.10M,,268.60M,457.20M,3.406B,6.210B,,371.60M,,25.30M,,396.90M,749.30M,1.146B,,,0.00,63.20M,63.20M,,63.20M,5.00M,5.00M,88.00M,1.309B,257.70M,1.913B,,1.913B,174.60M,,174.60M,,133.20M,,36.40M,301.50M,2.780B,4.089B,,18.60M,3.512B,431.80M,1.496B,,,-381.50M,2.084B,,AOR,Restated
2016-06,93.60M,,93.60M,1.628B,,1.628B,363.70M,276.80M,399.70M,881.90M,296.00M,,,,2.899B,,,,,,,1.796B,-770.10M,1.026B,795.00M,851.70M,1.647B,2.80M,,277.30M,430.40M,3.383B,6.282B,,440.40M,,31.20M,,471.60M,715.00M,1.187B,,,0.00,53.20M,53.20M,,53.20M,5.10M,5.10M,102.80M,1.354B,263.10M,1.989B,,1.989B,172.60M,,172.60M,,156.90M,,44.80M,304.70M,2.886B,4.240B,,18.60M,3.454B,427.80M,1.497B,,,-406.90M,1.997B,,AOR,Restated
2016-03,64.30M,,64.30M,1.769B,,1.769B,321.20M,269.30M,425.20M,854.90M,266.80M,,,,2.955B,,,,,,,1.814B,-786.40M,1.028B,800.70M,869.80M,1.670B,2.80M,,282.60M,451.50M,3.435B,6.390B,,516.40M,,28.60M,,545.00M,653.90M,1.199B,,,35.70M,78.50M,114.20M,,114.20M,51.00M,51.00M,80.80M,1.451B,277.10M,1.986B,,1.986B,181.90M,,181.90M,,187.50M,,43.10M,303.10M,2.936B,4.387B,,18.60M,3.411B,422.20M,1.498B,,,-394.10M,1.960B,,AOR,Restated
2015-12,78.60M,,78.60M,1.851B,18.70M,1.975B,335.60M,275.40M,350.00M,800.20M,111.60M,,,6.10M,2.972B,0.00,101.90M,320.40M,1.172B,,190.40M,1.785B,-768.20M,1.016B,776.10M,873.50M,1.650B,2.50M,143.10M,377.90M,95.50M,3.354B,6.326B,,403.60M,22.10M,19.90M,,445.60M,483.50M,929.10M,74.70M,,23.90M,88.70M,112.60M,,112.60M,249.90M,249.90M,80.60M,1.453B,340.80M,2.036B,34.30M,2.071B,173.20M,,202.30M,,194.20M,,42.60M,156.40M,2.964B,4.418B,,18.60M,3.385B,417.70M,1.498B,,,-457.30M,1.866B,,AOR,Restated
2015-09,173.70M,,173.70M,1.690B,,1.690B,379.90M,198.10M,495.50M,906.10M,251.30M,,158.10M,,3.238B,,,,,,,1.783B,-700.40M,1.083B,733.50M,847.70M,1.581B,3.70M,,208.10M,333.10M,3.209B,6.447B,,484.20M,,66.60M,,550.80M,706.60M,1.257B,,,30.00M,91.20M,121.20M,,121.20M,3.90M,3.90M,65.90M,1.455B,163.10M,2.048B,,2.048B,235.50M,,235.50M,,177.20M,,40.90M,213.10M,2.837B,4.292B,,18.60M,3.611B,415.40M,1.499B,,,-432.70M,2.114B,,AOR,Restated
2015-06,477.50M,,477.50M,1.866B,,1.866B,392.20M,323.40M,491.90M,1.041B,268.90M,,152.70M,,3.806B,,,,,,,1.828B,-715.20M,1.113B,728.90M,843.40M,1.572B,4.80M,,245.60M,334.00M,3.270B,7.075B,,578.40M,,367.40M,,945.80M,697.50M,1.643B,,,105.20M,163.10M,268.30M,,268.30M,5.40M,5.40M,57.00M,1.981B,179.10M,2.051B,,2.051B,234.70M,,234.70M,,200.80M,,38.50M,220.80M,2.886B,4.867B,,18.60M,3.636B,411.70M,1.496B,,,-399.90M,2.170B,,AOR,Restated
2015-03,105.20M,,105.20M,1.537B,,1.537B,274.50M,243.90M,287.80M,640.80M,287.30M,,147.10M,,3.330B,,,,,,,1.581B,-678.30M,902.60M,324.10M,233.50M,557.60M,4.70M,,235.70M,281.50M,1.982B,5.312B,,316.50M,,19.60M,,336.10M,594.20M,930.30M,,,865.10M,42.20M,907.30M,,907.30M,24.20M,24.20M,147.20M,2.016B,190.90M,1.151B,,1.151B,55.60M,,55.60M,,227.90M,,34.50M,201.40M,1.827B,3.842B,,18.60M,2.916B,407.60M,1.498B,,,-409.20M,1.435B,,AOR,Restated
2014-12,109.50M,,109.50M,1.602B,14.80M,1.692B,248.30M,242.60M,281.10M,607.60M,62.50M,,222.70M,8.00M,2.934B,0.00,61.40M,269.70M,1.065B,,222.80M,1.619B,-688.70M,930.00M,352.50M,279.00M,631.50M,5.50M,47.00M,231.00M,483.10M,2.392B,5.326B,,378.30M,20.10M,22.20M,,420.60M,417.30M,837.90M,84.70M,,486.60M,38.60M,525.20M,,525.20M,190.20M,190.20M,259.70M,1.910B,278.70M,1.139B,33.60M,1.172B,51.30M,,84.40M,,238.70M,,33.50M,72.60M,1.852B,3.762B,,18.60M,2.984B,401.90M,1.499B,,,-375.80M,1.530B,,AOR,Restated
2014-09,124.30M,,124.30M,1.573B,,1.573B,339.30M,265.90M,321.70M,754.50M,210.60M,,195.30M,,2.857B,,,,,,,2.740B,-1.456B,1.283B,369.00M,256.50M,625.50M,26.40M,,119.80M,338.80M,2.394B,5.251B,,440.00M,,23.00M,,463.00M,628.10M,1.091B,,,539.70M,40.70M,580.40M,,580.40M,4.00M,4.00M,53.30M,1.742B,216.60M,1.152B,,1.152B,73.70M,,73.70M,,48.40M,,61.10M,234.70M,1.725B,3.467B,,18.60M,2.928B,439.50M,1.499B,,,-163.90M,1.723B,,AOR,Restated
2014-06,114.40M,,114.40M,1.50B,,1.50B,341.10M,236.80M,330.90M,738.20M,183.00M,,216.40M,,2.752B,,,,,,,2.746B,-1.461B,1.285B,387.80M,265.60M,653.40M,26.70M,,101.30M,309.00M,2.375B,5.127B,,393.30M,,37.30M,,430.60M,648.90M,1.080B,,,493.60M,50.60M,544.20M,,544.20M,4.00M,4.00M,52.50M,1.693B,170.50M,1.154B,,1.154B,75.10M,,75.10M,,49.00M,,57.80M,217.70M,1.666B,3.359B,,18.60M,2.892B,435.70M,1.500B,,,-135.70M,1.711B,,AOR,Restated
2014-03,92.50M,,92.50M,1.568B,,1.568B,287.90M,229.10M,355.70M,702.80M,176.00M,,212.90M,,2.752B,,,,,,,2.711B,-1.442B,1.269B,390.70M,268.40M,659.10M,26.80M,,100.80M,282.80M,2.338B,5.091B,,380.20M,,21.40M,,401.60M,566.80M,968.40M,,,605.90M,52.60M,658.50M,,658.50M,30.40M,30.40M,56.70M,1.727B,167.90M,1.154B,,1.154B,85.20M,,85.20M,,54.00M,,54.40M,215.50M,1.677B,3.403B,,18.60M,2.803B,455.80M,1.502B,,,-142.20M,1.633B,,AOR,Restated
2013-12,123.20M,,123.20M,1.484B,13.50M,1.579B,297.80M,276.70M,283.00M,688.40M,119.90M,,214.00M,16.80M,2.945B,31.40M,154.30M,372.70M,1.839B,,265.50M,2.663B,-1.415B,1.248B,389.40M,304.80M,694.20M,26.80M,41.40M,134.70M,65.40M,2.290B,5.235B,,475.20M,18.00M,35.30M,,528.50M,427.20M,955.70M,53.50M,,656.00M,41.80M,697.80M,,697.80M,178.90M,178.90M,88.10M,1.987B,248.10M,1.154B,32.40M,1.186B,73.10M,,110.50M,,57.80M,,52.30M,73.50M,1.676B,3.663B,,18.60M,2.757B,448.30M,1.502B,,,-201.90M,1.520B,,AOR,Restated
2013-09,109.60M,,109.60M,1.180B,,1.180B,287.40M,,420.30M,707.70M,205.40M,,124.30M,,2.611B,,,,,,,2.649B,-1.486B,1.164B,396.00M,272.30M,668.30M,29.50M,,208.80M,250.00M,2.320B,4.931B,,388.90M,,35.40M,,424.30M,592.70M,1.017B,,,,,942.40M,,942.40M,18.10M,18.10M,67.70M,2.066B,164.30M,771.80M,,771.80M,45.40M,,45.40M,,315.80M,,49.50M,193.40M,1.491B,3.557B,,18.60M,2.748B,395.60M,1.453B,,,-385.40M,1.324B,,AOR,Restated
2013-06,77.40M,,77.40M,1.092B,,1.092B,259.40M,,401.80M,661.20M,223.40M,,128.60M,,2.183B,,,,,,,3.058B,-1.911B,1.147B,289.20M,207.40M,496.60M,43.40M,,204.00M,275.70M,2.167B,4.350B,,344.80M,,19.20M,,364.00M,555.80M,919.80M,,,,,308.20M,,308.20M,5.20M,5.20M,14.40M,1.269B,221.20M,762.40M,,762.40M,,,,,343.60M,,51.00M,155.00M,1.482B,2.751B,,18.60M,2.748B,441.10M,1.254B,,,-406.70M,1.548B,,AOR,Restated
2013-03,82.60M,,82.60M,1.223B,,1.223B,248.90M,,430.00M,678.90M,180.50M,,120.20M,,2.285B,,,,,,,3.028B,-1.901B,1.127B,286.70M,210.20M,496.90M,44.50M,,218.70M,275.30M,2.163B,4.448B,,361.90M,,32.80M,,394.70M,503.90M,898.60M,,,,,43.20M,,43.20M,7.30M,7.30M,17.30M,987.70M,232.90M,1.234B,,1.234B,,,,,359.40M,,47.10M,150.90M,1.977B,2.965B,,18.60M,2.649B,433.20M,1.258B,,,-406.50M,1.436B,,AOR,Restated
2012-12,77.10M,,77.10M,1.074B,,1.121B,304.30M,235.10M,268.10M,642.40M,110.90M,,123.40M,13.30M,2.182B,31.40M,135.80M,317.00M,1.741B,,192.30M,2.418B,-1.462B,956.20M,277.60M,238.50M,516.10M,26.10M,23.50M,275.30M,338.90M,2.192B,4.374B,,404.20M,18.70M,32.90M,,455.80M,331.50M,787.30M,41.70M,,0.00,55.60M,55.60M,,55.60M,140.20M,140.20M,89.40M,1.136B,274.30M,908.80M,31.80M,940.60M,0.00,,39.80M,,375.80M,,74.50M,49.80M,1.684B,2.819B,,18.60M,2.536B,481.90M,1.148B,,,-408.90M,1.480B,,AOR,Restated
2012-09,84.40M,,84.40M,1.009B,,1.009B,253.80M,,366.70M,620.50M,157.10M,,154.30M,,2.026B,,,,,,,2.943B,-1.872B,1.071B,270.00M,211.60M,481.60M,35.60M,,186.30M,265.60M,2.040B,4.066B,,384.50M,,68.60M,,453.10M,473.00M,926.10M,,,,,61.50M,,61.50M,,,27.40M,1.087B,,807.90M,,807.90M,,,,,300.70M,,63.50M,339.30M,1.490B,2.578B,,18.60M,2.453B,474.10M,1.152B,,,-369.20M,1.425B,,AOR,Restated
2012-06,75.50M,,75.50M,993.70M,,993.70M,220.50M,,339.10M,559.60M,171.60M,,152.30M,,1.953B,,,,,,,2.894B,-1.873B,1.021B,261.30M,213.50M,474.80M,33.00M,,203.80M,222.30M,1.955B,3.908B,,366.40M,,60.70M,29.10M,456.20M,433.30M,889.50M,,,,,46.50M,,46.50M,,,,996.40M,,810.00M,,810.00M,,,,203.90M,337.90M,,67.10M,129.80M,1.525B,2.521B,,18.60M,2.375B,470.00M,1.154B,,,-390.80M,1.319B,,AOR,Restated
2012-03,70.80M,,70.80M,1.051B,,1.051B,186.70M,,323.20M,509.90M,168.30M,,143.20M,,1.943B,,,,,,,2.911B,-1.900B,1.012B,230.80M,185.20M,416.00M,31.00M,,233.90M,215.60M,1.908B,3.852B,,376.10M,,41.30M,26.80M,444.20M,395.80M,840.00M,,,,,36.10M,,36.10M,,,,917.20M,,910.40M,,910.40M,,,,208.50M,349.70M,,62.10M,124.70M,1.635B,2.552B,,9.30M,2.283B,473.10M,1.157B,,,-370.70M,1.238B,,AOR,Restated
2011-12,158.90M,,158.90M,931.30M,,988.90M,171.70M,,298.60M,470.30M,106.40M,,135.50M,9.40M,1.869B,31.40M,143.10M,363.90M,2.150B,,161.30M,2.85B,-1.863B,986.80M,225.90M,209.10M,435.00M,28.30M,,315.60M,108.40M,1.874B,3.744B,,382.10M,10.50M,15.50M,,408.10M,325.60M,733.70M,35.80M,,,,46.50M,,46.50M,76.20M,76.20M,18.50M,919.90M,291.80M,779.10M,11.30M,790.40M,,,31.80M,,368.70M,,63.50M,36.80M,1.520B,2.439B,,18.60M,2.176B,454.50M,1.019B,,,-390.00M,1.241B,,AOR,Restated
2011-09,109.40M,,109.40M,854.30M,,854.30M,181.90M,,262.40M,444.30M,181.10M,,101.20M,,1.690B,,,,,,,2.822B,-1.867B,954.80M,204.20M,,204.20M,26.00M,,266.00M,248.30M,1.699B,3.390B,,345.60M,,33.70M,,379.30M,372.30M,751.60M,,,,,77.50M,,77.50M,,,13.80M,909.50M,,493.60M,,493.60M,,,,208.60M,252.70M,,60.30M,146.90M,1.102B,2.011B,,9.30M,2.109B,459.40M,966.00M,,,-293.50M,1.318B,,AOR,Restated
2011-06,186.60M,,186.60M,858.40M,,858.40M,160.90M,,260.40M,421.30M,185.80M,,101.00M,,1.753B,,,,,,,2.834B,-1.877B,957.40M,210.20M,,210.20M,25.40M,,274.80M,245.30M,1.713B,3.466B,,320.90M,,16.50M,12.90M,350.30M,390.80M,741.10M,,,,,137.40M,,137.40M,,,,925.30M,,485.50M,,485.50M,,,,214.80M,267.30M,,60.60M,152.00M,1.120B,2.045B,,9.30M,2.033B,455.10M,866.40M,,,-270.00M,1.361B,,AOR,Restated
2011-03,86.00M,,86.00M,973.90M,,973.90M,139.90M,,239.70M,379.60M,185.80M,,92.20M,,1.718B,,,,,,,2.826B,-1.887B,938.80M,206.40M,,206.40M,23.80M,,295.00M,234.70M,1.699B,3.416B,,351.20M,,11.40M,,362.60M,347.10M,709.70M,,,,,129.10M,,129.10M,,,20.80M,906.30M,,533.90M,,533.90M,,,,209.10M,287.90M,,55.70M,161.60M,1.192B,2.099B,,9.30M,1.936B,451.20M,857.40M,,,-277.70M,1.262B,,AOR,Restated
2010-12,161.50M,,161.50M,852.90M,,852.90M,122.20M,,225.60M,347.80M,175.30M,,108.70M,,1.646B,31.40M,142.70M,366.00M,2.154B,,83.60M,2.777B,-1.859B,918.50M,194.40M,,194.40M,22.40M,,314.70M,223.70M,1.674B,3.320B,,389.30M,,15.40M,,404.70M,399.70M,804.40M,,,,,134.90M,,134.90M,,,24.10M,963.40M,,503.00M,,503.00M,,,,209.90M,307.50M,,57.70M,146.90M,1.167B,2.131B,,9.30M,1.853B,443.60M,862.70M,,,-311.70M,1.132B,,AOR,Restated
2010-09,267.30M,,267.30M,813.70M,,813.70M,155.00M,,211.90M,366.90M,169.40M,,145.10M,,1.762B,,,,,,,2.758B,-1.815B,943.20M,199.20M,221.90M,421.10M,22.40M,,254.70M,,1.641B,3.404B,,322.90M,,5.70M,,328.60M,293.30M,621.90M,,,,,132.90M,,132.90M,,,18.40M,834.50M,,535.30M,,535.30M,,,218.10M,,281.30M,,54.90M,133.80M,1.212B,2.047B,,9.30M,1.916B,440.00M,771.90M,,,-290.80M,1.302B,,AOR,Restated
2010-06,162.40M,,162.40M,830.90M,,830.90M,132.10M,,213.90M,346.00M,160.30M,,159.00M,,1.659B,,,,,,,2.673B,-1.756B,917.00M,184.10M,,184.10M,21.40M,,215.70M,222.30M,1.560B,3.219B,,288.80M,,8.70M,30.70M,328.20M,333.70M,661.90M,,,,,75.30M,,75.30M,,,,737.20M,,562.90M,,562.90M,,,,216.10M,314.80M,,57.60M,175.50M,1.269B,2.006B,,9.30M,1.842B,397.40M,769.70M,,,-323.80M,1.155B,,AOR,Restated
2010-03,86.70M,,86.70M,892.50M,,892.50M,128.90M,,216.60M,345.50M,154.10M,,159.10M,,1.638B,,,,,,,2.716B,-1.778B,937.50M,197.70M,,197.70M,21.70M,,224.60M,213.60M,1.595B,3.233B,,272.90M,,7.40M,,280.30M,307.60M,587.90M,,,,,90.00M,,90.00M,,,56.60M,734.50M,,609.90M,,609.90M,,,,349.90M,,,54.70M,351.70M,1.312B,2.046B,,9.30M,1.785B,389.00M,752.80M,,,-298.30M,1.132B,,AOR,Restated
2009-12,76.60M,,76.60M,749.60M,,749.60M,135.90M,,214.60M,350.50M,138.00M,,173.00M,,1.488B,31.40M,140.90M,349.90M,2.133B,,94.70M,2.750B,-1.785B,964.50M,209.50M,,209.50M,22.40M,,240.70M,211.40M,1.648B,3.136B,,290.50M,,3.60M,,294.10M,309.70M,603.80M,,,,,55.90M,,55.90M,,,49.50M,709.20M,,588.00M,,588.00M,,,,167.00M,364.80M,,56.70M,174.10M,1.294B,2.003B,,9.30M,1.717B,388.60M,759.20M,,,-279.20M,1.076B,,AOR,Restated
2009-09,59.90M,,59.90M,715.40M,,715.40M,150.00M,,230.60M,380.60M,145.20M,,134.00M,,1.435B,,,,,,,2.699B,-1.75B,948.80M,212.80M,,212.80M,22.20M,,221.80M,204.80M,1.610B,3.046B,,262.50M,,4.00M,,266.50M,382.80M,649.30M,,,,,71.70M,,71.70M,,,44.20M,765.20M,,541.90M,,541.90M,,,,286.70M,,,52.30M,330.00M,1.159B,1.924B,,9.30M,1.664B,390.70M,767.50M,,,-227.30M,1.069B,,AOR,Restated
2009-06,67.00M,,67.00M,701.50M,,701.50M,139.30M,,251.10M,390.40M,132.80M,,132.00M,,1.424B,,,,,,,2.670B,-1.721B,948.40M,201.90M,,201.90M,21.00M,,239.30M,194.20M,1.605B,3.028B,,266.20M,,11.30M,,277.50M,339.20M,616.70M,,,,,72.60M,,72.60M,,,27.90M,717.20M,,561.20M,,561.20M,,,,339.10M,,,59.10M,309.80M,1.210B,1.927B,,9.30M,1.645B,392.40M,754.80M,,,-249.70M,1.042B,,AOR,Restated
2009-03,54.90M,,54.90M,724.80M,,724.80M,140.60M,,269.00M,409.60M,136.50M,,155.10M,,1.481B,,,,,,,2.587B,-1.671B,915.60M,194.90M,,194.90M,20.50M,,236.90M,171.20M,1.539B,3.02B,,305.40M,,25.20M,,330.60M,318.00M,648.60M,,,,,50.40M,,50.40M,,,23.70M,722.70M,,617.80M,,617.80M,,,,364.40M,,,56.60M,307.40M,1.290B,2.012B,,9.30M,1.585B,392.80M,744.40M,,,-291.30M,951.10M,,AOR,Restated
2008-12,52.40M,,52.40M,687.70M,,687.70M,131.10M,,249.70M,380.80M,135.00M,,176.90M,,1.433B,0.00,136.80M,313.50M,2.038B,33.80M,119.80M,2.642B,-1.702B,939.20M,197.00M,,197.00M,20.60M,,243.60M,160.70M,1.561B,2.994B,,372.30M,,24.60M,,396.90M,311.20M,708.10M,,,,,30.70M,,30.70M,,,20.30M,759.10M,,592.90M,,592.90M,,,,366.10M,,,63.50M,309.40M,1.268B,2.028B,,9.30M,1.525B,395.50M,750.50M,,,-276.10M,902.90M,,AOR,
2008-09,95.00M,,95.00M,719.70M,,719.70M,124.00M,,237.10M,361.10M,,,136.20M,120.90M,1.433B,,,,,,,2.642B,-1.711B,930.80M,192.40M,,192.40M,,,159.00M,215.30M,1.498B,2.930B,,364.50M,,,,364.50M,326.80M,691.30M,,,,,33.90M,,33.90M,,,35.60M,760.80M,,542.10M,,542.10M,,,,,,,58.00M,419.90M,962.00M,1.723B,,9.30M,1.488B,395.10M,691.70M,,,-50.70M,1.150B,,,Restated
2008-06,123.30M,,123.30M,754.00M,,754.00M,109.60M,,211.60M,321.20M,172.60M,,144.40M,,1.516B,,,,,,,2.659B,-1.741B,917.50M,193.00M,,193.00M,,,161.60M,191.10M,1.463B,2.979B,,370.00M,,,,370.00M,304.70M,674.70M,,,,,62.60M,,62.60M,,,39.60M,776.90M,,491.70M,,491.70M,,,,,,,59.60M,435.00M,926.70M,1.704B,,9.30M,1.417B,398.90M,634.60M,,,25.10M,1.216B,,,Restated
2008-03,70.40M,,70.40M,759.00M,,759.00M,99.30M,,201.20M,300.50M,142.50M,,138.00M,,1.410B,,,,,,,2.810B,-1.890B,920.20M,193.50M,,193.50M,,,206.50M,171.90M,1.492B,2.902B,,333.50M,,,,333.50M,273.00M,606.50M,,,,,132.10M,,132.10M,,,42.60M,781.20M,,482.90M,,482.90M,,,,,,,55.90M,432.40M,915.30M,1.696B,,9.30M,1.342B,404.90M,619.00M,,,13.10M,1.150B,,,Restated
2007-12,75.50M,,75.50M,599.70M,,599.70M,73.90M,,201.10M,275.00M,126.90M,,117.00M,,1.194B,0.00,157.00M,361.20M,2.218B,33.80M,74.00M,2.844B,-1.909B,934.70M,180.20M,,180.20M,,,259.00M,165.40M,1.539B,2.733B,,327.40M,,,,327.40M,260.60M,588.00M,,,,,125.60M,,125.60M,,,37.80M,751.40M,,419.60M,,419.60M,,,,,,,58.40M,439.70M,859.30M,1.611B,,9.30M,1.256B,407.50M,598.40M,37.80M,-47.70M,-9.90M,1.064B,,,
2007-09,115.90M,,115.90M,613.10M,,613.10M,74.60M,,182.00M,256.60M,120.80M,,67.80M,,1.174B,,,,,,,2.808B,-1.873B,935.10M,175.40M,,175.40M,,,291.80M,161.70M,1.564B,2.738B,,296.50M,,,,296.50M,295.80M,592.30M,,,,,155.70M,,155.70M,,,23.30M,771.30M,,416.40M,,416.40M,,,,,,,55.40M,440.00M,856.40M,1.628B,,9.30M,1.232B,407.70M,570.40M,,,-23.70M,1.055B,,,
2007-06,63.20M,,63.20M,683.20M,,683.20M,73.10M,,157.00M,230.10M,101.40M,,71.70M,,1.150B,,,,,,,2.817B,-1.870B,946.90M,168.00M,,168.00M,,,312.10M,153.40M,1.580B,2.73B,,289.10M,,,,289.10M,270.40M,559.50M,,,,,158.70M,,158.70M,,,14.10M,732.30M,,440.20M,,440.20M,,,,,,,58.00M,464.50M,904.70M,1.637B,,4.60M,1.203B,414.40M,548.10M,,,-39.00M,1.035B,,,
2007-03,49.20M,,49.20M,690.10M,,690.10M,69.00M,,148.40M,217.40M,100.30M,,66.40M,,1.123B,,,,,,,2.988B,-1.971B,1.017B,166.40M,,166.40M,,,307.30M,150.20M,1.641B,2.764B,,284.90M,,,,284.90M,261.20M,546.10M,,,,,102.20M,,102.20M,,,20.80M,669.10M,,515.50M,,515.50M,,,,,,,56.60M,463.60M,979.10M,1.648B,,4.60M,1.208B,418.30M,526.40M,,,-44.70M,1.060B,,,
2006-12,165.50M,,165.50M,537.90M,,537.90M,65.20M,,154.20M,219.40M,91.30M,,53.70M,,1.068B,0.00,154.70M,362.00M,2.355B,33.80M,63.20M,2.968B,-1.943B,1.025B,163.60M,,163.60M,,,336.50M,147.70M,1.673B,2.741B,,301.40M,,,,301.40M,251.00M,552.40M,,,,,106.20M,,106.20M,,,58.90M,717.50M,,523.50M,,523.50M,,,,,,,59.00M,430.50M,954.00M,1.672B,,9.30M,1.157B,426.30M,525.40M,4.20M,-61.30M,-57.10M,1.010B,,,
2006-09,257.50M,,257.50M,538.10M,,538.10M,59.70M,,134.10M,193.80M,81.60M,25.00M,35.30M,,1.131B,,,,,,,2.936B,-1.927B,1.009B,159.80M,,159.80M,,,342.90M,143.20M,1.655B,2.786B,,272.90M,,,,272.90M,285.70M,558.60M,,,,,99.00M,,99.00M,,,50.80M,708.40M,,577.90M,,577.90M,,,,,,,51.50M,424.80M,1.003B,1.711B,,4.60M,1.160B,436.00M,523.00M,,,-54.40M,1.024B,,,
2006-06,203.80M,,203.80M,599.90M,,599.90M,57.90M,,138.10M,196.00M,97.30M,,36.80M,,1.134B,,,,2.898B,,,2.898B,-1.896B,1.002B,157.50M,,157.50M,,,348.10M,139.90M,1.647B,2.781B,,254.30M,,,,254.30M,269.20M,523.50M,,,,,105.90M,,105.90M,,,51.60M,681.00M,,574.50M,,574.50M,,,,,,,53.70M,428.60M,1.003B,1.684B,,4.60M,1.132B,439.20M,483.50M,,,-49.10M,1.043B,,,
2006-03,184.10M,,184.10M,591.60M,,591.60M,58.50M,,151.00M,209.50M,105.30M,,28.10M,,1.119B,,,,,,,2.860B,-1.858B,1.003B,150.70M,,150.70M,,,367.90M,138.50M,1.66B,2.779B,,270.60M,,,,270.60M,222.20M,492.80M,,,,,123.10M,,123.10M,,,62.00M,677.90M,,603.50M,,603.50M,,,,,,,50.90M,438.40M,1.042B,1.720B,,4.60M,1.093B,449.50M,483.60M,,,-55.40M,1.008B,,,
2005-12,206.40M,,206.40M,494.30M,,494.30M,57.10M,,159.20M,216.30M,115.50M,,31.90M,,1.064B,0.00,149.80M,343.40M,2.262B,24.80M,56.70M,2.837B,-1.825B,1.012B,148.60M,,148.60M,,,374.60M,140.40M,1.676B,2.74B,,301.00M,,,,301.00M,231.00M,532.00M,,,,,80.40M,,80.40M,,,46.90M,659.30M,,639.80M,,639.80M,,,,,,,51.50M,430.10M,1.070B,1.729B,,4.60M,1.062B,427.70M,489.10M,-24.40M,-21.70M,-46.10M,959.30M,,,
2005-09,93.80M,,93.80M,482.10M,,482.10M,69.10M,,135.30M,204.40M,,,4.50M,156.50M,941.30M,,,,,,,2.867B,-1.849B,1.017B,,151.20M,151.20M,,,412.60M,162.00M,1.743B,2.684B,,230.50M,,,,230.50M,274.30M,504.80M,,,,,82.90M,,82.90M,,,81.50M,669.20M,,618.70M,,618.70M,,,,,,,49.40M,383.00M,1.002B,1.671B,,4.60M,1.037B,427.20M,493.90M,,,-10.80M,964.00M,,,
2005-06,269.10M,,269.10M,535.70M,,535.70M,,,,202.90M,,,4.60M,123.70M,1.136B,,,,,,,2.881B,-1.857B,1.024B,,151.90M,151.90M,,,423.50M,170.80M,1.77B,2.906B,,254.10M,,,,254.10M,278.60M,532.70M,,,,,77.40M,,77.40M,,,107.30M,717.40M,,804.10M,,804.10M,,,,,,,50.40M,396.00M,1.200B,1.918B,,4.50M,1.041B,421.30M,498.40M,,,-30.60M,938.10M,,,
2005-03,229.30M,,229.30M,564.80M,,564.80M,,,,202.90M,,,8.60M,120.40M,1.126B,,,,,,,2.934B,-1.857B,1.077B,,162.10M,162.10M,,,433.50M,171.80M,1.844B,2.970B,,279.80M,,,,279.80M,262.00M,541.80M,,,,,90.50M,,90.50M,,,122.60M,754.90M,,819.10M,,819.10M,,,,,,,50.50M,402.60M,1.222B,1.977B,,4.50M,1.010B,414.00M,501.50M,,,15.90M,943.00M,,,
2004-12,212.40M,,212.40M,479.70M,,479.70M,61.10M,,156.40M,217.50M,,9.70M,24.60M,128.80M,1.073B,0.00,147.70M,351.30M,2.402B,24.80M,43.30M,2.969B,-1.857B,1.112B,,169.80M,169.80M,,,448.60M,175.40M,1.906B,2.978B,,342.90M,,,,342.90M,266.90M,609.80M,,,,,101.00M,,101.00M,,,109.30M,820.10M,,822.20M,,822.20M,,,,,,,51.10M,408.80M,1.231B,2.051B,,4.50M,945.60M,397.40M,504.00M,,,32.70M,876.20M,,,
2004-09,185.20M,,185.20M,482.80M,,482.80M,,,,164.50M,,137.20M,19.40M,121.40M,1.110B,,,,,,,2.871B,-1.792B,1.080B,,153.80M,153.80M,,,351.20M,183.40M,1.768B,2.879B,,239.30M,,,,239.30M,304.80M,544.10M,,,,,84.50M,,84.50M,,,131.60M,760.20M,,968.60M,,968.60M,,,,,,,48.70M,403.30M,1.372B,2.132B,,4.40M,840.30M,383.20M,505.70M,,,-24.30M,697.90M,,,
2004-06,100.60M,,100.60M,482.90M,,482.90M,,,,162.70M,,136.90M,29.20M,122.60M,1.035B,,,,,,,2.851B,-1.761B,1.090B,,152.60M,152.60M,,,336.30M,190.40M,1.769B,2.804B,,238.60M,,,,238.60M,288.80M,527.40M,,,,,82.90M,,82.90M,,,88.00M,698.30M,,994.80M,,994.80M,,,,,,,47.80M,414.40M,1.409B,2.108B,,4.40M,810.80M,374.70M,507.70M,,,-33.60M,648.60M,,,
2004-03,65.10M,,65.10M,550.60M,,550.60M,,,,180.10M,,136.70M,32.70M,122.10M,1.087B,,,,,,,2.850B,-1.747B,1.103B,,152.20M,152.20M,,,319.30M,198.40M,1.773B,2.86B,,256.70M,,,,256.70M,315.70M,572.40M,,,,,25.90M,,25.90M,,,96.40M,694.70M,,1.096B,,1.096B,,,,,,,47.70M,424.40M,1.521B,2.215B,,4.40M,780.10M,357.00M,507.60M,,,-37.00M,596.90M,,,
2003-12,57.00M,,57.00M,478.20M,,478.20M,70.30M,,122.30M,192.60M,,136.90M,32.90M,112.10M,1.010B,0.00,216.90M,340.30M,2.233B,,69.90M,2.860B,-1.732B,1.128B,,156.30M,156.30M,,,322.20M,212.50M,1.819B,2.829B,,299.50M,,,,299.50M,318.00M,617.50M,,,,,16.80M,,16.80M,,,93.20M,727.50M,,1.033B,,1.033B,,,,,,,48.30M,431.30M,1.465B,2.192B,,4.30M,774.60M,338.80M,507.60M,,,-21.80M,588.30M,,,
2003-09,153.10M,,153.10M,432.50M,,432.50M,,,,185.50M,,137.40M,57.90M,116.50M,1.083B,,,,2.764B,,,2.764B,-1.689B,1.075B,,144.40M,144.40M,,,297.20M,213.20M,1.730B,2.812B,,229.60M,,,,229.60M,386.30M,615.90M,,,,,49.70M,,49.70M,,,84.10M,749.70M,,1.034B,,1.034B,,,,,,,43.40M,482.80M,1.517B,2.267B,,4.30M,768.30M,337.90M,507.70M,,,-100.40M,502.40M,,,
2003-06,93.70M,,93.70M,487.60M,,487.60M,,,,188.90M,,261.60M,57.70M,135.00M,1.224B,,,,2.756B,,,2.756B,-1.665B,1.090B,,144.70M,144.70M,,,296.10M,225.60M,1.757B,2.981B,,239.40M,,,,239.40M,337.00M,576.40M,,,,,180.60M,,180.60M,,,57.80M,814.80M,,1.109B,,1.109B,,,,,,,44.30M,502.80M,1.612B,2.427B,,4.30M,771.70M,337.90M,507.40M,,,-96.60M,509.90M,,,
2003-03,60.00M,,60.00M,504.90M,,504.90M,,,,183.90M,,259.30M,56.80M,132.40M,1.197B,,,,,,,2.684B,-1.610B,1.075B,,134.10M,134.10M,,,298.70M,210.80M,1.718B,2.916B,,231.60M,,,,231.60M,314.30M,545.90M,,,,,195.50M,,195.50M,,,63.00M,804.40M,,1.122B,,1.122B,,,,,,,43.90M,504.30M,1.627B,2.431B,,4.30M,749.90M,337.40M,507.60M,,,-143.60M,440.40M,,,
2002-12,89.60M,,89.60M,462.20M,,462.20M,53.70M,,125.10M,178.80M,,274.60M,58.00M,112.50M,1.176B,0.00,140.30M,317.40M,2.132B,,57.60M,2.647B,-1.571B,1.076B,,129.70M,129.70M,,,297.90M,193.20M,1.696B,2.872B,,286.50M,,,,286.50M,314.60M,601.10M,,,,,249.30M,,249.30M,,,24.20M,874.60M,,1.036B,,1.036B,,,,,,,44.80M,510.70M,1.547B,2.421B,,4.30M,748.10M,334.10M,507.60M,,,-172.90M,406.00M,,,
2002-09,37.30M,,37.30M,367.50M,,367.50M,,,,167.50M,,,46.10M,116.20M,734.60M,,,,,,,2.592B,-1.533B,1.059B,,124.30M,124.30M,,,280.10M,170.20M,1.633B,2.368B,,212.30M,,,,212.30M,289.20M,501.50M,,,,,321.10M,,321.10M,,,62.10M,884.70M,,568.80M,,568.80M,,,,,,,43.20M,449.30M,1.018B,1.903B,,4.30M,738.60M,334.10M,507.30M,,,-147.80M,421.90M,,,
2002-06,50.30M,,50.30M,407.90M,,407.90M,,,,189.40M,,,50.00M,111.10M,808.70M,,,,,,,2.581B,-1.513B,1.068B,,123.00M,123.00M,,,288.60M,178.20M,1.658B,2.467B,,219.10M,,,,219.10M,300.70M,519.80M,,,,,335.10M,,335.10M,,,83.20M,938.10M,,623.20M,,623.20M,,,,,,,43.00M,470.90M,1.094B,2.032B,,4.30M,720.00M,334.10M,507.10M,,,-159.80M,391.50M,,,
2002-03,14.20M,,14.20M,406.40M,,406.40M,,,,204.80M,,,50.20M,118.00M,793.60M,,,,,,,2.522B,-1.464B,1.058B,,111.10M,111.10M,,,299.60M,170.20M,1.639B,2.432B,,285.40M,,,,285.40M,,285.40M,,,,,387.10M,,387.10M,,,375.80M,1.048B,,623.10M,,623.10M,,,,,,,42.10M,493.50M,1.117B,2.165B,,4.00M,700.80M,228.90M,508.10M,,,-200.10M,225.50M,,,
2001-12,23.40M,,23.40M,441.70M,,441.70M,65.50M,,141.70M,207.20M,,,48.40M,99.60M,820.30M,0.00,156.00M,375.70M,1.929B,,77.10M,2.538B,-1.450B,1.088B,,116.30M,116.30M,,,294.80M,158.00M,1.657B,2.477B,,327.70M,,,,327.70M,373.10M,700.80M,,,,,271.70M,,271.70M,,,106.70M,1.079B,,651.80M,,651.80M,,,,,,,44.80M,482.60M,1.134B,2.214B,,3.90M,691.80M,217.50M,507.60M,,,-186.80M,218.80M,,,
2001-09,123.60M,,123.60M,669.80M,,669.80M,,,,468.90M,,,116.90M,195.80M,1.575B,,,,,,,3.136B,-1.788B,1.348B,459.60M,,459.60M,,,187.80M,222.20M,2.218B,3.793B,,563.00M,,,,563.00M,44.90M,607.90M,,35.90M,,192.90M,228.80M,,228.80M,,,656.90M,1.494B,,1.002B,,1.002B,,,,,,,117.20M,569.90M,1.572B,3.065B,,3.90M,1.229B,215.50M,512.00M,,,-326.00M,610.40M,,,
2001-06,32.40M,,32.40M,689.00M,,689.00M,,,,469.50M,,,97.20M,221.90M,1.51B,,,,,,,3.086B,-1.755B,1.330B,460.00M,,460.00M,,,247.00M,219.50M,2.257B,3.767B,,589.30M,,,,589.30M,13.00M,602.30M,,35.90M,,196.60M,232.50M,,232.50M,,,694.70M,1.530B,,932.10M,,932.10M,,,,,,,111.40M,592.50M,1.525B,3.054B,,4.00M,1.213B,212.50M,512.50M,,,-315.10M,601.50M,,,
2001-03,30.80M,,30.80M,654.70M,,654.70M,,,,483.50M,,,107.20M,245.70M,1.522B,,,,,,,3.447B,-1.828B,1.619B,481.10M,,481.10M,,,60.30M,208.60M,2.369B,3.891B,,602.60M,,,,602.60M,36.00M,638.60M,,2.80M,,506.70M,509.50M,,509.50M,,,452.50M,1.601B,,843.20M,,843.20M,,,,,,,46.00M,616.40M,1.460B,3.060B,,3.90M,1.372B,206.20M,510.80M,,,-286.80M,784.90M,,,
2000-12,7.30M,,7.30M,358.60M,,358.60M,51.60M,,119.80M,171.40M,,,60.80M,727.90M,1.326B,0.00,155.10M,363.90M,2.173B,,130.30M,2.822B,-1.463B,1.359B,,121.50M,121.50M,,,82.10M,173.30M,1.736B,3.062B,,329.10M,,,,329.10M,309.00M,638.10M,,,,,135.70M,,135.70M,,,108.40M,882.20M,,871.80M,,871.80M,,,,,,,46.50M,460.80M,1.333B,2.215B,,3.90M,1.399B,181.60M,511.40M,,,-272.60M,800.40M,,,
2000-09,57.90M,,57.90M,,,642.50M,,,,406.50M,,,,248.00M,1.355B,,,,,,,3.604B,-2.032B,1.572B,,487.90M,487.90M,,,,379.80M,2.439B,3.794B,,524.70M,,,,524.70M,,524.70M,,,,,364.20M,,364.20M,,,564.70M,1.454B,,909.30M,,909.30M,,,,,,,48.40M,655.50M,1.565B,3.018B,,3.80M,1.349B,172.20M,511.50M,,,-286.00M,727.40M,,,
2000-06,56.20M,,56.20M,,,625.70M,,,,409.30M,,,,292.50M,1.384B,,,,,,,3.331B,-1.762B,1.570B,,504.90M,504.90M,,,,471.20M,2.546B,3.930B,,577.70M,,,,577.70M,,577.70M,,,,,453.50M,,453.50M,,,490.00M,1.521B,,909.90M,,909.90M,,,,,,,45.60M,687.60M,1.598B,3.119B,,3.80M,1.359B,168.60M,511.30M,,,-255.00M,765.20M,,,
2000-03,52.30M,,52.30M,,,621.10M,,,,447.40M,,,,293.20M,1.414B,,,,,,,3.734B,-2.043B,1.691B,,526.10M,526.10M,,,,367.20M,2.584B,3.998B,,603.40M,,,,603.40M,,603.40M,,,,,496.10M,,496.10M,,,505.40M,1.605B,,928.00M,,928.00M,,,,,,,45.30M,672.20M,1.600B,3.205B,,3.80M,1.321B,166.30M,511.60M,,,-231.90M,747.70M,,,
1999-12,64.00M,,64.00M,,,635.40M,,,,457.70M,,,,259.40M,1.416B,,,,,,,3.724B,-2.032B,1.692B,,505.70M,505.70M,,,,381.70M,2.579B,3.996B,,665.50M,,,,665.50M,,665.50M,,,,,358.80M,,358.80M,,,551.70M,1.576B,,945.10M,,945.10M,,,,,,,46.20M,684.90M,1.63B,3.206B,,3.80M,1.288B,165.80M,510.80M,,,-203.50M,743.60M,,,
1999-09,76.00M,,76.00M,,,781.10M,,,,490.00M,,,,271.00M,1.618B,,,,,,,3.728B,-2.039B,1.688B,,515.00M,515.00M,,,,346.20M,2.549B,4.167B,,623.80M,,,,623.80M,,623.80M,,,,,199.70M,,199.70M,,,568.90M,1.392B,,1.396B,,1.396B,,,,,,,44.90M,600.10M,1.996B,3.389B,,3.80M,1.257B,165.50M,498.50M,,,-194.10M,733.70M,,,
1999-06,90.10M,,90.10M,,,858.30M,,,,562.70M,,,,286.40M,1.798B,,,,,,,3.901B,-2.130B,1.772B,,373.20M,373.20M,,,,485.90M,2.631B,4.428B,,639.80M,,,,639.80M,,639.80M,,,,,464.50M,,464.50M,,,557.50M,1.662B,,1.346B,,1.346B,,,,,,,45.60M,620.70M,1.967B,3.628B,,,1.193B,,,,,,754.30M,,,
1999-03,115.20M,,115.20M,,,870.40M,,,,534.40M,,,,298.50M,1.818B,,,,,,,3.840B,-2.116B,1.724B,,376.70M,376.70M,,,,350.90M,2.452B,4.270B,,670.00M,,,,670.00M,,670.00M,,,,,329.90M,,329.90M,,,584.90M,1.585B,,1.336B,,1.336B,,,,,,,56.80M,626.00M,1.962B,3.547B,,,1.106B,,,,,,666.50M,,,
1998-12,61.70M,,61.70M,,,840.60M,,,,517.70M,,,,261.70M,1.682B,,,,,,,3.825B,-2.097B,1.728B,,399.10M,399.10M,,,,358.10M,2.485B,4.166B,,685.80M,,,,685.80M,,685.80M,,,,,155.30M,,155.30M,,,570.80M,1.412B,,1.326B,,1.326B,,,,,,,73.50M,625.20M,1.952B,3.364B,,3.80M,1.076B,158.40M,374.40M,,,-134.10M,729.40M,,,
1998-09,90.90M,,90.90M,,,820.80M,,,,538.20M,,,,254.30M,1.704B,,,,,,,3.852B,-2.151B,1.701B,,397.70M,397.70M,,,,360.80M,2.460B,4.164B,,668.80M,,,,668.80M,,668.80M,,,,,171.70M,,171.70M,,,595.20M,1.436B,,1.302B,,1.302B,,,,,,,73.40M,593.10M,1.895B,3.331B,,,1.083B,,,,,,759.40M,,,
1998-06,70.00M,,70.00M,,,814.10M,,,,592.20M,,,,290.10M,1.766B,,,,,,,3.783B,-2.085B,1.698B,,403.70M,403.70M,,,,269.60M,2.371B,4.138B,,645.30M,,,,645.30M,,645.30M,,,,,179.10M,,179.10M,,,534.00M,1.358B,,1.285B,,1.285B,,,,,,,57.40M,660.00M,1.945B,3.304B,,,1.028B,,,,,,776.60M,,,
1998-03,58.20M,,58.20M,,,874.70M,,,,572.80M,,,,310.10M,1.816B,,,,,,,3.737B,-2.047B,1.689B,,408.40M,408.40M,,,,258.00M,2.356B,4.172B,,643.00M,,,,643.00M,,643.00M,,,,,261.70M,,261.70M,,,499.10M,1.404B,,1.310B,,1.310B,,,,,,,55.40M,676.70M,1.986B,3.390B,,,959.90M,,,,,,726.00M,,,
1997-12,62.70M,,62.70M,,,834.20M,,,,524.10M,,,,294.60M,1.716B,,,,,,,3.655B,-1.976B,1.679B,,420.40M,420.40M,,,,297.80M,2.398B,4.113B,,663.50M,,,,663.50M,,663.50M,,,,,200.40M,,200.40M,,,600.60M,1.464B,,1.140B,,1.140B,,,,,,,58.00M,689.80M,1.83B,3.294B,,,969.20M,,,,,,760.60M,,,
1997-09,85.90M,,85.90M,,,837.60M,,,,557.10M,,,,212.10M,1.693B,,,,,,,3.842B,-2.002B,1.840B,,441.10M,441.10M,,,,412.50M,2.694B,4.386B,,569.50M,,,,569.50M,,569.50M,,,,,358.30M,,358.30M,,,538.60M,1.466B,,1.326B,,1.326B,,,,,,,58.10M,610.60M,1.936B,3.403B,,,982.40M,,,,,,925.60M,,,
1997-06,105.60M,,105.60M,,,985.20M,,,,893.40M,,,,239.70M,2.224B,,,,,,,4.328B,-2.37B,1.958B,,470.10M,470.10M,,,,340.80M,2.769B,4.993B,,945.70M,,,,945.70M,,945.70M,,,,,387.90M,,387.90M,,,614.50M,1.948B,,1.315B,,1.315B,,,,,,,144.20M,665.60M,1.981B,3.929B,,,919.50M,,,,,,919.90M,,,
1997-03,52.00M,,52.00M,,,1.013B,,,,851.80M,,,,251.30M,2.168B,,,,,,,4.278B,-2.336B,1.941B,,476.30M,476.30M,,,,340.80M,2.758B,4.927B,,898.60M,,,,898.60M,,898.60M,,,,,484.70M,,484.70M,,,551.60M,1.935B,,1.293B,,1.293B,,,,,,,145.60M,688.70M,1.982B,3.917B,,,846.70M,,,,,,864.30M,,,
1996-12,74.80M,,74.80M,,,913.70M,,,,497.30M,,,,277.00M,1.763B,,,,,,,3.767B,-1.932B,1.834B,,471.70M,471.70M,,,,398.40M,2.705B,4.467B,,538.70M,,,,538.70M,,538.70M,,,,,566.00M,,566.00M,,,486.10M,1.591B,,1.268B,,1.268B,,,,,,,57.50M,694.90M,1.963B,3.554B,,,806.80M,,,,,,855.80M,,,
1996-09,116.60M,,116.60M,,,873.30M,,,,826.10M,,,,264.70M,2.081B,,,,,,,4.193B,-2.315B,1.877B,,361.10M,361.10M,,,,533.20M,2.772B,4.852B,,810.40M,,,,810.40M,,810.40M,,,,,716.80M,,716.80M,,,564.10M,2.091B,,1.056B,,1.056B,,,,,,,141.40M,737.80M,1.794B,3.886B,,,762.20M,,,,,,825.40M,,,
1996-06,117.60M,,117.60M,,,928.00M,,,,742.70M,,,,287.60M,2.076B,,,,,,,4.087B,-2.274B,1.812B,,336.00M,336.00M,,,,573.20M,2.722B,4.798B,,798.30M,,,,798.30M,,798.30M,,,,,912.70M,,912.70M,,,515.90M,2.227B,,965.30M,,965.30M,,,,,,,140.30M,696.40M,1.662B,3.889B,,,707.60M,,,,,,768.60M,,,
1996-03,107.60M,,107.60M,,,827.20M,,,,700.40M,,,,323.40M,1.959B,,,,,,,4.212B,-2.356B,1.856B,,335.80M,335.80M,,,,328.80M,2.520B,4.479B,,779.00M,,,,779.00M,,779.00M,,,,,703.60M,,703.60M,,,442.00M,1.925B,,1.244B,,1.244B,,,,,,,177.50M,427.60M,1.671B,3.596B,,,651.30M,,,,,,705.70M,,,
1995-12,70.90M,,70.90M,,,837.80M,,,,615.00M,,,,281.20M,1.805B,,,,,,,4.171B,-2.342B,1.830B,,345.60M,345.60M,,,,321.00M,2.496B,4.301B,,848.50M,,,,848.50M,,848.50M,,,,,487.00M,,487.00M,,,457.20M,1.793B,,1.259B,,1.259B,,,,,,,157.40M,438.60M,1.698B,3.490B,,,596.10M,,,,,,653.40M,,,
1995-09,100.80M,,100.80M,,,766.80M,,,,568.10M,,,,312.80M,1.748B,,,,,,,4.248B,-2.520B,1.728B,,334.00M,334.00M,,,,353.00M,2.415B,4.163B,,734.80M,,,,734.80M,,734.80M,,,,,347.70M,,347.70M,,,601.10M,1.684B,,994.80M,,994.80M,,,,,,,153.70M,719.90M,1.715B,3.398B,,,567.70M,,,,,,611.20M,,,
1995-06,127.20M,,127.20M,,,759.80M,,,,539.40M,,,,290.80M,1.717B,,,,,,,4.168B,-2.491B,1.677B,,,,,,,669.30M,2.346B,4.063B,,703.90M,,,,703.90M,,703.90M,,,,,514.80M,,514.80M,,,514.40M,1.733B,,997.70M,,997.70M,,,,,,,101.10M,658.30M,1.656B,3.389B,,,510.70M,,,,,,573.20M,,,
1995-03,146.00M,,146.00M,,,695.60M,,,,455.50M,,,,263.30M,1.560B,,,,,,,3.978B,-2.405B,1.573B,,,,,,,427.70M,2.001B,3.561B,,676.70M,,,,676.70M,,676.70M,,,,,203.70M,,203.70M,,,433.70M,1.314B,,998.30M,,998.30M,,,,,,,112.70M,662.50M,1.661B,2.975B,,,432.90M,,,,,,473.50M,,,
1994-12,98.40M,,98.40M,,,642.80M,,,,403.90M,,,,231.20M,1.376B,,,,,,,3.898B,-2.360B,1.537B,,,,,,,437.80M,1.975B,3.352B,,676.90M,,,,676.90M,,676.90M,,,,,131.00M,,131.00M,,,461.00M,1.269B,,1.208B,,1.208B,,,,,,,99.50M,358.90M,1.567B,2.836B,,,380.50M,,,,,,416.50M,,,
1994-09,114.50M,,114.50M,,,652.40M,,,,430.40M,,,,278.30M,1.476B,,,,,,,3.803B,-2.308B,1.496B,,157.60M,157.60M,,,,232.00M,1.886B,3.361B,,658.10M,,,,658.10M,,658.10M,,,,,96.10M,,96.10M,,,626.00M,1.380B,,878.20M,,878.20M,,,,,,,118.60M,591.60M,1.470B,2.85B,,,355.20M,,,,,,392.50M,,,
1994-06,66.50M,,66.50M,,,701.10M,,,,447.00M,,,,297.70M,1.512B,,,,,,,3.710B,-2.258B,1.451B,,153.80M,153.80M,,,,197.80M,1.803B,3.315B,,627.20M,,,,627.20M,,627.20M,,,,,79.00M,,79.00M,,,679.80M,1.386B,,869.10M,,869.10M,,,,,,,113.20M,610.30M,1.479B,2.865B,,,320.50M,,,,,,336.40M,,,
1994-03,140.50M,,140.50M,,,627.70M,,,,422.90M,,,,288.80M,1.480B,,,,,,,3.650B,-2.216B,1.434B,,126.60M,126.60M,,,,152.60M,1.713B,3.193B,,599.50M,,,,599.50M,,599.50M,,,,,76.80M,,76.80M,,,614.80M,1.291B,,880.40M,,880.40M,,,,,,,123.30M,633.90M,1.514B,2.805B,,,253.20M,,,,,,264.00M,,,
1993-12,77.50M,,77.50M,,,573.20M,,,,268.10M,,,,240.90M,1.160B,,,,,,,3.498B,-2.108B,1.390B,,91.70M,91.70M,,,,171.50M,1.653B,2.813B,,501.20M,,,,501.20M,,501.20M,,,,,119.00M,,119.00M,,,535.80M,1.156B,,749.90M,,749.90M,,,,,,,43.40M,646.90M,1.397B,2.553B,,,207.10M,,,,,,216.90M,,,
1993-09,150.10M,,150.10M,,,576.30M,,,,265.40M,,,,232.90M,1.225B,,,,,,,3.576B,-2.132B,1.444B,,90.90M,90.90M,,,,134.40M,1.670B,2.894B,,457.00M,,,,457.00M,,457.00M,,,,,72.30M,,72.30M,,,555.30M,1.085B,,884.60M,,884.60M,,,,,,,57.30M,546.30M,1.431B,2.516B,,,309.40M,,,,,,321.40M,,,
1993-06,135.90M,,135.90M,,,600.00M,,,,629.60M,,,,230.30M,1.596B,,,,,,,3.571B,-2.110B,1.461B,,86.70M,86.70M,,,,149.20M,1.697B,3.293B,,770.30M,,,,770.30M,,770.30M,,,,,76.00M,,76.00M,,,548.10M,1.394B,,972.60M,,972.60M,,,,,,,56.50M,562.60M,1.535B,2.930B,,,274.20M,,,,,,306.50M,,,
1993-03,130.00M,,130.00M,,,568.50M,,,,318.60M,,,,235.00M,1.252B,,,,,,,3.536B,-2.074B,1.462B,,61.00M,61.00M,,,,158.10M,1.681B,2.934B,,477.50M,,,,477.50M,,477.50M,,,,,112.90M,,112.90M,,,531.80M,1.122B,,1.251B,,1.251B,,,,,,,56.40M,250.40M,1.501B,2.624B,,,216.30M,,,,,,253.60M,,,
1992-12,24.30M,,24.30M,,,543.50M,,,,319.30M,,,,235.90M,1.123B,,,,,,,3.542B,-2.040B,1.502B,,63.20M,63.20M,,,,138.30M,1.704B,2.827B,,513.90M,,,,513.90M,,513.90M,,,,,63.20M,,63.20M,,,547.00M,1.124B,,843.60M,,843.60M,,,,,,,55.90M,584.00M,1.428B,2.552B,,,170.80M,,,,,,219.00M,,,
1992-09,152.40M,,152.40M,,,637.80M,,,,347.30M,,,,262.70M,1.400B,,,,,,,3.560B,-2.026B,1.534B,,73.30M,73.30M,,,,90.80M,1.698B,3.099B,,503.60M,,,,503.60M,,503.60M,,,,,89.30M,,89.30M,,,558.90M,1.152B,,1.117B,,1.117B,121.60M,,121.60M,,,,56.90M,172.80M,1.411B,2.563B,,,397.50M,,,,,,478.90M,,,
1992-06,106.10M,,106.10M,,,588.70M,,,,370.90M,,,,258.40M,1.324B,,,,,,,3.518B,-1.982B,1.536B,,25.00M,25.00M,,,,138.90M,1.700B,3.024B,,501.10M,,,,501.10M,,501.10M,,,,,55.80M,,55.80M,,,570.50M,1.127B,,1.109B,,1.109B,121.70M,,121.70M,,,,57.40M,178.60M,1.410B,2.537B,,,357.50M,,,,,,429.30M,,,
1992-03,89.20M,,89.20M,,,568.60M,,,,404.70M,,,,259.30M,1.322B,,,,,,,3.500B,-1.943B,1.557B,,71.10M,71.10M,,,,87.90M,1.716B,3.038B,,548.00M,,,,548.00M,,548.00M,,,,,67.60M,,67.60M,,,566.30M,1.182B,,1.127B,,1.127B,118.60M,,118.60M,,,,64.00M,186.60M,1.432B,2.614B,,,292.10M,,,,,,360.00M,,,
1991-12,44.20M,,44.20M,,,529.70M,,,,364.80M,,,,241.10M,1.180B,,,,,,,3.390B,-1.905B,1.484B,,25.80M,25.80M,,,,125.80M,1.636B,2.816B,,600.40M,,,,600.40M,,600.40M,,,,,63.10M,,63.10M,,,529.50M,1.193B,,929.00M,,929.00M,122.10M,,122.10M,,,,62.80M,198.90M,1.25B,2.443B,,,57.00M,,,,,,309.80M,,,
1991-09,141.30M,,141.30M,,,553.40M,,,,371.00M,,,,236.20M,1.302B,,,,,,,3.314B,-1.870B,1.444B,,61.60M,61.60M,,,,88.80M,1.594B,2.896B,,569.20M,,,,569.20M,,569.20M,,,,,63.20M,,63.20M,,,536.60M,1.169B,,1.115B,,1.115B,100.50M,,100.50M,,,,62.00M,199.80M,1.416B,2.585B,,,216.40M,,,,,,249.60M,,,
1991-06,184.50M,,184.50M,,,522.00M,,,,416.60M,,,,232.80M,1.356B,,,,,,,3.285B,-1.831B,1.453B,,67.70M,67.70M,,,,86.20M,1.607B,2.963B,,590.10M,,,,590.10M,,590.10M,,,,,89.10M,,89.10M,,,486.20M,1.165B,,1.194B,,1.194B,98.10M,,98.10M,,,,61.30M,229.30M,1.521B,2.687B,,,183.90M,,,,,,215.10M,,,
1991-03,188.50M,,188.50M,,,535.30M,,,,464.30M,,,,224.10M,1.412B,,,,,,,3.279B,-1.803B,1.476B,,69.00M,69.00M,,,,88.40M,1.633B,3.046B,,632.50M,,,,632.50M,,632.50M,,,,,94.80M,,94.80M,,,508.30M,1.236B,,1.254B,,1.254B,95.80M,,95.80M,,,,62.90M,229.40M,1.580B,2.815B,,,121.40M,,,,,,167.40M,,,
1990-12,93.00M,,93.00M,,,536.50M,,,,446.60M,,,,219.20M,1.295B,,,,,,,3.280B,-1.773B,1.507B,,70.20M,70.20M,,,,86.60M,1.664B,2.959B,,677.30M,,,,677.30M,,677.30M,,,,,99.60M,,99.60M,,,477.80M,1.255B,,1.159B,,1.159B,104.20M,,104.20M,,,,63.00M,229.10M,1.492B,2.747B,,,82.70M,,,,,,149.60M,,,
1990-09,197.20M,,197.20M,,,523.40M,,,,492.90M,,,,213.60M,1.427B,,,,,,,3.241B,-1.739B,1.502B,,69.90M,69.90M,,,,116.90M,1.688B,3.116B,,647.30M,,,,647.30M,,647.30M,,,,,85.60M,,85.60M,,,495.40M,1.228B,,1.365B,,1.365B,97.80M,,97.80M,,,,62.80M,232.50M,1.695B,2.924B,,,55.70M,,,,,,129.10M,,,
1990-06,194.20M,,194.20M,,,519.90M,,,,498.40M,,,,207.40M,1.420B,,,,,,,3.117B,-1.683B,1.434B,,70.10M,70.10M,,,,113.00M,1.617B,3.037B,,639.20M,,,,639.20M,,639.20M,,,,,75.60M,,75.60M,,,471.00M,1.186B,,1.401B,,1.401B,94.20M,,94.20M,,,,57.40M,238.30M,1.733B,2.919B,,,20.20M,,,,,,60.70M,,,
1990-03,136.30M,,136.30M,,,516.70M,,,,515.10M,,,,207.60M,1.376B,,,,,,,2.959B,-1.612B,1.347B,,61.50M,61.50M,,,,123.00M,1.531B,2.907B,,655.90M,,,,655.90M,,655.90M,,,,,71.20M,,71.20M,,,499.40M,1.226B,,1.353B,,1.353B,86.70M,,86.70M,,,,28.50M,243.90M,1.684B,2.910B,,,-34.60M,,,,,,-31.80M,,,
1989-12,94.50M,,94.50M,,,587.40M,,,,443.90M,,,,186.20M,1.312B,,,,,,,2.908B,-1.573B,1.335B,,60.60M,60.60M,,,,111.50M,1.507B,2.819B,,623.80M,,,,623.80M,,623.80M,,,,,101.10M,,101.10M,,,469.50M,1.194B,,1.326B,,1.326B,88.00M,,88.00M,,,,26.20M,255.40M,1.669B,2.863B,,,-72.60M,,,,,,-70.60M,,,
1989-09,136.00M,,136.00M,,,539.70M,,,,407.50M,,,,179.60M,1.263B,,,,,,,2.832B,-1.535B,1.297B,,60.40M,60.40M,,,,96.50M,1.454B,2.716B,,544.60M,,,,544.60M,,544.60M,,,,,79.50M,,79.50M,,,498.10M,1.122B,,1.348B,,1.348B,99.50M,,99.50M,,,,24.40M,251.70M,1.699B,2.822B,,,-96.90M,,,,,,-129.70M,,,
1988-12,130.80M,,130.80M,,,582.80M,,,,424.70M,,,,178.30M,1.317B,,,,,,,2.750B,-1.482B,1.268B,,74.10M,74.10M,,,,90.00M,1.432B,2.749B,,,,,,,,,,,,,74.30M,,74.30M,,,1.014B,1.089B,,1.468B,,1.468B,125.70M,,125.70M,,,,,290.00M,1.884B,2.972B,,,-209.00M,,,,,,-223.60M,,,
1987-12,184.60M,,184.60M,,,261.00M,,,,413.70M,,,,210.50M,1.070B,,,,,,,2.628B,-1.326B,1.302B,,80.50M,80.50M,,,,142.60M,1.525B,2.595B,,,,,,,,,,,,,103.90M,,103.90M,,,1.060B,1.164B,,1.380B,,1.380B,112.90M,,112.90M,,,,,281.70M,1.775B,2.938B,,,-338.20M,,,,,,-343.20M,,,
1986-12,184.20M,,184.20M,,,185.50M,,,,428.30M,,,,303.20M,1.101B,,,,,,,2.491B,-1.146B,1.345B,,104.80M,104.80M,,,,134.70M,1.585B,2.686B,,,,,,,,,,,,,73.00M,,73.00M,,,1.066B,1.139B,,1.787B,,1.787B,257.60M,,257.60M,,,,,8.60M,2.054B,3.192B,,,-454.90M,,,,,,-506.60M,,,
