,NetIncome,Gain/LossonSaleBusiness,Gain(Loss)onInvestmentSecurities,EarningsLossfromEq.Investments,OperatingGainsLosses,DepreciationExpense,AmortizationExpenseCF,TotalDepreciationandAmortization,"TotalDepreciation,Amortization,Depletion",DeferredTaxes,AmortizationofSecurities,AssetImpairmentCharge,StockBasedCompensation,OtherNoncashItems,ChangeinReceivables,ChangeinInventories,ChangeinPrepaidAssets,ChangeinPayablesandAccruedExpense,ChangeinOtherCurrentAssets,ChangeinOtherCurrentLiabilities,ChangeinOtherWorkingCap,OtherCashfromOperations,CashfromOperations,,CashFlow-Investing(Quarterly),NetChangeinCapitalExpenditures,SaleofPPE,NetChangeinPP&E,NetChangeinIntangibles,NetDivestitures(Acquisitions),NetOtherInvestingChanges,CashfromInvesting,,CashFlow-Financing(Quarterly),NetChangeinLongTermDebt,NetChangeinShortTermDebt,NetDebtIssuance,CommonStockIssuance,CommonStockPayments,NetCommonEquityIssued(Purchased),PreferredStockPayments,NetPreferredEquityIssued(Purchased),TotalPreferredDividendsPaid,TotalDividendsPaid,CashfromOtherFinancingActivities,CashfromFinancing,EndingCash(Quarterly),BeginningCash,ChangeinCash,CashForeignExchangeAdjustment,EndingCash,,AdditionalItems(Quarterly),IssuanceofCapitalStock,IssuanceofDebt,DebtRepayment,RepurchaseofCapitalStock,InterestPaidSupplementalData,,SECFilingLinks,AsOriginallyReported,Restated
2020-09,249.00M,,130.00M,,123.00M,114.00M,27.00M,141.00M,141.00M,,,29.00M,5.00M,39.00M,,,,,,,89.00M,0.00,694.00M,,2020-09,-62.00M,,,-11.00M,-270.00M,0.00,-339.00M,,2020-09,-1.00M,,-1.00M,1.00M,-1.00M,0.00,,,,-73.00M,-24.00M,-98.00M,2020-09,462.00M,257.00M,-1.00M,718.00M,,2020-09,1.00M,0.00,-1.00M,-1.00M,,,2020-09,AOR,
2020-06,313.00M,,-85.00M,,-86.00M,122.00M,26.00M,148.00M,148.00M,,,0.00,7.00M,13.00M,,,,,,,74.00M,0.00,484.00M,,2020-06,-46.00M,,,4.00M,-5.00M,0.00,-77.00M,,2020-06,-636.00M,,-636.00M,,-49.00M,-49.00M,,,,-74.00M,-3.00M,-762.00M,2020-06,818.00M,-355.00M,-1.00M,462.00M,,2020-06,,-552.00M,-84.00M,-49.00M,,,2020-06,AOR,
2020-03,121.00M,,-46.00M,,-59.00M,122.00M,7.00M,129.00M,129.00M,,,18.00M,5.00M,17.00M,,,,,,,-63.00M,0.00,208.00M,,2020-03,-74.00M,,,-8.00M,,15.00M,-68.00M,,2020-03,551.00M,,551.00M,,-179.00M,-179.00M,,,,-74.00M,-5.00M,293.00M,2020-03,385.00M,433.00M,,818.00M,,2020-03,,611.00M,-60.00M,-179.00M,,,2020-03,AOR,
2019-12,3.463B,,-20.00M,,4.00M,124.00M,10.00M,134.00M,134.00M,,,5.00M,5.00M,26.00M,,,,,,,-2.981B,0.00,516.00M,,2019-12,-45.00M,,,-3.00M,-4.00M,5.00M,-58.00M,,2019-12,2.355B,,-216.00M,-3.00M,-115.00M,-118.00M,,,,-8.00M,-8.00M,-350.00M,2019-12,277.00M,108.00M,0.00,385.00M,,2019-12,-3.00M,-132.00M,-84.00M,-115.00M,,,2019-12,AOR,
2019-09,374.00M,,53.00M,,32.00M,104.00M,14.00M,118.00M,118.00M,,,107.00M,5.00M,24.00M,,,,,,,-201.00M,0.00,472.00M,,2019-09,-75.00M,,,15.00M,-421.00M,6.00M,-489.00M,,2019-09,213.00M,,213.00M,3.00M,-249.00M,-246.00M,,,,-8.00M,-1.00M,-42.00M,2019-09,336.00M,-59.00M,0.00,277.00M,,2019-09,3.00M,215.00M,-2.00M,-249.00M,,,2019-09,AOR,Restated
2019-06,189.00M,,-7.00M,,38.00M,99.00M,8.00M,107.00M,107.00M,,,1.00M,6.00M,13.00M,,,,,,,135.00M,0.00,516.00M,,2019-06,-59.00M,,,-1.00M,-5.00M,-23.00M,-93.00M,,2019-06,-615.00M,,-615.00M,,-292.00M,-292.00M,,,,-8.00M,-57.00M,-972.00M,2019-06,885.00M,-549.00M,0.00,336.00M,,2019-06,,1.833B,-2.448B,-292.00M,,,2019-06,AOR,Restated
2019-03,94.00M,,-15.00M,,-12.00M,98.00M,6.00M,104.00M,104.00M,,,0.00,4.00M,14.00M,,,,,,,-350.00M,8.00M,-91.00M,,2019-03,-49.00M,,,0.00,-16.00M,1.268B,1.196B,,2019-03,-37.00M,,-37.00M,,-781.00M,-781.00M,,,,-8.00M,-1.00M,-784.00M,2019-03,613.00M,272.00M,,885.00M,,2019-03,,0.00,-37.00M,-781.00M,,,2019-03,AOR,Restated
2018-12,-93.00M,,-5.00M,,67.00M,67.00M,24.00M,91.00M,91.00M,,,24.00M,4.00M,108.00M,,,,,,,203.00M,-22.00M,310.00M,,2018-12,-45.00M,,,-5.00M,-34.00M,-34.00M,-146.00M,,2018-12,105.00M,-764.00M,-659.00M,,-244.00M,-244.00M,,,,-9.00M,-31.00M,-875.00M,2018-12,1.35B,-737.00M,0.00,613.00M,,2018-12,,105.00M,-764.00M,-244.00M,,,2018-12,AOR,Restated
2018-09,288.00M,,138.00M,,136.00M,126.00M,1.00M,127.00M,127.00M,,,2.00M,6.00M,-139.00M,,,,,,,-28.00M,147.00M,554.00M,,2018-09,-61.00M,,,21.00M,-22.00M,1.294B,1.103B,,2018-09,1.00M,-622.00M,-621.00M,,-496.00M,-496.00M,,,,-9.00M,-33.00M,-1.101B,2018-09,877.00M,472.00M,1.00M,1.35B,,2018-09,,1.00M,-622.00M,-496.00M,,,2018-09,AOR,Restated
2018-06,27.00M,,58.00M,1.00M,54.00M,132.00M,11.00M,143.00M,143.00M,,,88.00M,9.00M,29.00M,,,,,,,-359.00M,145.00M,163.00M,,2018-06,-127.00M,,,-3.00M,-216.00M,-54.00M,-702.00M,,2018-06,1.033B,-348.00M,685.00M,-7.00M,-396.00M,-403.00M,,,,-9.00M,-21.00M,464.00M,2018-06,1.016B,-139.00M,,877.00M,,2018-06,-7.00M,994.00M,-309.00M,-396.00M,,,2018-06,AOR,Restated
2018-03,238.00M,,-203.00M,-1.00M,-212.00M,144.00M,9.00M,153.00M,153.00M,,,,6.00M,6.00M,,,,,,,40.00M,104.00M,350.00M,,2018-03,-155.00M,,,6.00M,-10.00M,24.00M,-460.00M,,2018-03,-39.00M,,-39.00M,7.00M,-93.00M,-86.00M,,,,-10.00M,-12.00M,-14.00M,2018-03,1.086B,-70.00M,,1.016B,,2018-03,7.00M,,-39.00M,-93.00M,,,2018-03,AOR,Restated
2017-12,-1.461B,,-215.00M,,-186.00M,120.00M,-25.00M,95.00M,95.00M,,,1.554B,8.00M,58.00M,,,,,,,288.00M,576.00M,874.00M,,2017-12,-35.00M,,,9.00M,-83.00M,271.00M,-217.00M,,2017-12,870.00M,-1.541B,-671.00M,,-2.00M,-2.00M,,,,-10.00M,-33.00M,-924.00M,2017-12,1.371B,-294.00M,9.00M,1.086B,,2017-12,,870.00M,-1.541B,-2.00M,,,2017-12,AOR,Restated
2017-09,186.00M,0.00,29.00M,,60.00M,-14.00M,28.00M,14.00M,14.00M,,,-3.00M,11.00M,-14.00M,,,,,,,179.00M,216.00M,662.00M,,2017-09,353.00M,,,28.00M,58.00M,270.00M,123.00M,,2017-09,-638.00M,187.00M,-451.00M,,0.00,0.00,,,,-9.00M,-35.00M,-232.00M,2017-09,1.24B,659.00M,-2.00M,1.371B,,2017-09,,-638.00M,187.00M,0.00,,,2017-09,AOR,Restated
2017-06,99.00M,,-31.00M,,-40.00M,272.00M,21.00M,293.00M,293.00M,,,63.00M,8.00M,14.00M,,,,,,,-270.00M,-53.00M,141.00M,,2017-06,-327.00M,,,27.00M,-31.00M,33.00M,-264.00M,,2017-06,753.00M,-353.00M,400.00M,,,,,,,-10.00M,-127.00M,171.00M,2017-06,1.027B,214.00M,-1.00M,1.24B,,2017-06,,753.00M,-353.00M,,,,2017-06,AOR,Restated
2017-03,-169.00M,,38.00M,,36.00M,269.00M,30.00M,299.00M,299.00M,,,,8.00M,15.00M,,,,,,,-288.00M,15.00M,-67.00M,,2017-03,-245.00M,,,2.00M,-15.00M,36.00M,-281.00M,,2017-03,193.00M,-177.00M,16.00M,,0.00,0.00,,,,-9.00M,-28.00M,-153.00M,2017-03,1.386B,-352.00M,-7.00M,1.027B,,2017-03,,193.00M,-177.00M,0.00,,,2017-03,AOR,Restated
2016-12,-864.00M,,-14.00M,,67.00M,-44.00M,-63.00M,-107.00M,-107.00M,,,540.00M,-13.00M,-9.00M,,,,,,,273.00M,404.00M,167.00M,,2016-12,146.00M,,,-16.00M,8.00M,122.00M,-502.00M,,2016-12,-825.00M,207.00M,-618.00M,0.00,,0.00,0.00,0.00,,-10.00M,83.00M,-181.00M,2016-12,1.703B,-570.00M,7.00M,860.00M,,2016-12,0.00,-825.00M,207.00M,0.00,,,2016-12,AOR,Restated
2016-09,128.00M,,37.00M,,123.00M,311.00M,49.00M,360.00M,360.00M,,,16.00M,7.00M,13.00M,,,,,,,119.00M,136.00M,930.00M,,2016-09,-222.00M,,,17.00M,-25.00M,65.00M,215.00M,,2016-09,2.014B,-1.848B,166.00M,1.00M,,1.00M,0.00,0.00,,-9.00M,-237.00M,-57.00M,2016-09,1.162B,544.00M,-3.00M,1.703B,,2016-09,1.00M,2.014B,-1.848B,0.00,,,2016-09,AOR,Restated
2016-06,-267.00M,,43.00M,,153.00M,228.00M,56.00M,284.00M,284.00M,,,49.00M,8.00M,28.00M,,,,,,,46.00M,-69.00M,257.00M,,2016-06,-178.00M,,,3.00M,-6.00M,-97.00M,-327.00M,,2016-06,3.162B,-3.189B,-27.00M,,,,-226.00M,-226.00M,,-9.00M,-101.00M,-266.00M,2016-06,1.659B,-304.00M,3.00M,1.162B,,2016-06,,3.162B,-3.189B,-226.00M,,,2016-06,AOR,Restated
2016-03,47.00M,,-50.00M,,-46.00M,326.00M,26.00M,352.00M,352.00M,,,146.00M,8.00M,1.00M,,,,,,,19.00M,,554.00M,,2016-03,-291.00M,,,-5.00M,-10.00M,160.00M,-143.00M,,2016-03,61.00M,-316.00M,-255.00M,,,,,,,-48.00M,39.00M,-264.00M,2016-03,1.518B,147.00M,-6.00M,1.659B,,2016-03,,61.00M,-316.00M,,,,2016-03,AOR,Restated
2015-12,-6.253B,,55.00M,,25.00M,187.00M,83.00M,270.00M,270.00M,,,4.653B,2.00M,56.00M,,,,,,,1.294B,,-43.00M,,2015-12,-100.00M,,,36.00M,-38.00M,102.00M,-296.00M,,2015-12,325.00M,-408.00M,-83.00M,0.00,-84.00M,-84.00M,,,,-49.00M,-135.00M,-406.00M,2015-12,2.265B,-493.00M,-5.00M,1.322B,,2015-12,0.00,325.00M,-408.00M,-84.00M,,,2015-12,AOR,Restated
2015-09,67.00M,,-6.00M,,-10.00M,395.00M,36.00M,431.00M,431.00M,,,263.00M,13.00M,-2.00M,,,,,,,164.00M,,934.00M,,2015-09,-346.00M,,,5.00M,-5.00M,-61.00M,-372.00M,,2015-09,50.00M,-292.00M,-242.00M,0.00,-167.00M,-167.00M,,,,-50.00M,4.00M,-455.00M,2015-09,2.146B,107.00M,12.00M,2.265B,,2015-09,0.00,50.00M,-292.00M,-167.00M,,,2015-09,AOR,Restated
2015-06,-9.00M,,-75.00M,,-68.00M,406.00M,13.00M,419.00M,419.00M,,,0.00,13.00M,-3.00M,,,,,,,-176.00M,,198.00M,,2015-06,-331.00M,,,0.00,-338.00M,78.00M,-590.00M,,2015-06,381.00M,-568.00M,-187.00M,0.00,-107.00M,-107.00M,0.00,0.00,,-51.00M,734.00M,389.00M,2015-06,2.164B,-3.00M,-15.00M,2.146B,,2015-06,0.00,381.00M,-568.00M,-107.00M,,,2015-06,AOR,Restated
2015-03,-136.00M,,261.00M,,247.00M,408.00M,19.00M,427.00M,427.00M,,,0.00,11.00M,-4.00M,,,,,,,-332.00M,,260.00M,,2015-03,-252.00M,,,0.00,-45.00M,24.00M,-270.00M,,2015-03,248.00M,-94.00M,154.00M,1.00M,-79.00M,-78.00M,,,,-51.00M,15.00M,40.00M,2015-03,2.116B,30.00M,18.00M,2.164B,,2015-03,1.00M,248.00M,-94.00M,-79.00M,,,2015-03,AOR,Restated
2014-12,97.00M,,-309.00M,,-288.00M,440.00M,12.00M,452.00M,452.00M,,,27.00M,10.00M,-3.00M,,,,,,,318.00M,,396.00M,,2014-12,-250.00M,,,,-120.00M,432.00M,55.00M,,2014-12,107.00M,-519.00M,-412.00M,6.00M,-39.00M,-33.00M,,,,-56.00M,225.00M,-276.00M,2014-12,1.953B,175.00M,-12.00M,2.116B,,2014-12,6.00M,107.00M,-519.00M,-39.00M,,,2014-12,AOR,Restated
2014-09,182.00M,,-287.00M,,-291.00M,388.00M,30.00M,418.00M,418.00M,,,70.00M,8.00M,0.00,,,,,,,345.00M,,744.00M,,2014-09,-168.00M,,,,-1.08B,49.00M,-1.205B,,2014-09,570.00M,-339.00M,231.00M,7.00M,0.00,7.00M,,,,-49.00M,718.00M,907.00M,2014-09,1.481B,446.00M,26.00M,1.953B,,2014-09,7.00M,570.00M,-339.00M,0.00,,,2014-09,AOR,Restated
2014-06,-80.00M,,10.00M,,14.00M,395.00M,9.00M,404.00M,404.00M,,,,16.00M,-4.00M,,,,,,,-421.00M,,-21.00M,,2014-06,-270.00M,,,,-1.621B,15.00M,-1.877B,,2014-06,2.322B,-2.096B,226.00M,5.00M,0.00,5.00M,,,,-50.00M,37.00M,218.00M,2014-06,3.187B,-1.68B,-26.00M,1.481B,,2014-06,5.00M,2.322B,-2.096B,0.00,,,2014-06,AOR,Restated
2014-03,-67.00M,,525.00M,,525.00M,346.00M,13.00M,359.00M,359.00M,,,,8.00M,-5.00M,,,,,,,-448.00M,,391.00M,,2014-03,-237.00M,,,,-218.00M,584.00M,124.00M,,2014-03,1.564B,-873.00M,691.00M,3.00M,0.00,3.00M,,,,-41.00M,-237.00M,416.00M,2014-03,2.254B,931.00M,2.00M,3.187B,,2014-03,3.00M,1.564B,-873.00M,0.00,,,2014-03,AOR,Restated
2013-12,-290.00M,,-25.00M,,-20.00M,318.00M,-26.00M,292.00M,292.00M,,,558.00M,6.00M,-11.00M,,,,,,,-140.00M,,447.00M,,2013-12,-406.00M,,,,-120.00M,25.00M,-497.00M,,2013-12,172.00M,-67.00M,105.00M,2.00M,0.00,2.00M,,,,-41.00M,110.00M,176.00M,2013-12,2.129B,126.00M,-1.00M,2.254B,,2013-12,2.00M,172.00M,-67.00M,0.00,,,2013-12,AOR,Restated
2013-09,138.00M,,15.00M,,8.00M,338.00M,-49.00M,289.00M,289.00M,,,0.00,8.00M,4.00M,,,,,,,410.00M,,901.00M,,2013-09,-300.00M,,,,-335.00M,-21.00M,-656.00M,,2013-09,133.00M,-52.00M,81.00M,5.00M,0.00,5.00M,,,,-40.00M,469.00M,515.00M,2013-09,1.368B,760.00M,1.00M,2.129B,,2013-09,5.00M,133.00M,-52.00M,0.00,,,2013-09,AOR,Restated
2013-06,131.00M,,-143.00M,,-161.00M,323.00M,93.00M,416.00M,416.00M,,,,6.00M,-13.00M,,,,,,,-352.00M,,46.00M,,2013-06,-468.00M,,,,-21.00M,-35.00M,-539.00M,,2013-06,736.00M,-597.00M,139.00M,8.00M,-5.00M,3.00M,,,,-42.00M,56.00M,156.00M,2013-06,1.707B,-337.00M,-2.00M,1.368B,,2013-06,8.00M,736.00M,-597.00M,-5.00M,,,2013-06,AOR,Restated
2013-03,-331.00M,,317.00M,,319.00M,313.00M,31.00M,344.00M,344.00M,,,,18.00M,-13.00M,,,,,,,-470.00M,,-124.00M,,2013-03,-813.00M,,,,-18.00M,5.00M,-836.00M,,2013-03,736.00M,-219.00M,517.00M,1.00M,-20.00M,-19.00M,,,,-31.00M,113.00M,580.00M,2013-03,2.087B,-380.00M,0.00,1.707B,,2013-03,1.00M,736.00M,-219.00M,-20.00M,,,2013-03,AOR,Restated
2012-12,254.00M,,-236.00M,,-221.00M,257.00M,38.00M,295.00M,295.00M,,,,14.00M,6.00M,,,,,,,270.00M,,91.00M,,2012-12,-923.00M,,,,917.00M,85.00M,67.00M,,2012-12,624.00M,-305.00M,319.00M,0.00,0.00,0.00,,,,-22.00M,23.00M,320.00M,2012-12,1.61B,478.00M,-1.00M,2.087B,,2012-12,0.00,624.00M,-305.00M,0.00,,,2012-12,AOR,Restated
2012-09,8.00M,,286.00M,,290.00M,252.00M,27.00M,279.00M,279.00M,,,,9.00M,8.00M,,,,,,,-153.00M,,473.00M,,2012-09,-881.00M,,,,-40.00M,156.00M,-774.00M,,2012-09,1.614B,-834.00M,780.00M,0.00,0.00,0.00,,,,-23.00M,7.00M,764.00M,2012-09,1.149B,463.00M,-2.00M,1.61B,,2012-09,0.00,1.614B,-834.00M,0.00,,,2012-09,AOR,Restated
2012-06,259.00M,,-113.00M,,-112.00M,244.00M,39.00M,283.00M,283.00M,,,,18.00M,9.00M,,,,,,,195.00M,,661.00M,,2012-06,-954.00M,,,,0.00,-49.00M,-1.012B,,2012-06,512.00M,-87.00M,425.00M,0.00,0.00,0.00,,,,-3.00M,66.00M,488.00M,2012-06,1.014B,137.00M,-2.00M,1.149B,,2012-06,0.00,512.00M,-87.00M,0.00,,,2012-06,AOR,Restated
2012-03,-206.00M,,187.00M,,187.00M,236.00M,42.00M,278.00M,278.00M,,,,0.00,8.00M,,,,,,,-350.00M,,-76.00M,,2012-03,-639.00M,,,,0.00,103.00M,-543.00M,,2012-03,415.00M,-34.00M,381.00M,0.00,0.00,0.00,,,,-2.00M,148.00M,527.00M,2012-03,1.105B,-92.00M,1.00M,1.014B,,2012-03,0.00,415.00M,-34.00M,0.00,,,2012-03,AOR,Restated
2011-12,-109.00M,,,-8.00M,-132.00M,239.00M,49.00M,288.00M,288.00M,,-39.00M,,,-9.00M,,,,,,,-237.00M,,498.00M,,2011-12,-947.00M,,-14.00M,2.00M,-91.00M,156.00M,-886.00M,,2011-12,514.00M,,471.00M,0.00,-52.00M,-52.00M,,,7.00M,-2.00M,-51.00M,366.00M,2011-12,1.127B,-22.00M,0.00,1.105B,,2011-12,0.00,514.00M,-5.493B,-52.00M,,,2011-12,AOR,Restated
2011-09,-55.00M,,,8.00M,40.00M,249.00M,26.00M,275.00M,275.00M,,9.00M,,,21.00M,,,,,,,69.00M,,359.00M,,2011-09,-543.00M,,14.00M,-21.00M,-284.00M,-271.00M,-1.102B,,2011-09,612.00M,,-1.005B,2.00M,-248.00M,-246.00M,,,-2.00M,-2.00M,1.188B,-65.00M,2011-09,1.939B,-808.00M,-4.00M,1.127B,,2011-09,2.00M,1.912B,-1.30B,-248.00M,,,2011-09,AOR,Restated
2011-06,621.00M,,,-9.00M,17.00M,231.00M,44.00M,275.00M,275.00M,,22.00M,,,12.00M,,,,,,,-854.00M,,93.00M,,2011-06,-620.00M,,,,-68.00M,-140.00M,-831.00M,,2011-06,2.512B,,40.00M,,0.00,0.00,,,-3.00M,-3.00M,-73.00M,-36.00M,2011-06,2.711B,-774.00M,2.00M,1.939B,,2011-06,,2.512B,,0.00,,,2011-06,AOR,Restated
2011-03,-260.00M,,,9.00M,9.00M,216.00M,48.00M,264.00M,264.00M,,8.00M,,,8.00M,,,,,,,187.00M,,216.00M,,2011-03,-219.00M,,,,,1.00M,-228.00M,,2011-03,1.286B,,-75.00M,,-130.00M,-130.00M,,,-2.00M,-2.00M,-25.00M,-232.00M,2011-03,2.951B,-244.00M,4.00M,2.711B,,2011-03,,1.286B,,-130.00M,,,2011-03,AOR,Restated
2010-12,-15.00M,,,19.00M,-91.00M,258.00M,21.00M,279.00M,279.00M,,-53.00M,25.00M,,-21.00M,,,,,,,417.00M,,482.00M,,2010-12,-194.00M,,,8.00M,-887.00M,50.00M,-1.053B,,2010-12,232.00M,,3.00M,-50.00M,0.00,-50.00M,,,7.00M,-2.00M,125.00M,76.00M,2010-12,3.447B,-495.00M,-1.00M,2.951B,,2010-12,-50.00M,232.00M,-758.00M,0.00,,,2010-12,AOR,Restated
2010-09,223.00M,,,-10.00M,-10.00M,191.00M,-18.00M,173.00M,173.00M,,38.00M,0.00,,38.00M,,,,,,,88.00M,,536.00M,,2010-09,-171.00M,,,-8.00M,-1.00M,1.00M,-185.00M,,2010-09,1.111B,,1.041B,0.00,-130.00M,-130.00M,,,-2.00M,-2.00M,13.00M,922.00M,2010-09,2.168B,1.273B,6.00M,3.447B,,2010-09,0.00,1.111B,0.00,-130.00M,,,2010-09,AOR,
2010-06,210.00M,,,-4.00M,-4.00M,217.00M,1.00M,218.00M,218.00M,-74.00M,7.00M,0.00,,143.00M,,,,,,,-121.00M,,491.00M,,2010-06,-156.00M,,,-9.00M,-141.00M,102.00M,-191.00M,,2010-06,1.431B,,1.401B,50.00M,-50.00M,0.00,,,-3.00M,-3.00M,-1.337B,61.00M,2010-06,1.813B,361.00M,-6.00M,2.168B,,2010-06,50.00M,1.431B,,-50.00M,,,2010-06,AOR,Restated
2010-03,58.00M,,,-5.00M,-5.00M,212.00M,0.00,212.00M,212.00M,74.00M,8.00M,0.00,,-128.00M,,,,,,,,,114.00M,,2010-03,-219.00M,,,-25.00M,,27.00M,-194.00M,,2010-03,10.00M,,-419.00M,2.00M,0.00,2.00M,,,-2.00M,-2.00M,11.00M,-408.00M,2010-03,2.304B,-488.00M,-3.00M,1.813B,,2010-03,2.00M,10.00M,,0.00,,,2010-03,AOR,Restated
2009-12,33.00M,,0.00,-8.00M,-2.00M,260.00M,46.00M,306.00M,306.00M,128.00M,15.00M,,,384.00M,,,,,,,,,826.00M,,2009-12,-184.00M,,,10.00M,-71.00M,15.00M,-227.00M,,2009-12,326.00M,,-318.00M,51.00M,-250.00M,-199.00M,,,-6.00M,-6.00M,-20.00M,-543.00M,2009-12,2.25B,56.00M,-2.00M,2.304B,,2009-12,51.00M,49.00M,277.00M,-250.00M,,,2009-12,AOR,Restated
2009-09,278.00M,128.00M,-128.00M,-6.00M,-234.00M,212.00M,73.00M,285.00M,285.00M,116.00M,21.00M,,,158.00M,,,,,,,,,558.00M,,2009-09,-254.00M,,,-48.00M,273.00M,-15.00M,-227.00M,,2009-09,-21.00M,,-21.00M,-49.00M,-250.00M,-299.00M,,,-6.00M,-6.00M,-39.00M,-365.00M,2009-09,2.282B,-34.00M,2.00M,2.25B,,2009-09,-49.00M,23.00M,-44.00M,-250.00M,,,2009-09,AOR,Restated
2009-06,432.00M,-128.00M,,-5.00M,-233.00M,213.00M,58.00M,271.00M,271.00M,146.00M,18.00M,,,-46.00M,,,,,,,,,583.00M,,2009-06,-141.00M,,,,-345.00M,-16.00M,-241.00M,,2009-06,797.00M,,797.00M,50.00M,0.00,50.00M,,,-7.00M,-7.00M,-91.00M,749.00M,2009-06,1.188B,1.091B,3.00M,2.282B,,2009-06,50.00M,820.00M,-23.00M,0.00,,,2009-06,AOR,Restated
2009-03,198.00M,,,-22.00M,282.00M,169.00M,-24.00M,145.00M,145.00M,299.00M,16.00M,,,-568.00M,,,,,,,,,139.00M,,2009-03,-233.00M,,,,,3.00M,-259.00M,,2009-03,-210.00M,,-210.00M,0.00,,0.00,,,-14.00M,-14.00M,40.00M,-184.00M,2009-03,1.494B,-304.00M,-2.00M,1.188B,,2009-03,0.00,0.00,-210.00M,,,,2009-03,AOR,Restated
2008-12,260.00M,,,-44.00M,-299.00M,649.00M,-231.00M,418.00M,92.00M,335.00M,63.00M,,,-426.00M,,,,,,,165.00M,230.00M,395.00M,,2008-12,-250.00M,-14.00M,635.00M,,0.00,104.00M,-340.00M,,2008-12,-306.00M,,-124.00M,1.00M,0.00,1.00M,,,-55.00M,-14.00M,51.00M,-86.00M,2008-12,1.483B,12.00M,-1.00M,1.494B,,2008-12,1.00M,20.00M,-326.00M,0.00,,,2008-12,AOR,Restated
2008-09,789.00M,,,-32.00M,-183.00M,-322.00M,117.00M,-205.00M,121.00M,427.00M,-33.00M,,,-57.00M,,,,,,-17.00M,-202.00M,-230.00M,648.00M,,2008-09,-240.00M,14.00M,-635.00M,,17.00M,-22.00M,-210.00M,,2008-09,206.00M,,24.00M,0.00,-130.00M,-130.00M,,,28.00M,-13.00M,-49.00M,-168.00M,2008-09,1.263B,227.00M,-7.00M,1.483B,,2008-09,0.00,-10.00M,216.00M,-130.00M,,,2008-09,,
2008-06,127.00M,0.00,,26.00M,-270.00M,161.00M,-66.00M,95.00M,95.00M,-49.00M,15.00M,,,-99.00M,,,,,,8.00M,582.00M,,376.00M,,2008-06,-245.00M,,,,-17.00M,261.00M,10.00M,,2008-06,-52.00M,,-52.00M,6.00M,0.00,6.00M,,,-14.00M,-14.00M,51.00M,-9.00M,2008-06,834.00M,426.00M,3.00M,1.263B,,2008-06,6.00M,10.00M,-62.00M,0.00,-3.00M,,2008-06,,Restated
2008-03,49.00M,,,6.00M,-8.00M,161.00M,-51.00M,110.00M,110.00M,49.00M,18.00M,,,132.00M,,,,,,9.00M,-299.00M,,60.00M,,2008-03,-164.00M,,,,,2.00M,-132.00M,,2008-03,-154.00M,,-154.00M,2.00M,-55.00M,-53.00M,,,-14.00M,-14.00M,-3.00M,-224.00M,2008-03,1.132B,-302.00M,4.00M,834.00M,,2008-03,2.00M,,-154.00M,-55.00M,3.00M,,2008-03,,Restated
2007-12,104.00M,,,,21.00M,,,,72.00M,127.00M,,,,-48.00M,,,,,,,123.00M,,541.00M,,2007-12,-333.00M,-57.00M,252.00M,,,11.00M,-95.00M,,2007-12,,,-347.00M,,-85.00M,-78.00M,,,,-14.00M,0.00,-439.00M,2007-12,1.171B,-18.00M,-3.00M,1.132B,,2007-12,,,,-85.00M,,,2007-12,AOR,Restated
2007-09,268.00M,,,,-22.00M,,,,151.00M,90.00M,,,,35.00M,,,,,,,-5.00M,6.00M,523.00M,,2007-09,-104.00M,28.00M,-76.00M,,,4.00M,-60.00M,,2007-09,,,-13.00M,,-53.00M,-53.00M,,,,-13.00M,-5.00M,-84.00M,2007-09,771.00M,379.00M,3.00M,1.171B,,2007-09,,,,-53.00M,,,2007-09,,
2007-06,149.00M,,,,-16.00M,,,,179.00M,95.00M,,,,-36.00M,,,,,,,-18.00M,-6.00M,347.00M,,2007-06,-98.00M,0.00,-98.00M,,,38.00M,-60.00M,,2007-06,,,-29.00M,,-112.00M,-112.00M,,,,-14.00M,,-155.00M,2007-06,655.00M,132.00M,2.00M,771.00M,,2007-06,,,,-112.00M,,,2007-06,,
2007-03,65.00M,,,,-32.00M,,,,161.00M,47.00M,,,,,,,,,,,-135.00M,,106.00M,,2007-03,-107.00M,29.00M,-78.00M,,,-20.00M,-112.00M,,2007-03,,,-19.00M,,-103.00M,-103.00M,,,,-14.00M,,-136.00M,2007-03,795.00M,-142.00M,2.00M,655.00M,,2007-03,,,,-103.00M,,,2007-03,,
2006-12,-30.00M,,,,-113.00M,,,,-17.00M,18.00M,,,,-714.00M,,,,,,,-206.00M,57.00M,-772.00M,,2006-12,-197.00M,-1.00M,158.00M,,263.00M,-242.00M,-17.00M,,2006-12,,,832.00M,-486.00M,-435.00M,-921.00M,,,,-13.00M,-203.00M,181.00M,2006-12,1.388B,-606.00M,2.00M,777.00M,,2006-12,0.00,,,-435.00M,,,2006-12,,Restated
2006-09,422.00M,,,,-99.00M,,,,59.00M,213.00M,,,,-111.00M,,,,,,,149.00M,-58.00M,575.00M,,2006-09,-85.00M,0.00,-85.00M,,-8.00M,309.00M,133.00M,,2006-09,,,163.00M,0.00,-297.00M,-297.00M,,,,-14.00M,-128.00M,-276.00M,2006-09,957.00M,432.00M,-1.00M,1.388B,,2006-09,0.00,,,-297.00M,,,2006-09,,
2006-06,203.00M,,,,155.00M,,,,-72.00M,50.00M,,,,33.00M,,,,,,,-107.00M,18.00M,280.00M,,2006-06,-39.00M,1.00M,-38.00M,,-40.00M,-50.00M,-90.00M,,2006-06,,,-39.00M,0.00,,0.00,,,,-13.00M,29.00M,-23.00M,2006-06,788.00M,167.00M,2.00M,957.00M,,2006-06,0.00,,,,,,2006-06,,
2006-03,26.00M,,,,-148.00M,,,,194.00M,46.00M,,,,3.00M,,,,,,,221.00M,-17.00M,325.00M,,2006-03,-35.00M,,-35.00M,,-4.288B,76.00M,-4.202B,,2006-03,,,2.902B,1.472B,,1.472B,,,,-10.00M,-193.00M,4.171B,2006-03,493.00M,294.00M,1.00M,788.00M,,2006-03,1.472B,,,,,,2006-03,,
2005-12,64.00M,,,,12.00M,,,,35.00M,56.00M,,,,77.00M,-8.00M,-14.00M,,41.00M,,,-120.00M,-6.00M,165.00M,,2005-12,-60.00M,,46.00M,,,-178.00M,-21.00M,,2005-12,,,-106.00M,-246.00M,1.00M,-245.00M,,,,-8.00M,-44.00M,-157.00M,2005-12,477.00M,24.00M,-1.00M,486.00M,,2005-12,0.00,,,1.00M,,,2005-12,,Restated
2005-09,-27.00M,,,,66.00M,,,,56.00M,-50.00M,,,,-327.00M,,,,,,,88.00M,9.00M,-185.00M,,2005-09,-9.00M,,-9.00M,,,106.00M,31.00M,,2005-09,,,-132.00M,246.00M,-251.00M,-5.00M,,,,-4.00M,-5.00M,-146.00M,2005-09,779.00M,-300.00M,0.00,477.00M,,2005-09,246.00M,,,-251.00M,,,2005-09,,
2005-06,24.00M,,,,-139.00M,,,,57.00M,2.00M,,,,-20.00M,-42.00M,-40.00M,,45.00M,125.00M,-16.00M,31.00M,-3.00M,24.00M,,2005-06,-25.00M,,-25.00M,,,15.00M,56.00M,,2005-06,,,-23.00M,,,,,,,-4.00M,1.00M,-26.00M,2005-06,763.00M,54.00M,1.00M,779.00M,,2005-06,,,,,,,2005-06,,
2005-03,23.00M,,,,45.00M,,,,64.00M,-6.00M,,,,,42.00M,40.00M,,-45.00M,-125.00M,16.00M,10.00M,,64.00M,,2005-03,-12.00M,,-12.00M,,,104.00M,92.00M,,2005-03,,,-495.00M,,,,,,,-4.00M,-2.00M,-501.00M,2005-03,1.11B,-345.00M,-2.00M,763.00M,,2005-03,,,,,,,2005-03,,
2004-12,18.52M,,,,39.56M,,,,67.96M,-10.66M,,,,,588.00M,-56.00M,,50.00M,126.00M,-667.00M,-106.80M,32.49M,82.06M,,2004-12,-35.71M,,217.29M,,,-320.10M,-26.81M,,2004-12,,,-39.86M,,,,,,,,-17.50M,-56.37M,2004-12,1.099B,-1.108M,5.507M,1.104B,,2004-12,,,,,,,2004-12,,
2004-09,54.22M,,,,-2.136M,,,,61.17M,18.27M,,,,,-528.95M,8.439M,,27.41M,2.065M,493.24M,144.33M,-37.31M,240.76M,,2004-09,-13.62M,,-13.62M,,,222.86M,209.25M,,2004-09,,,-133.46M,,,,,,,,-8.497M,-141.96M,2004-09,820.88M,308.04M,-28.10M,1.099B,,2004-09,,,,,,,2004-09,,
2004-06,83.02M,,,,-55.12M,,,,88.77M,37.44M,,,,,270.62M,-29.47M,,-25.44M,-31.86M,-364.36M,-3.303M,7.724M,-21.98M,,2004-06,-29.95M,,-29.95M,,,68.48M,36.04M,,2004-06,,,-54.79M,,,,,,,,7.233M,-47.56M,2004-06,831.48M,-33.50M,25.99M,820.88M,,2004-06,,,,,,,2004-06,,
2004-03,30.24M,,,,29.70M,,,,91.10M,11.95M,,,,,258.33M,21.04M,,-1.978M,29.79M,-128.88M,5.779M,3.098M,350.16M,,2004-03,-34.73M,,-34.73M,,,-2.25M,-34.48M,,2004-03,,,-30.88M,,,,,,,,-7.233M,-38.12M,2004-03,554.32M,277.56M,-0.401M,831.48M,,2004-03,,,,,,,2004-03,,
2003-12,3.361B,,,,,,,58.54M,58.54M,-23.66M,5.576M,,,-3.732B,149.67M,12.87M,,50.79M,,-415.30M,60.53M,,-471.68M,,2003-12,-38.43M,,,,17.61M,338.03M,337.82M,,2003-12,662.87M,50.07M,712.94M,,,,,,,,-325.49M,387.45M,2003-12,276.70M,253.58M,16.70M,972.35M,,2003-12,,2.446B,-1.733B,,,,2003-12,AOR,Restated
2003-09,-278.22M,,,,,,,65.98M,65.98M,-18.02M,3.216M,,,88.98M,-59.77M,-1.236M,,356.10M,,-1.01M,-58.73M,,97.28M,,2003-09,-29.03M,,,,1.00M,-172.93M,-187.64M,,2003-09,38.46M,-18.68M,19.77M,,,,,,,,-10.37M,9.403M,2003-09,309.79M,-80.96M,40.63M,276.70M,,2003-09,,38.46M,-18.68M,,,,2003-09,AOR,Restated
2003-06,-503.31M,,,,,-70.90M,,74.32M,74.32M,1.225M,4.278M,,,355.56M,16.58M,-19.89M,59.54M,241.12M,,-117.73M,0.796M,,112.50M,,2003-06,-40.12M,,,,,-20.37M,-36.69M,,2003-06,1.52M,-3.81M,-2.29M,,,,,,,,-7.474M,-9.764M,2003-06,312.03M,66.05M,-66.12M,309.79M,,2003-06,,1.52M,-3.81M,,,,2003-06,AOR,Restated
2003-03,11.66M,,,,,70.90M,0.00,70.90M,70.90M,35.30M,6.812M,,,-189.53M,-60.19M,33.44M,-59.54M,4.378M,,0.371M,57.94M,,-88.47M,,2003-03,-16.49M,,,,,15.64M,64.20M,,2003-03,3.822M,-27.58M,-23.76M,,,,,,,,,-23.76M,2003-03,361.35M,-48.02M,-27.04M,312.03M,,2003-03,,3.822M,-27.58M,,,,2003-03,AOR,Restated
2002-12,-491.07M,,,,,,,78.87M,78.87M,-43.83M,7.904M,,,86.31M,92.04M,-22.37M,50.28M,19.94M,,23.65M,216.48M,,18.21M,,2002-12,-48.71M,,,,160.79M,-109.71M,-184.82M,,2002-12,-1.096B,1.112B,15.57M,4.065M,,0.00,,,,,155.26M,170.83M,2002-12,347.65M,4.218M,-6.863M,385.06M,,2002-12,4.065M,-164.55M,180.12M,,,,2002-12,AOR,Restated
2002-09,-2.908B,,,,,,,63.39M,63.39M,-200.67M,20.46M,,,3.172B,-48.99M,50.94M,-50.28M,251.26M,,18.48M,49.43M,,417.71M,,2002-09,-540.67M,,,,0.00,35.84M,-373.25M,,2002-09,836.22M,-1.902B,-1.065B,-4.065M,,0.00,,,,,1.044B,-21.79M,2002-09,368.56M,22.68M,20.37M,347.65M,,2002-09,-4.065M,46.22M,-1.112B,,,,2002-09,AOR,
2002-06,-41.35M,,,,,,,77.75M,77.75M,7.663M,,,,-35.83M,-24.68M,16.91M,,6.487M,,2.775M,11.82M,,21.55M,,2002-06,-445.17M,,,,0.00,-120.79M,-644.50M,,2002-06,618.80M,-20.00M,598.80M,0.571M,,0.571M,,,,,108.06M,707.44M,2002-06,270.53M,84.48M,13.54M,368.56M,,2002-06,0.571M,598.80M,,,,,2002-06,AOR,
2002-03,-26.46M,,,,,,,66.61M,66.61M,6.707M,,,,-4.697M,-31.59M,-2.881M,,23.36M,,2.786M,-61.26M,,-27.42M,,2002-03,-405.18M,,,,0.00,-14.59M,-478.90M,,2002-03,431.02M,810.00M,1.241B,3.494M,,3.494M,,,,,-651.67M,592.85M,2002-03,186.11M,86.53M,-2.103M,270.53M,,2002-03,3.494M,1.241B,,,,,2002-03,AOR,
2001-12,39.33M,,,,,,,70.09M,70.09M,12.41M,,,,-110.67M,66.26M,-47.16M,,-7.285M,,53.87M,-67.00M,,-26.68M,,2001-12,23.70M,,,,-269.90M,127.73M,-147.58M,,2001-12,896.21M,-713.54M,182.67M,-0.064M,,-0.064M,,,,,0.00,182.61M,2001-12,188.98M,8.351M,-11.23M,186.11M,,2001-12,-0.064M,-161.53M,344.20M,,,,2001-12,AOR,Restated
2001-09,141.58M,,,,,,,58.71M,58.71M,15.99M,,,,-72.46M,150.45M,16.60M,,46.96M,,-5.411M,37.14M,,389.57M,,2001-09,-428.32M,,,,-669.33M,-201.54M,-1.337B,,2001-09,-437.02M,1.336B,898.68M,0.00,,0.00,,,,,0.00,898.68M,2001-09,226.55M,-49.20M,11.63M,188.98M,,2001-09,0.00,974.45M,-75.78M,,,,2001-09,AOR,
2001-06,49.11M,,,,,,,45.60M,45.60M,6.719M,,,,-32.83M,-99.08M,-49.10M,,12.60M,,-14.46M,63.66M,,-17.78M,,2001-06,-732.27M,,,,-1.041B,-30.41M,-1.722B,,2001-06,1.720B,-499.00M,1.221B,0.311M,,0.311M,,,,,618.44M,1.839B,2001-06,126.59M,99.04M,0.929M,226.55M,,2001-06,0.311M,1.907B,-686.60M,,,,2001-06,AOR,
2001-03,35.18M,,,,,,,38.09M,38.09M,10.43M,,,,-27.07M,-28.11M,-31.48M,,-36.02M,,3.676M,-33.79M,,-69.09M,,2001-03,-185.24M,,,,-832.72M,3.54M,-1.128B,,2001-03,873.14M,499.00M,1.372B,475.22M,,475.22M,,,,,-614.36M,1.233B,2001-03,95.24M,35.73M,-4.386M,126.59M,,2001-03,475.22M,1.372B,,,,,2001-03,AOR,Restated
2000-12,42.00M,,,,,,,35.68M,35.68M,1.778M,,,,91.08M,-78.48M,20.02M,,29.57M,,-5.974M,-23.67M,,119.68M,,2000-12,-121.39M,,,,27.68M,-62.72M,-132.64M,,2000-12,-57.56M,0.00,-57.56M,0.00,,0.00,,,,,,-57.56M,2000-12,165.40M,-70.52M,0.36M,36.81M,,2000-12,0.00,49.59M,-107.16M,,,,2000-12,AOR,Restated
2000-09,88.60M,,,,,,,36.42M,36.42M,-55.54M,,,,-66.04M,11.90M,-9.823M,,32.85M,,4.082M,-18.97M,,23.49M,,2000-09,47.43M,,,,-217.48M,-14.48M,-184.99M,,2000-09,256.06M,0.00,256.06M,0.00,,0.00,,,,,,256.06M,2000-09,70.84M,94.56M,0.00,165.40M,,2000-09,0.00,476.63M,-220.57M,,,,2000-09,AOR,Restated
2000-06,43.58M,,,,,,,30.86M,30.86M,81.31M,,,,-41.64M,-125.21M,-32.96M,,46.90M,,2.693M,56.16M,,61.69M,,2000-06,-106.21M,,,,0.00,-8.277M,-104.79M,,2000-06,-477.70M,,-477.70M,453.72M,,453.72M,,,,,,-23.98M,2000-06,137.92M,-67.08M,0.00,70.84M,,2000-06,453.72M,25.84M,-503.54M,,,,2000-06,AOR,Restated
2000-03,8.746M,,,,,,,19.99M,19.99M,10.91M,,,,15.45M,4.401M,10.45M,,25.58M,,-5.937M,67.23M,,156.81M,,2000-03,-43.39M,,,,-1.723B,2.749M,-1.782B,,2000-03,1.731B,,1.731B,0.00,,0.00,,,,,,1.731B,2000-03,31.48M,106.44M,0.00,137.92M,,2000-03,0.00,2.483B,-751.49M,,,,2000-03,AOR,Restated
