,Cash,CashandEquivalents,ShortTermInvestments,CashandShortTermInvestments,AccountsReceivable,OtherReceivables,TotalReceivables,RawMaterialsInventory,WorkinProcessInventory,FinishedGoodsInventory,Inventories,PrepaidExpenses,CurrentDeferredTaxAssets,OtherCurrentAssets,TotalCurrentAssets,Properties,LandandImprovements,BuildingsandImprovements,"Machine,Furniture&Equipment",OtherProperties,Leases,GrossPP&E,AccumulatedD&A,NetPP&E,Goodwill,OtherIntangibleAssets,GoodwillandIntangibles,LongTermInvestments,LongTermDeferredAssets,OtherLongTermAssets,TotalLongTermAssets,TotalAssets,AccountsPayable,DividendsPayable,CurrentTaxPayable,TotalPayables,AccruedExpenses,PayablesandAccruedExpenses,CurrentProvisions-Legal&Other,CommercialPaperLiability,OtherCurrentBorrowings,CurrentPortionofLongTermDebt,CurrentCapitalLeaseObligation,CurrentDebt&CapitalLeaseObligation,CurrentDeferredRevenue,CurrentDeferredLiabilities,OtherCurrentLiability,TotalCurrentLiabilities,Non-CurrentPortionofLongTermDebt,LongTermCapLeaseObligation,Non-CurrentPortionofLTDandCapitalLeaseObligation,LongTermDeferredTaxLiabilities,Non-CurrentDeferredLiabilities,MinorityInterestOwnership,OtherLongTermLiabilities,TotalLongTermLiabilities,TotalLiabilities,TotalCapitalStock,RetainedEarnings,AdditionalPaidInCapital,TreasuryStock,AdjustmentsforForeignCurrencyTranslation,OtherEquityAdjustments,AccruedComprehensiveInc,ShareholdersEquity
2020-09,753.18M,4.129B,2.529B,6.658B,2.318B,,2.318B,1.284B,269.02M,584.72M,2.138B,161.00M,,,11.27B,,,,,,,,,1.134B,1.485B,161.71M,1.646B,,,1.002B,3.782B,15.06B,662.67M,188.05M,170.41M,1.021B,404.25M,1.425B,125.24M,,,834.14M,,834.14M,576.49M,576.49M,,3.407B,4.993B,,4.993B,,,,351.28M,6.225B,9.632B,0.145M,12.16B,6.762B,13.42B,,,-82.67M,5.425B
2020-06,973.98M,4.915B,1.795B,6.710B,2.097B,,2.097B,1.162B,251.20M,486.86M,1.900B,146.16M,,,10.85B,0.0,58.80M,660.86M,1.416B,18.41M,,2.154B,-1.083B,1.071B,1.484B,168.53M,1.653B,,,981.04M,3.706B,14.56B,592.39M,167.13M,215.65M,975.17M,369.63M,1.345B,117.84M,,836.11M,836.11M,3.77M,839.88M,457.52M,457.52M,,3.162B,4.959B,11.48M,4.971B,,,,332.56M,6.213B,9.376B,0.145M,11.52B,6.696B,12.95B,,,-94.21M,5.183B
2020-03,1.483B,3.962B,1.432B,5.393B,2.191B,,2.191B,1.035B,227.60M,411.65M,1.675B,149.84M,,,9.409B,,,,,,,,,1.049B,1.484B,182.68M,1.667B,,,814.50M,3.530B,12.94B,498.86M,167.74M,112.47M,779.07M,321.60M,1.101B,117.68M,,,42.41M,,42.41M,539.60M,539.60M,,2.106B,5.044B,,5.044B,,,,350.60M,6.284B,8.389B,0.145M,10.99B,6.578B,12.92B,,,-112.68M,4.549B
2019-12,,3.036B,1.648B,4.684B,2.030B,,2.030B,980.75M,200.63M,347.24M,1.529B,212.10M,,,8.455B,,,,,,,,,1.047B,1.485B,193.12M,1.678B,,,733.96M,3.459B,11.91B,452.78M,163.51M,134.62M,750.90M,307.66M,1.059B,118.19M,,,632.29M,,632.29M,366.42M,366.42M,,2.566B,3.786B,,3.786B,,,,272.04M,4.931B,7.496B,0.142M,10.58B,6.529B,12.67B,,,-60.25M,4.418B
2019-09,,4.607B,983.65M,5.591B,1.636B,,1.636B,958.88M,182.39M,342.12M,1.483B,124.76M,,,8.835B,,,,,,,,,1.030B,1.484B,206.26M,1.691B,,,788.07M,3.509B,12.34B,415.81M,166.72M,115.29M,697.82M,263.79M,961.62M,114.47M,,,645.16M,,645.16M,406.68M,406.68M,,2.458B,3.788B,,3.788B,,,,261.89M,4.907B,7.365B,0.145M,10.23B,6.456B,11.68B,,,-72.56M,4.979B
2019-06,462.31M,3.658B,1.773B,5.431B,1.456B,,1.456B,994.74M,174.22M,371.18M,1.540B,133.54M,,,8.560B,0.0,46.16M,664.06M,1.313B,,,2.023B,-963.68M,1.059B,1.485B,216.95M,1.702B,,,680.30M,3.441B,12.00B,376.56M,158.87M,49.93M,585.36M,273.82M,859.18M,127.93M,,,667.13M,,667.13M,381.32M,381.32M,,2.372B,3.823B,,3.823B,,,,190.82M,4.906B,7.278B,0.144M,9.931B,6.409B,11.60B,,,-64.03M,4.723B
2019-03,,4.932B,1.209B,6.141B,1.522B,,1.522B,1.035B,206.24M,381.36M,1.622B,156.80M,,,9.442B,,,,,,,,,1.040B,1.485B,223.02M,1.708B,,,704.76M,3.453B,12.90B,416.19M,164.87M,89.26M,670.32M,225.40M,895.72M,159.32M,,,964.11M,,964.11M,378.40M,378.40M,,2.806B,3.802B,,3.802B,,,,83.99M,4.749B,7.554B,0.15M,9.548B,6.315B,10.51B,,,-62.66M,5.341B
2018-12,,3.360B,275.67M,3.635B,1.869B,,1.869B,1.018B,183.95M,501.64M,1.703B,148.23M,,,7.356B,,,,,,,,,1.013B,1.485B,251.90M,1.736B,,,662.84M,3.413B,10.77B,343.94M,171.20M,158.35M,673.49M,222.81M,896.30M,166.91M,,,187.10M,,187.10M,432.22M,432.22M,,2.167B,1.813B,,1.813B,,,,87.83M,2.760B,4.927B,0.154M,9.165B,6.257B,9.573B,,,-64.69M,5.841B
2018-09,,2.568B,1.051B,3.619B,1.847B,,1.847B,994.68M,187.35M,692.17M,1.874B,175.89M,,,7.516B,,,,,,,,,951.38M,1.485B,282.69M,1.768B,,,722.77M,3.442B,10.96B,384.40M,167.91M,253.31M,805.62M,230.41M,1.036B,179.61M,,,550.37M,,550.37M,542.32M,542.32M,,2.825B,1.805B,,1.805B,,,,100.14M,2.751B,5.576B,0.153M,8.768B,6.195B,9.582B,,,-57.73M,5.382B
2018-06,,4.512B,437.34M,4.950B,2.177B,,2.177B,916.44M,222.92M,736.80M,1.876B,147.22M,,,9.150B,0.0,46.16M,530.03M,1.160B,,,1.736B,-833.61M,902.55M,1.485B,317.84M,1.803B,,,624.28M,3.330B,12.48B,510.98M,174.37M,185.38M,870.74M,250.50M,1.121B,192.48M,610.03M,,610.03M,,610.03M,720.09M,720.09M,,3.150B,1.807B,,1.807B,,,,90.63M,2.749B,5.899B,0.157M,8.261B,6.144B,7.846B,,,-57.45M,6.580B
2018-03,,4.699B,1.786B,6.485B,2.083B,,2.083B,834.30M,282.83M,576.00M,1.693B,165.07M,,,10.43B,,,,,,,,,826.50M,1.486B,340.24M,1.826B,,,585.31M,3.238B,13.66B,630.91M,82.03M,179.13M,892.07M,246.02M,1.138B,200.08M,,,1.423B,,1.423B,748.90M,748.90M,,3.948B,1.782B,,1.782B,,,,230.62M,2.831B,6.779B,0.164M,7.414B,6.006B,6.552B,,,-65.43M,6.884B
2017-12,,1.745B,3.955B,5.700B,2.279B,,2.279B,820.16M,263.91M,423.37M,1.507B,179.94M,,,9.666B,,,,,,,,,807.34M,1.485B,380.93M,1.866B,,,572.64M,3.246B,12.91B,421.79M,79.74M,310.81M,812.34M,213.27M,1.026B,179.68M,,,1.402B,,1.402B,748.64M,748.64M,,3.912B,1.790B,,1.790B,,,,118.18M,2.727B,6.639B,0.159M,6.718B,5.960B,6.470B,,,-64.16M,6.274B
2017-09,,2.406B,3.776B,6.182B,1.531B,,1.531B,721.35M,200.27M,406.67M,1.328B,187.33M,,,9.229B,,,,,,,,,745.60M,1.484B,420.36M,1.904B,,,519.86M,3.170B,12.40B,471.80M,73.13M,145.02M,689.95M,181.93M,871.88M,168.34M,,,639.91M,,639.91M,597.92M,597.92M,,2.789B,1.793B,,1.793B,,,,278.73M,2.202B,4.990B,0.162M,6.808B,5.892B,5.376B,,,-52.79M,7.408B
2017-06,,2.378B,3.664B,6.041B,1.673B,,1.673B,625.60M,213.07M,394.25M,1.233B,195.02M,,,9.142B,0.0,46.16M,358.08M,1.039B,,,1.443B,-757.28M,685.60M,1.386B,411.00M,1.797B,,,498.00M,2.980B,12.12B,464.64M,72.74M,95.13M,632.51M,192.15M,824.66M,161.98M,908.44M,,908.44M,,908.44M,607.67M,607.67M,,2.950B,1.785B,,1.785B,,,,280.19M,2.185B,5.135B,0.162M,6.250B,5.845B,5.216B,,,-61.70M,6.987B
2017-03,,2.129B,3.755B,5.884B,1.636B,,1.636B,601.06M,188.16M,343.98M,1.133B,223.06M,,,8.876B,,,,,,,,,675.71M,1.386B,449.60M,1.835B,,,488.38M,2.999B,11.88B,473.42M,73.95M,62.29M,609.66M,207.65M,817.31M,145.14M,,,905.29M,,905.29M,527.27M,527.27M,,2.757B,1.777B,,1.777B,,,,282.62M,2.197B,4.954B,0.164M,5.796B,5.727B,4.701B,,,-75.60M,6.921B
2016-12,,2.504B,3.329B,5.833B,1.426B,,1.426B,565.48M,198.50M,254.91M,1.019B,225.29M,,,8.504B,,,,,,,,,672.55M,1.386B,487.90M,1.874B,,,471.05M,3.017B,11.52B,445.11M,73.34M,56.02M,574.47M,180.52M,754.99M,119.33M,,,957.90M,,957.90M,407.84M,407.84M,,2.658B,1.769B,,1.769B,,,,262.35M,2.270B,4.928B,0.162M,5.295B,5.668B,4.498B,,,-70.08M,6.593B
2016-09,,5.862B,1.353B,7.214B,1.290B,,1.290B,549.41M,139.12M,243.06M,931.58M,162.63M,,,9.599B,,,,,,,,,649.59M,1.386B,526.59M,1.912B,,,475.34M,3.037B,12.64B,349.74M,48.40M,68.06M,466.20M,188.84M,655.04M,103.23M,,,953.00M,,953.00M,417.86M,417.86M,,2.486B,3.378B,,3.378B,,,,142.91M,3.763B,6.249B,0.162M,5.036B,5.628B,4.422B,,,-57.00M,6.387B
2016-06,,5.039B,1.789B,6.828B,1.262B,,1.262B,536.84M,151.41M,283.66M,971.91M,151.16M,,,9.213B,0.0,46.05M,213.36M,1.005B,,96.65M,1.361B,-721.72M,639.61M,1.386B,564.92M,1.951B,,,460.36M,3.051B,12.26B,348.20M,48.05M,86.72M,482.97M,206.29M,689.26M,100.32M,,,947.73M,,947.73M,349.20M,349.20M,,2.418B,3.378B,,3.378B,,,,134.56M,3.744B,6.162B,0.16M,4.820B,5.573B,4.429B,,,-69.33M,6.102B
2016-03,,2.232B,2.307B,4.539B,1.237B,,1.237B,533.08M,160.22M,241.63M,934.93M,231.28M,,,6.942B,,,,,,,,,664.42M,1.387B,612.78M,1.999B,,,418.94M,3.083B,10.02B,373.16M,47.79M,70.06M,491.02M,153.38M,644.39M,96.22M,,,978.98M,,978.98M,334.10M,334.10M,,2.342B,1.407B,,1.407B,,,,137.02M,1.811B,4.153B,0.159M,4.609B,5.559B,4.420B,,,-55.89M,5.871B
2015-12,,1.968B,2.508B,4.475B,1.090B,,1.090B,546.89M,118.16M,214.77M,879.82M,225.05M,,,6.670B,,,,,,,,,643.75M,1.387B,652.13M,2.039B,,,397.26M,3.080B,9.750B,230.97M,47.54M,68.07M,346.58M,168.38M,514.96M,97.33M,,,973.70M,,973.70M,261.05M,261.05M,,2.223B,1.405B,,1.405B,,,,135.30M,1.797B,4.020B,0.159M,4.514B,5.516B,4.409B,,,-68.78M,5.730B
2015-09,,1.744B,2.587B,4.332B,1.089B,,1.089B,553.74M,132.13M,230.81M,916.68M,178.56M,,,6.516B,,,,,,,,,636.77M,1.387B,688.95M,2.076B,,,365.52M,3.078B,9.594B,254.33M,47.90M,72.51M,374.73M,187.22M,561.96M,98.97M,,,969.39M,,969.39M,324.98M,324.98M,,2.282B,1.401B,,1.401B,,,,127.61M,1.776B,4.058B,0.158M,4.338B,5.479B,4.396B,,,-62.96M,5.537B
2015-06,,1.502B,2.575B,4.076B,1.094B,,1.094B,566.64M,141.26M,235.44M,943.35M,157.44M,,,6.271B,0.0,53.39M,238.63M,877.04M,,81.90M,1.251B,-629.54M,621.42M,1.388B,728.14M,2.116B,,,356.73M,3.094B,9.365B,300.20M,47.66M,39.28M,387.14M,154.78M,541.92M,93.21M,,,1.360B,,1.360B,322.07M,322.07M,,2.631B,1.001B,,1.001B,,,,184.02M,1.388B,4.020B,0.159M,4.097B,5.367B,4.303B,,,-57.80M,5.345B
2015-03,,1.636B,2.313B,3.949B,1.047B,,1.047B,578.30M,136.27M,205.10M,919.68M,145.36M,,,6.061B,,,,,,,,,579.82M,1.466B,776.66M,2.243B,,,354.77M,3.178B,9.239B,379.46M,28.71M,10.35M,418.53M,142.20M,560.73M,87.40M,,,520.69M,,520.69M,303.28M,303.28M,,1.735B,1.831B,,1.831B,,,,189.29M,2.226B,3.961B,0.158M,4.013B,5.380B,4.233B,,,-63.24M,5.278B
2014-12,,981.28M,1.902B,2.884B,944.01M,,944.01M,564.24M,133.10M,216.05M,913.39M,173.73M,,,4.915B,,,,,,,,,585.37M,1.467B,815.06M,2.282B,,,328.50M,3.196B,8.111B,296.42M,28.72M,43.28M,368.42M,134.25M,502.67M,79.03M,,,519.96M,,519.96M,254.76M,254.76M,,1.709B,830.88M,,830.88M,,,,183.68M,1.220B,2.929B,0.159M,3.836B,5.329B,4.119B,,,-45.39M,5.182B
2014-09,,1.294B,1.594B,2.887B,864.40M,,864.40M,497.06M,121.80M,196.75M,815.61M,123.62M,,,4.691B,,,,,,,,,555.66M,1.467B,854.83M,2.322B,,,325.04M,3.203B,7.894B,249.78M,29.38M,45.45M,324.61M,115.62M,440.23M,70.18M,,,519.10M,,519.10M,251.78M,251.78M,,1.600B,824.27M,,824.27M,,,,179.71M,1.221B,2.821B,0.159M,3.687B,5.292B,4.050B,,,-38.73M,5.073B
2014-06,,1.453B,1.613B,3.066B,800.62M,,800.62M,449.62M,126.56M,164.32M,740.50M,176.90M,,,4.784B,0.0,52.78M,199.54M,763.90M,,80.57M,1.097B,-553.30M,543.50M,1.466B,894.08M,2.360B,,,305.84M,3.210B,7.993B,223.52M,29.24M,93.93M,346.69M,101.74M,448.43M,68.32M,,,518.27M,,518.27M,235.92M,235.92M,,1.582B,817.20M,,817.20M,,,,122.66M,1.198B,2.780B,0.162M,3.576B,5.240B,3.757B,,,-28.66M,5.213B
2014-03,,1.292B,1.462B,2.754B,818.39M,,818.39M,440.77M,114.89M,161.69M,717.36M,157.13M,,,4.447B,0.0,55.95M,207.54M,744.08M,,79.15M,1.087B,-534.13M,552.59M,1.457B,951.59M,2.409B,,,298.51M,3.260B,7.707B,252.52M,,51.18M,303.70M,109.24M,412.94M,71.49M,,,517.40M,,517.40M,257.28M,257.28M,,1.543B,810.69M,,810.69M,,,,111.35M,1.173B,2.716B,0.162M,3.372B,5.187B,3.724B,,,-27.07M,4.992B
2013-12,,1.133B,1.390B,2.522B,909.72M,,909.72M,413.76M,94.97M,152.84M,661.57M,138.36M,17.10M,,4.249B,0.0,56.53M,205.41M,711.67M,,80.50M,1.054B,-507.92M,546.19M,1.457B,995.75M,2.453B,,,307.50M,3.307B,7.556B,252.59M,,38.72M,291.30M,115.44M,406.74M,66.34M,,,516.48M,,516.48M,224.39M,224.39M,,1.523B,803.28M,,803.28M,,,,129.71M,1.182B,2.705B,0.162M,3.207B,5.153B,3.679B,,,-15.52M,4.851B
2013-09,,1.156B,1.300B,2.456B,713.52M,,713.52M,350.77M,90.92M,173.10M,614.79M,110.63M,29.09M,,3.924B,0.0,50.39M,232.10M,673.09M,,86.75M,1.042B,-477.48M,564.84M,1.452B,1.033B,2.485B,,,316.35M,3.366B,7.290B,206.07M,,32.89M,238.97M,125.39M,364.36M,58.98M,,,515.54M,,515.54M,188.42M,188.42M,,1.403B,796.37M,,796.37M,,,,129.31M,1.174B,2.577B,0.162M,3.058B,5.121B,3.629B,,,-23.36M,4.713B
2013-06,,1.162B,1.335B,2.497B,602.62M,,602.62M,312.48M,101.53M,145.30M,559.32M,134.67M,,,3.794B,0.0,65.36M,249.13M,662.30M,,76.22M,1.053B,-449.10M,603.91M,1.452B,1.074B,2.527B,,,326.04M,3.456B,7.250B,200.25M,0.00,39.42M,239.67M,118.06M,357.74M,52.25M,,,514.66M,,514.66M,225.04M,225.04M,,1.404B,789.26M,,789.26M,,,,134.31M,1.170B,2.575B,0.163M,2.973B,5.085B,3.540B,,,-28.69M,4.676B
2013-03,,1.019B,1.338B,2.357B,544.07M,,544.07M,312.85M,94.52M,137.67M,545.04M,86.16M,137.73M,,3.670B,0.0,65.27M,243.14M,635.14M,,70.24M,1.014B,-418.88M,594.92M,1.446B,1.117B,2.563B,,,318.48M,3.476B,7.146B,173.29M,,29.94M,203.22M,116.57M,319.80M,48.94M,,,1.555M,,1.555M,193.32M,193.32M,,801.01M,1.295B,,1.295B,,,,258.15M,1.803B,2.604B,0.162M,2.887B,5.230B,3.551B,,,-23.74M,4.542B
2012-12,,1.190B,1.330B,2.521B,590.92M,,590.92M,307.81M,78.46M,144.01M,530.27M,65.22M,139.30M,,3.846B,0.0,65.29M,238.58M,619.86M,,63.02M,986.75M,-396.21M,590.55M,1.455B,1.153B,2.608B,,0.344M,317.64M,3.517B,7.363B,156.24M,,17.95M,174.19M,118.90M,293.09M,56.19M,,,1.464M,,1.464M,168.99M,168.99M,,825.48M,1.287B,,1.287B,,,,294.30M,1.841B,2.667B,0.166M,2.868B,5.190B,3.337B,,,-24.48M,4.697B
2012-09,,1.411B,1.313B,2.724B,640.22M,,640.22M,316.76M,85.15M,166.02M,567.92M,100.49M,136.56M,,4.169B,0.0,65.23M,235.47M,616.95M,,55.01M,972.66M,-379.46M,593.20M,1.446B,1.196B,2.643B,,,318.96M,3.555B,7.724B,148.12M,,22.22M,170.34M,126.41M,296.75M,61.01M,,,1.521M,,1.521M,208.09M,208.09M,,854.26M,1.279B,,1.279B,,,,296.81M,1.858B,2.713B,0.175M,2.862B,5.159B,2.976B,,,-33.91M,5.012B
2012-06,,1.565B,1.298B,2.863B,765.82M,,765.82M,342.28M,118.57M,172.00M,632.85M,105.97M,47.78M,,4.415B,0.0,65.23M,231.54M,593.43M,,54.33M,944.52M,-359.92M,584.60M,1.446B,1.240B,2.687B,,,318.22M,3.590B,8.005B,258.78M,,24.74M,283.52M,129.28M,412.80M,63.99M,,,511.14M,,511.14M,164.83M,164.83M,,1.427B,761.78M,,761.78M,,,,219.58M,1.256B,2.683B,0.187M,2.859B,4.944B,2.637B,,,-33.82M,5.322B
2012-03,,1.410B,993.70M,2.404B,471.78M,,471.78M,217.20M,78.47M,80.45M,376.13M,93.32M,78.72M,,3.424B,0.0,14.21M,69.45M,503.62M,,58.86M,646.14M,-366.19M,279.96M,169.18M,34.09M,203.28M,165.22M,0.00,120.90M,769.35M,4.193B,179.44M,,,179.44M,330.10M,509.55M,,,,2.50M,,2.50M,139.61M,139.61M,,651.66M,755.43M,,755.43M,,,,61.47M,932.47M,1.584B,0.12M,2.841B,1.747B,1.963B,,,-16.19M,2.609B
2011-12,,1.507B,712.86M,2.220B,462.24M,,462.24M,221.74M,68.41M,82.98M,373.13M,79.22M,78.48M,,3.213B,0.0,14.21M,66.52M,483.03M,,60.02M,623.78M,-351.38M,272.41M,169.18M,38.39M,207.57M,165.22M,4.184M,115.92M,765.30M,3.978B,108.12M,,48.93M,157.05M,103.80M,260.84M,,,,2.817M,,2.817M,117.26M,117.26M,,593.60M,749.08M,,749.08M,,,,57.10M,921.80M,1.515B,0.12M,2.795B,1.651B,1.950B,,,-33.13M,2.463B
2011-09,,1.339B,713.09M,2.052B,523.24M,,523.24M,217.22M,83.58M,95.50M,396.30M,84.35M,78.33M,,3.135B,0.0,14.61M,66.67M,466.63M,,56.69M,604.60M,-338.19M,266.41M,169.18M,42.90M,212.09M,165.24M,4.718M,117.87M,766.32M,3.901B,113.28M,,,113.28M,364.35M,477.63M,,,,4.446M,,4.446M,112.52M,112.52M,,594.59M,743.25M,,743.25M,,,,56.72M,916.48M,1.511B,0.122M,2.762B,1.477B,1.832B,,,-16.43M,2.390B
2011-06,,1.492B,630.12M,2.122B,590.57M,,590.57M,212.98M,69.01M,114.62M,396.61M,85.41M,78.44M,,3.273B,0.0,14.76M,65.43M,456.71M,,55.83M,592.73M,-322.27M,270.46M,169.18M,47.43M,216.62M,,3.892M,289.64M,780.60M,4.054B,163.54M,,51.18M,214.72M,60.31M,275.03M,40.95M,,,4.782M,,4.782M,153.68M,153.68M,,680.76M,738.49M,,738.49M,,,,51.19M,903.26M,1.584B,0.124M,2.690B,1.531B,1.762B,,,9.761M,2.470B
2011-03,,942.71M,312.88M,1.256B,637.80M,,637.80M,223.35M,55.42M,76.96M,355.73M,77.72M,45.93M,,2.373B,0.0,14.76M,62.94M,428.71M,,55.15M,561.55M,-309.60M,251.95M,169.18M,51.96M,221.15M,165.25M,29.58M,107.80M,775.72M,3.148B,184.12M,,51.13M,235.25M,277.56M,512.81M,,,,,4.242M,4.242M,,150.34M,,667.39M,,15.95M,15.95M,,,,25.09M,157.95M,825.34M,0.124M,2.564B,1.473B,1.714B,,,-0.198M,2.323B
2010-12,,729.06M,303.04M,1.032B,689.40M,,689.40M,175.45M,59.97M,98.46M,333.87M,76.99M,47.38M,,2.180B,0.0,14.76M,60.83M,400.12M,,51.85M,527.56M,-297.79M,229.77M,169.18M,56.49M,225.67M,165.24M,28.03M,104.76M,753.47M,2.933B,168.75M,,,168.75M,381.92M,550.67M,,,,4.113M,,4.113M,135.09M,135.09M,,689.87M,16.52M,,16.52M,118.32M,118.32M,,23.72M,158.57M,848.44M,0.123M,2.382B,1.438B,1.711B,,,-24.67M,2.085B
2010-09,,628.28M,304.99M,933.27M,526.90M,,526.90M,164.76M,77.53M,96.05M,338.34M,74.73M,46.19M,,1.919B,0.0,15.57M,61.23M,364.67M,,50.31M,491.78M,-285.54M,206.24M,169.18M,62.51M,231.69M,165.24M,26.97M,102.73M,732.86M,2.652B,143.45M,,60.78M,204.24M,173.81M,378.04M,,,,5.226M,,5.226M,132.26M,132.26M,96.87M,612.40M,15.08M,,15.08M,114.95M,114.95M,,23.25M,153.27M,765.67M,0.123M,2.160B,1.473B,1.706B,,,-39.87M,1.887B
2010-06,,545.77M,280.69M,826.46M,499.89M,,499.89M,159.57M,67.11M,91.79M,318.48M,65.68M,46.16M,,1.757B,0.0,15.57M,61.14M,345.27M,,55.30M,477.29M,-276.95M,200.34M,169.18M,67.72M,236.91M,165.23M,26.22M,102.04M,730.73M,2.487B,121.10M,,54.87M,175.97M,89.94M,265.92M,,,,4.967M,,4.967M,123.19M,123.19M,,558.66M,17.64M,,17.64M,,,,32.49M,160.60M,719.26M,0.126M,1.966B,1.453B,1.581B,,,-69.85M,1.768B
2010-03,,461.37M,217.18M,678.55M,521.81M,,521.81M,148.85M,65.83M,66.80M,281.47M,73.55M,49.36M,,1.605B,0.0,15.79M,63.22M,333.98M,,57.16M,470.14M,-267.10M,203.04M,169.18M,73.69M,242.87M,165.28M,14.38M,94.06M,719.62M,2.324B,126.92M,,,126.92M,262.73M,389.66M,,,,5.512M,,5.512M,138.19M,138.19M,,533.36M,20.31M,,20.31M,113.36M,113.36M,,12.87M,146.55M,679.91M,0.126M,1.829B,1.422B,1.555B,,,-50.89M,1.644B
2009-12,,430.17M,215.57M,645.73M,420.49M,,420.49M,124.69M,55.87M,60.74M,241.30M,79.48M,47.98M,,1.435B,0.0,15.90M,64.44M,329.10M,,53.75M,463.18M,-258.10M,205.09M,169.18M,79.66M,248.84M,184.91M,16.40M,94.62M,749.86M,2.185B,112.39M,,,112.39M,247.58M,359.96M,,,,11.37M,,11.37M,73.90M,73.90M,,445.24M,35.14M,,35.14M,,,,119.67M,154.82M,600.06M,0.127M,1.711B,1.409B,1.491B,,,-44.14M,1.585B
2009-09,,361.16M,215.03M,576.19M,325.76M,,325.76M,121.11M,45.61M,53.36M,220.08M,61.13M,57.29M,,1.240B,0.0,15.90M,64.42M,338.94M,,53.37M,472.62M,-261.28M,211.35M,169.18M,85.63M,254.82M,185.01M,16.30M,87.18M,754.65M,1.995B,72.54M,,,72.54M,197.43M,269.97M,,,,11.37M,,11.37M,55.57M,55.57M,,336.91M,35.79M,,35.79M,,,,118.65M,154.43M,491.34M,0.127M,1.641B,1.391B,1.490B,,,-38.48M,1.504B
2009-06,,374.17M,205.22M,579.39M,253.58M,,253.58M,145.42M,35.49M,52.50M,233.41M,101.71M,69.04M,,1.237B,0.0,16.55M,64.49M,337.26M,,52.12M,470.41M,-254.75M,215.67M,169.18M,91.60M,260.79M,178.44M,17.01M,84.14M,756.04M,1.993B,49.61M,,,49.61M,281.34M,330.94M,,,,5.348M,,5.348M,45.79M,45.79M,,382.08M,40.89M,,40.89M,,,,117.13M,158.02M,540.10M,0.127M,1.624B,1.377B,1.496B,,,-52.82M,1.453B
2009-03,,374.65M,248.50M,623.15M,196.84M,,196.84M,156.52M,33.79M,70.36M,260.67M,82.27M,90.54M,,1.253B,0.0,16.07M,62.85M,339.52M,,47.06M,465.50M,-239.64M,225.86M,170.68M,97.57M,268.25M,,,285.90M,780.01M,2.033B,39.18M,,,39.18M,289.47M,328.65M,,,,5.274M,,5.274M,36.08M,36.08M,,370.00M,39.94M,,39.94M,,,0.00,120.28M,160.23M,530.22M,0.126M,1.713B,1.362B,1.502B,,,-69.60M,1.503B
2008-12,,652.91M,297.40M,950.31M,290.56M,,290.56M,160.11M,49.28M,60.57M,269.96M,56.65M,93.00M,,1.660B,0.0,16.73M,111.13M,338.22M,,,466.08M,-232.83M,233.25M,270.68M,101.30M,371.99M,,25.84M,246.86M,877.94M,2.538B,39.81M,,,39.81M,260.15M,299.96M,,,,29.90M,,29.90M,54.16M,54.16M,62.40M,446.41M,257.14M,,257.14M,,,,113.68M,370.82M,817.23M,0.125M,1.911B,1.364B,1.511B,-35.96M,-7.805M,-43.76M,1.721B
2008-09,,745.43M,313.80M,1.059B,311.63M,,311.63M,152.97M,48.98M,70.27M,272.22M,69.98M,95.19M,,1.808B,0.0,15.56M,105.63M,332.93M,,,454.12M,-223.74M,230.38M,264.41M,110.13M,374.54M,,33.76M,237.64M,876.32M,2.685B,62.23M,,,62.23M,364.94M,427.17M,,,,30.12M,,30.12M,76.43M,76.43M,,533.72M,269.26M,,269.26M,,,4.789M,116.06M,385.32M,919.04M,0.126M,1.935B,1.356B,1.486B,,,-44.53M,1.761B
2008-06,,732.54M,326.20M,1.059B,412.36M,,412.36M,157.14M,54.68M,70.40M,282.22M,67.65M,96.75M,,1.918B,0.0,16.78M,91.77M,343.35M,,,451.91M,-216.17M,235.74M,281.30M,121.89M,403.19M,,19.79M,230.33M,889.05M,2.807B,89.16M,,,89.16M,390.06M,479.22M,,,,30.21M,,30.21M,128.25M,128.25M,,637.68M,276.12M,,276.12M,,,5.347M,109.01M,385.13M,1.023B,0.125M,1.926B,1.332B,1.491B,,,10.62M,1.779B
2008-03,,552.35M,290.54M,842.90M,599.72M,,599.72M,171.00M,63.68M,71.12M,305.80M,65.54M,76.72M,,1.891B,0.0,16.78M,87.16M,331.63M,,,435.58M,-203.83M,231.75M,264.09M,127.82M,391.91M,,35.16M,244.76M,903.58M,2.794B,121.45M,,,121.45M,205.00M,326.45M,,,,18.53M,,18.53M,162.11M,162.11M,217.94M,725.04M,287.33M,,287.33M,,,9.274M,108.56M,395.89M,1.121B,0.125M,1.854B,1.293B,1.488B,,,4.659M,1.664B
2007-12,,776.06M,93.82M,869.88M,441.99M,,441.99M,132.38M,42.58M,67.26M,242.22M,59.11M,63.00M,,1.676B,0.0,1.626M,54.76M,272.32M,,,328.70M,-194.72M,133.98M,59.74M,66.42M,126.16M,,36.16M,475.67M,771.97M,2.448B,75.13M,,,75.13M,189.06M,264.20M,,,,,,,143.84M,143.84M,161.46M,569.49M,250.00M,,250.00M,,,,79.58M,329.58M,899.07M,0.125M,1.751B,1.283B,1.487B,-0.758M,2.991M,2.233M,1.549B
2007-09,,793.17M,118.08M,911.25M,339.16M,,339.16M,130.30M,42.99M,66.58M,239.88M,25.44M,62.98M,,1.579B,0.0,1.626M,53.34M,254.68M,,,309.65M,-192.23M,117.42M,59.74M,70.06M,129.80M,,36.95M,426.25M,710.41M,2.289B,107.43M,,,107.43M,171.73M,279.16M,,,,,,,148.78M,148.78M,146.41M,574.35M,250.00M,,250.00M,,,,73.76M,323.76M,898.11M,0.124M,1.636B,1.249B,1.487B,,,-7.067M,1.391B
2007-06,,573.97M,96.72M,670.69M,410.01M,,410.01M,122.53M,43.94M,68.97M,235.43M,38.50M,61.73M,,1.416B,0.0,1.626M,51.89M,244.90M,,,298.41M,-184.69M,113.72M,59.74M,70.91M,130.65M,,27.41M,413.46M,685.24M,2.102B,117.62M,,,117.62M,157.09M,274.70M,,,,,,,190.88M,190.88M,207.21M,672.80M,250.00M,,250.00M,,,,2.487M,252.49M,925.28M,0.124M,1.469B,1.194B,1.483B,,,-4.302M,1.176B
2007-03,,494.81M,638.88M,1.134B,461.36M,,461.36M,115.25M,46.16M,67.02M,228.44M,66.12M,54.76M,,1.944B,0.0,1.29M,49.14M,234.14M,,,284.57M,-177.18M,107.39M,55.89M,61.62M,117.51M,,28.67M,411.94M,665.50M,2.610B,142.81M,,,142.81M,131.91M,274.73M,,,,,,,166.11M,166.11M,202.04M,642.87M,250.00M,,250.00M,,,,0.821M,250.82M,893.69M,0.137M,1.365B,1.078B,720.56M,-5.398M,-1.202M,-6.60M,1.716B
2006-12,,629.12M,574.84M,1.204B,456.43M,,456.43M,111.39M,34.47M,66.44M,212.30M,43.17M,40.80M,,1.957B,0.0,1.29M,47.87M,218.91M,,,268.07M,-171.04M,97.03M,55.89M,64.64M,120.53M,,37.52M,467.97M,723.05M,2.680B,111.43M,,,111.43M,196.49M,307.92M,,,,,,,176.79M,176.79M,153.65M,638.36M,300.00M,,300.00M,,,,0.833M,300.83M,939.20M,0.142M,1.200B,1.033B,486.00M,,,-6.90M,1.741B
2006-09,,1.031B,233.28M,1.265B,379.87M,,379.87M,90.73M,40.08M,57.38M,188.18M,40.71M,47.21M,,1.921B,0.0,,38.74M,183.47M,,,222.21M,-165.42M,56.79M,,,,,38.53M,518.44M,613.76M,2.534B,125.55M,,,125.55M,244.29M,369.84M,,,,,,,,,214.40M,584.24M,350.00M,,350.00M,,,,0.924M,350.92M,935.17M,0.142M,1.033B,983.25M,410.72M,-7.835M,1.352M,-6.483M,1.599B
2006-06,,910.82M,139.52M,1.050B,407.35M,,407.35M,78.04M,29.98M,60.70M,168.71M,26.34M,53.62M,,1.706B,0.0,,38.95M,174.19M,,,213.14M,-163.25M,49.89M,,14.64M,14.64M,,52.57M,503.91M,621.01M,2.327B,108.50M,,,108.50M,117.70M,226.20M,,,,,,,140.08M,140.08M,201.36M,567.65M,350.00M,,350.00M,,,,0.969M,350.97M,918.62M,0.142M,784.42M,1.052B,416.45M,,,-11.20M,1.409B
2006-03,,757.84M,233.53M,991.37M,319.15M,,319.15M,64.18M,31.58M,48.50M,144.26M,34.17M,50.81M,,1.540B,0.0,,38.12M,167.92M,,,206.04M,-162.14M,43.90M,,,,,36.41M,118.74M,199.06M,1.739B,107.14M,,,107.14M,281.00M,388.14M,,,,,,,119.17M,119.17M,,507.31M,,,,,,,,1.605M,508.91M,0.14M,730.25M,896.44M,386.10M,,,-10.81M,1.230B
2005-12,,633.78M,258.46M,892.24M,279.18M,,279.18M,54.69M,25.59M,33.77M,114.05M,30.29M,64.72M,,1.380B,0.0,,44.18M,165.40M,,,209.58M,-167.93M,41.65M,,,,,40.43M,119.69M,201.78M,1.582B,73.36M,,,73.36M,267.87M,341.23M,,,,,,,,,97.96M,439.19M,,,,,,,,1.279M,440.47M,0.138M,644.78M,828.84M,317.88M,,,-14.07M,1.142B
2005-09,,514.82M,274.00M,788.82M,220.96M,,220.96M,53.14M,22.47M,38.09M,113.70M,35.39M,64.08M,,1.223B,0.0,,41.78M,166.70M,,,208.47M,-168.46M,40.01M,,,,,40.43M,121.30M,201.74M,1.425B,56.90M,,,56.90M,244.01M,300.90M,,,,,,,,,63.74M,364.65M,,,,,,,,1.364M,366.01M,0.136M,566.00M,760.87M,255.97M,,,-12.38M,1.059B
2005-06,,482.25M,327.00M,809.25M,232.00M,,232.00M,51.25M,24.49M,34.31M,110.05M,16.87M,76.66M,,1.245B,0.0,,41.57M,167.83M,,,209.40M,-168.32M,41.08M,,,,,43.22M,119.67M,203.98M,1.449B,60.22M,,,60.22M,229.21M,289.42M,,,,,,,,,89.71M,379.13M,,,,,,,,2.786M,381.92M,0.137M,520.16M,744.67M,186.06M,,,-12.01M,1.067B
2005-03,,436.46M,289.83M,726.29M,257.50M,,257.50M,91.74M,28.61M,,120.35M,11.35M,68.39M,,1.184B,0.0,,41.24M,167.77M,,,209.01M,-165.84M,43.17M,,,,,102.68M,153.29M,299.14M,1.483B,64.24M,,,64.24M,224.24M,288.48M,,,,,,,,,86.87M,375.35M,,,,,,,,3.318M,378.67M,0.14M,453.93M,749.13M,87.54M,,,-11.32M,1.104B
2004-12,,326.17M,323.23M,649.40M,248.50M,,248.50M,55.19M,36.16M,37.95M,129.30M,10.30M,59.72M,,1.097B,0.0,,39.58M,168.54M,,,208.12M,-162.97M,45.15M,,,,,97.93M,153.69M,296.78M,1.394B,62.37M,,,62.37M,220.32M,282.70M,,,,,,,,,73.89M,356.58M,7.268M,,7.268M,,,,,7.268M,363.85M,0.139M,394.48M,669.91M,19.74M,,,-14.64M,1.030B
2004-09,,192.73M,283.94M,476.67M,333.40M,,333.40M,51.03M,39.46M,22.30M,112.78M,12.78M,47.97M,,983.60M,0.0,,41.25M,164.02M,,,205.26M,-163.32M,41.95M,,,,,,285.24M,327.20M,1.311B,67.57M,,,67.57M,203.66M,271.24M,,,,1.25M,,1.25M,,,115.50M,387.99M,,,,,,,,8.138M,396.12M,0.136M,310.87M,639.01M,19.74M,,,-15.60M,914.68M
2004-06,,163.40M,266.07M,429.47M,245.51M,,245.51M,45.07M,41.35M,21.83M,108.25M,10.43M,102.73M,,896.39M,0.0,,41.26M,160.31M,,,201.57M,-159.12M,42.44M,,,,,106.50M,153.29M,302.24M,1.199B,93.39M,,,93.39M,172.34M,265.74M,,,,2.50M,,2.50M,,,108.37M,376.61M,9.554M,,9.554M,,,,,9.554M,386.16M,0.135M,221.12M,628.08M,19.74M,,,-17.12M,812.47M
2004-03,,309.08M,323.99M,633.07M,179.61M,,179.61M,52.40M,34.13M,24.22M,110.75M,17.82M,129.62M,,1.071B,0.0,,46.46M,164.75M,,,211.21M,-173.74M,37.48M,,,,,87.03M,175.32M,299.83M,1.371B,82.24M,,,82.24M,157.48M,239.72M,,,,3.75M,,3.75M,,,56.60M,300.07M,322.94M,,322.94M,,,,,322.94M,623.01M,0.134M,170.31M,615.41M,25.77M,,,-12.40M,747.68M
2003-12,,129.21M,456.80M,586.01M,114.81M,,114.81M,61.36M,19.57M,17.90M,98.84M,10.53M,132.29M,,942.47M,0.0,,45.41M,167.95M,,,213.36M,-173.30M,40.07M,,,,,87.03M,178.33M,305.43M,1.248B,39.81M,,,39.81M,135.26M,175.08M,,,,5.00M,,5.00M,,,29.02M,209.09M,322.56M,,322.56M,,,,,322.56M,531.65M,0.132M,153.07M,608.47M,32.32M,,,-13.10M,716.26M
2003-09,,86.66M,437.81M,524.47M,113.98M,,113.98M,63.90M,23.32M,15.05M,102.27M,18.16M,133.17M,,892.05M,0.0,,56.97M,184.93M,,,241.90M,-198.53M,43.37M,,,,,87.03M,183.65M,314.05M,1.206B,37.54M,,,37.54M,132.70M,170.24M,,,,5.00M,,5.00M,28.44M,28.44M,,203.68M,325.24M,,325.24M,,,,,325.24M,528.92M,0.13M,146.68M,577.41M,32.32M,,,-14.71M,677.18M
2003-06,,167.34M,340.07M,507.41M,107.60M,,107.60M,67.26M,27.03M,17.72M,112.02M,12.68M,133.07M,,872.78M,0.0,,57.50M,187.26M,,,244.76M,-195.99M,48.77M,,,,,87.03M,189.70M,325.50M,1.198B,35.52M,,,35.52M,131.14M,166.66M,,,,5.011M,,5.011M,,,45.31M,216.98M,332.21M,,332.21M,,,,,332.21M,549.19M,0.127M,143.82M,560.27M,38.67M,,,-16.46M,649.08M
2003-03,,96.41M,369.46M,465.87M,133.11M,,133.11M,74.82M,32.63M,19.24M,126.69M,,128.58M,17.75M,871.99M,0.0,,68.08M,193.49M,,,261.57M,-208.32M,53.24M,,,,,88.31M,182.32M,323.87M,1.196B,30.62M,,,30.62M,161.43M,192.05M,,,,5.16M,,5.16M,47.32M,47.32M,,244.53M,321.72M,,321.72M,,,,,321.72M,566.24M,0.126M,141.90M,551.75M,44.51M,,,-19.66M,629.62M
2002-12,,159.38M,392.66M,552.04M,119.87M,,119.87M,89.72M,37.19M,19.76M,146.67M,,128.72M,14.49M,961.78M,,,,199.38M,66.49M,,265.88M,-208.36M,57.51M,,,,,88.31M,126.61M,272.43M,1.234B,22.93M,,,22.93M,152.30M,175.24M,,,,5.288M,,5.288M,58.09M,58.09M,,238.62M,372.85M,,372.85M,,,,,372.85M,611.46M,0.126M,143.15M,550.03M,50.25M,,,-20.31M,622.75M
2002-09,,169.43M,371.03M,540.46M,136.35M,,136.35M,96.74M,41.51M,22.97M,161.22M,,128.34M,21.94M,988.31M,0.0,65.94M,,197.90M,,,263.84M,-200.73M,63.10M,,,,,88.31M,125.00M,276.41M,1.265B,38.89M,,,38.89M,158.93M,197.83M,,,,5.411M,,5.411M,,,71.09M,274.33M,372.03M,,372.03M,,,,,372.03M,646.36M,0.125M,141.67M,545.02M,50.25M,,,-18.22M,618.36M
2002-06,,172.43M,701.77M,874.20M,132.11M,,132.11M,108.60M,45.31M,26.90M,180.80M,43.08M,125.23M,,1.355B,0.0,,65.75M,202.13M,,,267.88M,-200.38M,67.50M,,,,,86.23M,123.14M,276.87M,1.632B,59.81M,,,59.81M,159.01M,218.82M,,,,315.29M,,315.29M,,,63.44M,597.54M,359.69M,,359.69M,,,,,359.69M,957.24M,0.128M,157.04M,542.23M,9.10M,,,-15.24M,675.06M
2002-03,,130.08M,700.37M,830.46M,125.96M,,125.96M,100.23M,45.38M,31.28M,176.89M,73.88M,197.26M,,1.404B,0.0,,85.78M,210.39M,,,296.17M,-218.86M,77.31M,,,,,19.77M,121.90M,218.98M,1.623B,32.00M,,,32.00M,180.13M,212.13M,,,,312.12M,,312.12M,,,47.94M,572.20M,354.60M,,354.60M,,,,,354.60M,926.80M,0.127M,189.09M,536.93M,14.07M,,,-15.44M,696.63M
2001-12,,100.88M,779.26M,880.13M,101.89M,,101.89M,116.08M,44.40M,25.15M,185.63M,54.65M,189.60M,,1.412B,0.0,,86.28M,213.32M,,,299.60M,-214.09M,85.51M,,,,,19.77M,115.40M,220.68M,1.633B,23.30M,,,23.30M,194.62M,217.93M,,,,312.35M,,312.35M,,,62.11M,592.39M,357.98M,,357.98M,,,,,357.98M,950.38M,0.126M,189.38M,526.81M,21.73M,,,-12.38M,682.20M
2001-09,,95.00M,764.52M,859.52M,202.01M,,202.01M,141.52M,62.89M,27.14M,231.55M,38.17M,157.52M,,1.489B,0.0,,90.68M,226.01M,,,316.68M,-202.21M,114.48M,,,,,19.77M,115.60M,249.85M,1.739B,33.10M,,,33.10M,181.77M,214.87M,,,,318.49M,,318.49M,,,147.45M,680.80M,351.26M,,351.26M,,,,,351.26M,1.032B,0.125M,241.16M,501.69M,21.73M,,,-14.68M,706.56M
2001-06,,221.66M,642.90M,864.56M,248.91M,,248.91M,158.51M,74.17M,52.08M,284.76M,20.86M,157.52M,,1.577B,0.0,,89.59M,229.78M,,,319.36M,-192.83M,126.53M,,,,,19.77M,148.87M,295.17M,1.872B,56.57M,,,56.57M,183.32M,239.89M,,,,8.963M,,8.963M,,,250.83M,499.68M,659.72M,,659.72M,,,,,659.72M,1.159B,0.125M,254.28M,498.07M,21.90M,,,-18.20M,712.37M
2001-03,,190.76M,254.11M,444.87M,362.30M,,362.30M,195.40M,71.50M,61.53M,328.43M,32.07M,76.51M,,1.244B,0.0,,91.34M,234.21M,,,325.55M,-192.44M,133.12M,,,,,12.32M,104.84M,250.27M,1.494B,118.78M,,,118.78M,186.54M,305.32M,,,,20.81M,,20.81M,,,,326.12M,312.16M,,312.16M,,,,52.90M,365.06M,691.18M,0.124M,386.67M,457.80M,28.63M,,,-12.71M,803.26M
2000-12,,141.59M,255.60M,397.19M,424.20M,,424.20M,193.44M,59.97M,41.69M,295.10M,34.69M,76.51M,,1.228B,0.0,,89.88M,222.82M,,,312.70M,-182.43M,130.27M,,,,,12.32M,100.98M,243.57M,1.471B,123.14M,,,123.14M,273.67M,396.81M,,,,22.84M,,22.84M,,,,419.65M,312.48M,,312.48M,,,,52.90M,365.38M,785.03M,0.123M,360.19M,384.37M,51.78M,,,-6.673M,686.23M
2000-09,,74.45M,299.32M,373.77M,387.78M,,387.78M,175.05M,61.48M,18.92M,255.45M,21.36M,76.51M,,1.115B,0.0,,85.61M,209.82M,,,295.43M,-172.63M,122.80M,,,,,12.32M,93.53M,228.64M,1.344B,83.38M,,,83.38M,222.39M,305.77M,,,,9.168M,,9.168M,,,,314.94M,320.82M,,320.82M,,,,,320.82M,635.76M,0.125M,286.72M,442.06M,16.18M,,,-4.962M,707.76M
2000-06,,70.06M,301.67M,371.72M,323.94M,,323.94M,153.72M,53.22M,20.23M,227.17M,22.00M,76.51M,,1.021B,0.0,,79.16M,202.22M,,,281.38M,-162.19M,119.19M,,,,,12.32M,91.99M,223.50M,1.245B,76.65M,,,76.65M,203.48M,280.12M,,,,7.632M,,7.632M,,,,287.76M,321.66M,,321.66M,,,,,321.66M,609.41M,0.124M,227.29M,441.95M,26.44M,,,-7.501M,635.42M
2000-03,,27.30M,294.18M,321.48M,306.68M,,306.68M,150.95M,56.30M,9.898M,217.14M,26.05M,55.64M,,927.00M,0.0,,106.27M,158.67M,,,264.95M,-149.64M,115.30M,,,,,51.74M,91.30M,258.35M,1.185B,47.46M,,,47.46M,229.53M,277.00M,,,,7.644M,,7.644M,,,,284.64M,323.06M,,323.06M,,,,,323.06M,607.70M,0.124M,157.24M,427.90M,,,,-7.605M,577.65M
1999-12,,31.89M,295.47M,327.36M,236.75M,,236.75M,142.95M,48.97M,6.808M,198.72M,18.96M,55.64M,,837.43M,0.0,,95.92M,152.51M,,,248.43M,-145.14M,103.30M,,,,,51.74M,89.45M,244.49M,1.082B,54.61M,,,54.61M,207.64M,262.25M,,,,12.42M,,12.42M,,,,274.67M,321.84M,,321.84M,,,,,321.84M,596.51M,0.04M,90.22M,402.22M,0.041M,,,-7.026M,485.42M
1999-09,,57.05M,257.20M,314.25M,211.37M,,211.37M,138.96M,46.97M,6.02M,191.94M,20.61M,55.64M,,793.82M,0.0,,89.74M,145.14M,,,234.87M,-137.73M,97.14M,,,,,,139.49M,236.63M,1.030B,48.20M,,,48.20M,196.44M,244.64M,,,,22.31M,,22.31M,,,,266.95M,327.02M,,327.02M,,,,,327.02M,593.97M,0.039M,53.51M,394.11M,5.154M,,,-6.019M,436.49M
1999-06,,37.96M,273.84M,311.80M,170.53M,,170.53M,123.31M,44.18M,16.22M,183.72M,17.18M,55.64M,,738.87M,0.0,,90.90M,138.54M,,,229.44M,-126.10M,103.34M,,,,,51.74M,85.50M,240.58M,979.45M,51.22M,,,51.22M,172.21M,223.43M,,,,20.57M,,20.57M,,,,244.00M,326.50M,,326.50M,,,,,326.50M,570.50M,0.039M,28.83M,388.95M,8.429M,,,-0.432M,408.96M
1999-03,,73.05M,229.76M,302.81M,144.44M,,144.44M,137.96M,37.41M,4.176M,179.55M,24.34M,77.48M,,728.62M,0.0,,89.16M,173.72M,,,262.89M,-160.44M,102.45M,,,,,,105.38M,207.83M,936.45M,49.14M,,,49.14M,146.54M,195.68M,,,,16.53M,,16.53M,,,,212.21M,328.50M,,328.50M,,,,,328.50M,540.72M,0.039M,17.48M,387.85M,9.279M,,,-0.362M,395.73M
1998-12,,44.00M,267.51M,311.51M,141.42M,,141.42M,150.84M,33.64M,6.775M,191.25M,43.64M,77.48M,,765.31M,0.0,,76.44M,164.73M,,,241.17M,-133.26M,107.91M,,,,,,106.44M,214.36M,979.67M,31.21M,,,31.21M,186.03M,217.24M,,,,11.92M,,11.92M,,,,229.17M,337.49M,,337.49M,,,,,337.49M,566.66M,0.038M,32.21M,381.03M,,,,-0.268M,413.01M
1998-09,,129.84M,210.00M,339.84M,152.58M,,152.58M,156.46M,41.79M,15.98M,214.23M,41.28M,77.48M,,825.42M,0.0,,99.44M,198.95M,,,298.39M,-160.86M,137.53M,,,,,,107.09M,244.62M,1.070B,54.33M,,,54.33M,172.12M,226.45M,,,,16.86M,,16.86M,,,,243.31M,331.64M,,331.64M,,,,,331.64M,574.95M,0.039M,114.97M,380.78M,,,,-0.71M,495.08M
1998-06,,13.51M,383.65M,397.16M,176.03M,,176.03M,147.79M,52.37M,20.44M,220.61M,25.81M,77.48M,,897.09M,0.0,,95.08M,199.71M,,,294.79M,-150.53M,144.25M,,,,,26.40M,83.03M,253.68M,1.151B,67.70M,,,67.70M,208.44M,276.14M,,,,17.36M,,17.36M,,,,293.51M,334.17M,,334.17M,,,,,334.17M,627.68M,0.038M,141.74M,381.31M,,,,,523.09M
