,CashandEquivalents,ShortTermInvestments,CashandShortTermInvestments,AccountsReceivable,NotesReceivable,OtherReceivables,TotalReceivables,RawMaterialsInventory,WorkinProcessInventory,FinishedGoodsInventory,Inventories,PrepaidExpenses,CurrentDeferredTaxAssets,OtherCurrentAssets,TotalCurrentAssets,Properties,LandandImprovements,BuildingsandImprovements,"Machine,Furniture&Equipment",OtherProperties,GrossPP&E,AccumulatedD&A,NetPP&E,Goodwill,OtherIntangibleAssets,GoodwillandIntangibles,LongTermInvestments,LongTermNotesReceivable,LongTermDeferredAssets,OtherLongTermAssets,TotalLongTermAssets,TotalAssets,,AccountsPayable,DividendsPayable,CurrentTaxPayable,OtherPayables,TotalPayables,AccruedExpenses,PayablesandAccruedExpenses,CurrentProvisions-Legal&Other,OtherCurrentBorrowings,CurrentPortionofLongTermDebt,CurrentCapitalLeaseObligation,CurrentDebt&CapitalLeaseObligation,CurrentDeferredRevenue,CurrentDeferredLiabilities,OtherCurrentLiability,TotalCurrentLiabilities,Non-CurrentPortionofLongTermDebt,LongTermCapLeaseObligation,Non-CurrentPortionofLTDandCapitalLeaseObligation,LongTermDeferredTaxLiabilities,Non-CurrentDeferredLiabilities,PensionLiability,MinorityInterestOwnership,OtherLongTermLiabilities,TotalLongTermLiabilities,TotalLiabilities,,TotalCapitalStock,RetainedEarnings,AdditionalPaidInCapital,TreasuryStock,PreferredStock,AdjustmentsforForeignCurrencyTranslation,OtherEquityAdjustments,AccruedComprehensiveInc,ShareholdersEquity,,AsOriginallyReported,Restated
2020-12,348.90M,,348.90M,563.60M,,,563.60M,,,,645.50M,,,54.10M,1.612B,,,,,946.40M,946.40M,,946.40M,1.389B,806.70M,2.196B,,,,,3.142B,4.754B,,552.20M,,,,552.20M,,552.20M,,50.90M,50.90M,42.40M,93.30M,,,360.50M,1.006B,1.849B,122.10M,1.971B,386.30M,386.30M,,,,2.358B,3.364B,,,,,,,,,,1.390B,,AOR,
2020-09,245.00M,,245.00M,620.60M,1.20M,9.20M,642.30M,318.50M,50.80M,265.40M,585.30M,45.70M,,,1.518B,0.00,43.00M,729.10M,1.380B,164.40M,2.317B,-1.366B,950.10M,1.380B,714.60M,2.095B,,,,100.50M,3.146B,4.664B,,494.10M,,,,494.10M,270.70M,764.80M,,51.10M,51.10M,41.90M,93.00M,,,89.60M,947.40M,1.909B,125.30M,2.034B,204.60M,204.60M,,0.50M,177.40M,2.416B,3.364B,,2.00M,2.714B,539.00M,1.868B,,,,-87.40M,1.300B,,AOR,
2020-06,208.80M,,208.80M,555.90M,1.00M,12.00M,577.30M,314.60M,48.20M,258.70M,574.10M,50.10M,,,1.410B,0.00,42.40M,721.20M,1.363B,167.90M,2.295B,-1.329B,965.30M,1.374B,730.80M,2.104B,,,,102.20M,3.172B,4.582B,,361.40M,,,,361.40M,240.50M,601.90M,,51.10M,51.10M,41.80M,92.90M,,,80.70M,775.50M,2.083B,128.60M,2.212B,212.20M,212.20M,,0.40M,168.00M,2.592B,3.368B,,2.00M,2.663B,537.80M,1.872B,,,,-117.20M,1.214B,,AOR,
2020-03,505.80M,,505.80M,544.90M,1.10M,8.20M,568.20M,334.80M,52.00M,316.60M,655.50M,52.50M,,,1.782B,0.00,41.70M,696.30M,1.370B,155.30M,2.263B,-1.298B,964.80M,1.391B,744.00M,2.135B,,,,99.80M,3.20B,4.982B,,429.10M,,,,429.10M,244.00M,673.10M,,51.20M,51.20M,39.60M,90.80M,,,90.80M,854.70M,2.415B,117.90M,2.533B,197.10M,197.10M,,0.40M,158.50M,2.889B,3.743B,,2.00M,2.724B,533.50M,1.874B,,,,-147.30M,1.238B,,AOR,
2019-12,247.60M,,247.60M,563.40M,1.00M,11.70M,591.90M,323.50M,54.40M,308.70M,636.70M,61.90M,,,1.538B,0.00,43.50M,719.00M,1.389B,163.10M,2.314B,-1.320B,993.90M,1.406B,764.00M,2.170B,42.50M,9.00M,11.50M,39.20M,3.278B,4.816B,,463.40M,52.70M,22.00M,80.90M,619.00M,124.60M,743.60M,3.80M,51.10M,51.10M,39.30M,90.40M,11.90M,11.90M,20.90M,928.10M,2.066B,121.60M,2.188B,222.30M,236.90M,105.10M,0.50M,12.90M,2.576B,3.504B,,2.00M,2.734B,536.10M,1.884B,,,,-76.80M,1.312B,,AOR,
2019-09,242.00M,,242.00M,654.70M,0.90M,8.50M,677.30M,340.80M,59.60M,299.60M,635.80M,49.50M,,,1.605B,0.00,44.30M,707.10M,1.359B,156.00M,2.266B,-1.293B,973.30M,1.392B,770.60M,2.163B,,,,117.30M,3.253B,4.858B,,467.30M,,,,467.30M,270.60M,737.90M,,51.20M,51.20M,38.00M,89.20M,,,93.70M,920.80M,2.197B,119.00M,2.316B,217.10M,217.10M,,0.40M,148.20M,2.681B,3.602B,,2.00M,2.702B,531.40M,1.884B,,,,-95.80M,1.255B,,AOR,Restated
2019-06,289.70M,,289.70M,669.80M,1.00M,12.10M,700.30M,347.50M,57.50M,323.50M,656.70M,56.30M,,,1.703B,0.00,44.70M,695.90M,1.367B,169.80M,2.278B,-1.290B,987.70M,1.398B,790.10M,2.188B,,,,122.80M,3.299B,5.002B,,452.90M,,,,452.90M,263.30M,716.20M,,51.30M,51.30M,38.50M,89.80M,,,94.30M,900.30M,2.364B,131.40M,2.495B,218.80M,218.80M,,0.60M,149.20M,2.863B,3.763B,,2.00M,2.656B,530.10M,1.888B,,,,-62.20M,1.238B,,AOR,Restated
2019-03,263.30M,,263.30M,641.20M,1.60M,9.20M,665.30M,367.30M,49.00M,342.70M,676.80M,53.60M,,,1.659B,0.00,43.10M,682.00M,1.351B,157.90M,2.234B,-1.266B,968.20M,1.396B,807.90M,2.203B,,,,123.20M,3.295B,4.954B,,431.20M,,,,431.20M,248.10M,679.30M,,51.40M,51.40M,38.10M,89.50M,,,98.20M,867.00M,2.410B,119.10M,2.529B,216.10M,216.10M,,0.50M,146.80M,2.892B,3.759B,,2.00M,2.624B,524.80M,1.892B,,,,-64.40M,1.195B,,AOR,Restated
2018-12,268.10M,,268.10M,543.60M,1.70M,13.40M,571.60M,334.90M,49.60M,331.60M,633.90M,51.00M,,,1.525B,0.00,42.40M,656.80M,1.282B,,1.981B,-1.252B,728.50M,833.80M,178.70M,1.012B,37.50M,10.60M,20.20M,32.60M,1.857B,3.382B,,465.40M,49.60M,20.20M,71.50M,606.70M,110.60M,717.30M,2.90M,1.20M,1.20M,0.00,1.20M,11.80M,11.80M,18.80M,815.70M,1.168B,0.00,1.168B,95.90M,113.50M,73.80M,0.60M,21.40M,1.409B,2.224B,,2.00M,2.614B,527.10M,1.908B,,,,-77.60M,1.157B,,AOR,Restated
2018-09,363.50M,,363.50M,598.90M,1.80M,12.50M,625.50M,332.30M,48.20M,329.10M,634.00M,44.00M,,,1.667B,0.00,43.00M,651.10M,1.277B,,1.971B,-1.248B,723.00M,840.30M,188.40M,1.029B,,,,130.40M,1.882B,3.549B,,428.70M,,,,428.70M,269.50M,698.20M,,,3.60M,,3.60M,,,83.10M,784.90M,1.353B,,1.353B,87.60M,87.60M,,0.50M,157.40M,1.598B,2.383B,,2.00M,2.612B,521.70M,1.911B,,,,-58.70M,1.166B,,AOR,Restated
2018-06,446.40M,,446.40M,608.90M,1.10M,13.70M,649.80M,320.30M,51.40M,332.20M,634.20M,52.40M,,,1.783B,0.00,42.80M,639.90M,1.257B,,1.940B,-1.230B,709.30M,839.00M,182.50M,1.022B,,,,130.40M,1.861B,3.644B,,450.60M,,,,450.60M,254.40M,705.00M,,,153.70M,,153.70M,,,78.20M,936.90M,1.298B,,1.298B,89.00M,89.00M,,0.40M,191.50M,1.578B,2.515B,,2.00M,2.573B,519.70M,1.917B,,,,-48.70M,1.128B,,AOR,Restated
2018-03,494.60M,,494.60M,577.40M,0.60M,56.50M,658.20M,302.90M,57.30M,307.30M,610.60M,50.70M,,,1.814B,0.00,42.50M,642.30M,1.261B,,1.946B,-1.236B,710.10M,846.80M,191.70M,1.038B,,,,129.70M,1.878B,3.692B,,433.40M,,,,433.40M,297.70M,731.10M,,,154.00M,,154.00M,,,93.00M,978.10M,1.239B,,1.239B,92.70M,92.70M,,0.40M,186.30M,1.518B,2.496B,,2.00M,2.538B,514.60M,1.869B,,,,9.90M,1.196B,,AOR,Restated
2017-12,526.10M,,526.10M,521.40M,0.90M,57.80M,595.10M,283.40M,53.00M,285.60M,571.10M,28.50M,,45.70M,1.766B,0.00,40.60M,626.00M,1.211B,,1.877B,-1.213B,663.90M,822.20M,169.10M,991.30M,38.70M,25.80M,21.40M,28.80M,1.784B,3.551B,,430.30M,47.50M,23.10M,70.60M,571.50M,104.70M,676.20M,3.00M,153.80M,153.80M,,153.80M,12.70M,12.70M,22.10M,976.20M,1.098B,,1.098B,95.30M,112.40M,94.00M,0.60M,17.60M,1.384B,2.36B,,2.00M,2.511B,514.70M,1.828B,,,,-9.50M,1.190B,,AOR,Restated
2017-09,342.90M,,342.90M,553.30M,0.70M,22.80M,585.80M,287.00M,48.30M,266.80M,558.00M,63.00M,,,1.550B,0.00,38.90M,625.50M,1.176B,,1.840B,-1.196B,644.30M,821.40M,171.80M,993.20M,,,,136.50M,1.774B,3.324B,,381.80M,,,,381.80M,264.00M,645.80M,,,153.30M,,153.30M,,,92.40M,891.50M,1.044B,,1.044B,63.00M,63.00M,,0.60M,152.00M,1.259B,2.151B,,2.00M,2.524B,513.90M,1.831B,,,,-36.90M,1.172B,,AOR,Restated
2017-06,335.10M,,335.10M,546.80M,0.30M,26.00M,577.70M,281.40M,50.90M,284.00M,580.00M,47.40M,,,1.540B,0.00,39.10M,610.10M,1.180B,,1.830B,-1.213B,616.20M,816.30M,176.20M,992.50M,,,,132.60M,1.741B,3.282B,,388.30M,,,,388.30M,263.70M,652.00M,,,3.40M,,3.40M,,,86.30M,741.70M,1.184B,,1.184B,57.00M,57.00M,,0.50M,165.70M,1.406B,2.148B,,2.00M,2.490B,504.60M,1.800B,,,,-63.80M,1.133B,,AOR,Restated
2017-03,268.60M,,268.60M,522.50M,0.50M,24.30M,555.40M,257.90M,57.80M,274.70M,556.20M,32.90M,,,1.413B,0.00,38.40M,595.40M,1.141B,,1.775B,-1.186B,588.80M,812.70M,174.60M,987.30M,,,,130.30M,1.706B,3.120B,,387.80M,,,,387.80M,241.70M,629.50M,,,3.40M,,3.40M,,,83.70M,716.60M,1.120B,,1.120B,51.90M,51.90M,,1.40M,165.70M,1.338B,2.054B,,2.00M,2.452B,499.50M,1.793B,,,,-96.20M,1.064B,,AOR,Restated
2016-12,281.90M,,281.90M,449.40M,1.40M,15.00M,486.60M,245.10M,52.60M,255.70M,519.60M,1.30M,,35.50M,1.325B,0.00,37.70M,559.40M,1.134B,,1.731B,-1.165B,565.50M,791.30M,164.90M,956.20M,32.10M,25.10M,23.90M,42.80M,1.659B,2.984B,,351.10M,45.40M,21.20M,76.80M,494.50M,93.70M,588.20M,3.50M,3.60M,3.60M,,3.60M,14.40M,14.40M,27.40M,706.60M,956.20M,,956.20M,69.40M,87.40M,110.80M,2.40M,29.10M,1.184B,1.890B,,2.00M,2.410B,506.20M,1.714B,,,,-113.60M,1.092B,,AOR,Restated
2016-09,317.30M,,317.30M,506.50M,1.90M,24.80M,543.80M,258.20M,46.30M,240.00M,518.60M,,,33.60M,1.413B,0.00,38.50M,549.40M,1.136B,,1.724B,-1.170B,554.10M,800.50M,177.70M,978.20M,,,,124.70M,1.657B,3.070B,,334.90M,,,,334.90M,264.20M,599.10M,,,1.00M,,1.00M,,,86.80M,686.90M,1.055B,,1.055B,53.40M,53.40M,,2.40M,171.00M,1.280B,1.967B,,2.00M,2.376B,501.70M,1.701B,,,,-77.20M,1.101B,,AOR,Restated
2016-06,284.80M,,284.80M,489.00M,1.30M,32.50M,534.70M,252.00M,43.10M,258.80M,523.40M,,,37.20M,1.380B,0.00,39.30M,545.20M,1.124B,,1.709B,-1.156B,553.10M,800.10M,175.20M,975.30M,,,,123.30M,1.652B,3.032B,,339.80M,,,,339.80M,266.90M,606.70M,,,3.60M,,3.60M,,,88.70M,699.00M,1.044B,,1.044B,44.60M,44.60M,,2.30M,178.30M,1.267B,1.966B,,2.00M,2.329B,504.70M,1.695B,,,,-77.00M,1.063B,,AOR,Restated
2016-03,250.20M,,250.20M,474.60M,1.20M,43.90M,531.30M,245.90M,42.70M,255.50M,522.10M,,,38.30M,1.342B,0.00,40.40M,559.80M,1.119B,,1.719B,-1.165B,554.70M,817.00M,180.30M,997.30M,,,,130.50M,1.682B,3.024B,,332.10M,,,,332.10M,256.30M,588.40M,,,3.50M,,3.50M,,,88.10M,680.00M,1.032B,,1.032B,44.10M,44.10M,,12.10M,177.10M,1.253B,1.933B,,2.00M,2.254B,528.10M,1.644B,,,,-61.50M,1.079B,,AOR,Restated
2015-12,253.20M,,253.20M,448.30M,0.40M,38.90M,520.20M,241.80M,42.60M,242.80M,504.60M,33.20M,,,1.311B,0.00,40.00M,548.20M,1.099B,,1.687B,-1.146B,540.80M,806.10M,188.40M,994.50M,27.60M,0.40M,33.30M,44.30M,1.652B,2.964B,,307.20M,43.50M,23.90M,75.10M,449.70M,107.10M,556.80M,4.20M,3.40M,3.40M,,3.40M,12.60M,12.60M,39.00M,701.20M,941.50M,,941.50M,58.50M,76.40M,114.60M,12.10M,32.30M,1.165B,1.866B,,2.00M,2.209B,529.50M,1.564B,,,,-91.10M,1.086B,,AOR,Restated
2015-09,251.20M,,251.20M,486.40M,0.40M,35.90M,529.60M,255.40M,41.60M,252.80M,504.60M,,,94.30M,1.380B,0.00,40.90M,551.60M,1.105B,,1.698B,-1.154B,543.70M,815.40M,200.30M,1.016B,,,,127.10M,1.686B,3.066B,,343.50M,,,,343.50M,312.70M,656.20M,,,3.40M,,3.40M,,,91.40M,751.00M,989.10M,,989.10M,45.80M,45.80M,,11.00M,179.90M,1.215B,1.966B,,2.00M,2.173B,521.20M,1.539B,,,,-68.40M,1.089B,,AOR,Restated
2015-06,275.10M,,275.10M,486.30M,0.30M,37.20M,549.60M,259.10M,44.10M,264.80M,510.80M,,,100.70M,1.436B,0.00,40.10M,552.70M,1.098B,,1.691B,-1.152B,538.60M,822.70M,207.00M,1.030B,,,,139.20M,1.708B,3.144B,,358.60M,,,,358.60M,316.10M,674.70M,,,201.70M,,201.70M,,,87.60M,964.00M,831.70M,,831.70M,50.70M,50.70M,,10.40M,187.30M,1.070B,2.034B,,2.00M,2.123B,513.80M,1.503B,,,,-36.30M,1.100B,,AOR,Restated
2015-03,262.20M,,262.20M,481.50M,1.00M,30.60M,532.00M,259.60M,51.20M,257.10M,506.20M,,,108.90M,1.409B,0.00,39.90M,529.90M,1.102B,,1.672B,-1.138B,533.20M,809.00M,211.90M,1.021B,,,,139.80M,1.694B,3.103B,,357.50M,,,,357.50M,304.60M,662.10M,,,202.20M,,202.20M,,,88.80M,953.10M,798.00M,,798.00M,50.80M,50.80M,,9.50M,184.90M,1.034B,1.987B,,2.00M,2.089B,506.80M,1.450B,,,,-40.80M,1.107B,,AOR,Restated
2014-12,332.80M,,332.80M,469.30M,2.00M,38.00M,523.30M,247.00M,55.50M,251.90M,481.40M,39.10M,42.30M,,1.429B,0.00,40.10M,551.10M,1.151B,,1.743B,-1.194B,548.80M,829.40M,204.70M,1.034B,24.20M,,36.50M,60.30M,1.711B,3.141B,,369.80M,42.70M,22.00M,67.30M,501.80M,175.00M,676.80M,5.30M,201.70M,201.70M,,201.70M,12.70M,12.70M,16.00M,992.20M,766.70M,,766.70M,66.90M,81.60M,111.60M,8.40M,33.60M,993.50M,1.986B,,2.00M,2.061B,502.40M,1.417B,,,,-2.60M,1.146B,,AOR,Restated
2014-09,242.90M,,242.90M,538.40M,4.70M,33.00M,584.40M,250.30M,47.80M,246.60M,476.50M,,,64.60M,1.435B,0.00,40.80M,549.00M,1.159B,,1.749B,-1.202B,546.60M,831.50M,213.10M,1.045B,,,,158.50M,1.750B,3.185B,,356.90M,,,,356.90M,298.00M,654.90M,,,381.60M,,381.60M,,,107.90M,1.144B,619.20M,,619.20M,62.50M,62.50M,,10.10M,130.00M,811.70M,1.956B,,2.00M,2.085B,478.00M,1.407B,,,,60.80M,1.218B,,AOR,Restated
2014-06,304.20M,,304.20M,552.30M,5.30M,45.80M,603.40M,263.40M,58.10M,278.90M,527.10M,,,54.80M,1.490B,0.00,43.80M,605.80M,1.221B,,1.870B,-1.288B,582.60M,842.10M,203.50M,1.046B,,,,125.70M,1.754B,3.243B,,376.70M,,,,376.70M,223.20M,599.90M,,,181.30M,,181.30M,,,83.60M,864.80M,926.00M,,926.00M,56.60M,56.60M,,9.10M,133.60M,1.116B,1.981B,,2.00M,2.080B,484.30M,1.406B,,,,92.90M,1.253B,,AOR,Restated
2014-03,268.60M,,268.60M,523.80M,6.20M,43.90M,573.90M,257.60M,63.40M,271.80M,519.50M,,,47.80M,1.410B,0.00,42.70M,597.70M,1.191B,,1.831B,-1.267B,564.30M,926.60M,199.10M,1.126B,,,,121.70M,1.812B,3.222B,,350.20M,,,,350.20M,223.90M,574.10M,,,181.40M,,181.40M,,,78.50M,834.00M,811.00M,,811.00M,75.00M,75.00M,,8.30M,130.60M,1.017B,1.851B,,2.00M,2.147B,474.70M,1.341B,,,,80.10M,1.363B,,AOR,Restated
2013-12,272.70M,,272.70M,432.80M,5.50M,26.40M,467.40M,239.40M,59.30M,270.50M,495.90M,33.60M,12.10M,,1.282B,0.00,44.50M,612.20M,1.184B,,1.841B,-1.267B,574.60M,926.80M,203.40M,1.130B,18.30M,6.90M,46.90M,48.10M,1.826B,3.108B,,339.30M,42.00M,21.40M,64.20M,466.90M,87.60M,554.50M,,181.10M,181.10M,,181.10M,13.10M,13.10M,15.80M,829.50M,688.40M,,688.40M,92.50M,107.90M,55.30M,7.90M,27.80M,879.40M,1.709B,,2.00M,2.136B,479.10M,1.321B,,,,94.50M,1.391B,,AOR,Restated
2013-09,298.90M,,298.90M,534.30M,5.80M,28.30M,574.70M,239.80M,59.40M,250.90M,488.90M,,,45.40M,1.408B,0.00,46.20M,613.20M,1.182B,,1.842B,-1.262B,579.90M,992.20M,210.70M,1.203B,,,,114.40M,1.897B,3.305B,,326.20M,,,,326.20M,226.80M,553.00M,,,1.10M,,1.10M,,,84.70M,638.80M,957.50M,,957.50M,86.90M,86.90M,,8.20M,158.20M,1.203B,1.841B,,2.00M,2.174B,473.40M,1.264B,,,,70.00M,1.456B,,AOR,Restated
2013-06,280.30M,,280.30M,503.60M,1.30M,28.00M,553.00M,243.70M,53.90M,279.00M,510.40M,,,43.50M,1.387B,0.00,44.60M,601.20M,1.158B,,1.804B,-1.242B,562.10M,982.90M,209.60M,1.192B,,,,136.90M,1.892B,3.279B,,338.30M,,,,338.30M,213.70M,552.00M,,,1.80M,,1.80M,,,76.90M,630.70M,973.90M,,973.90M,81.90M,81.90M,,8.80M,158.50M,1.214B,1.845B,,2.00M,2.146B,468.10M,1.238B,,,,46.80M,1.425B,,AOR,Restated
2013-03,449.40M,,449.40M,494.80M,1.50M,29.50M,528.60M,242.00M,59.00M,270.10M,502.50M,,,44.20M,1.525B,0.00,45.10M,602.50M,1.165B,,1.812B,-1.246B,566.80M,984.20M,211.30M,1.196B,,,,140.90M,1.903B,3.428B,,320.00M,,,,320.00M,207.80M,527.80M,,,201.40M,,201.40M,,,63.40M,792.60M,953.80M,,953.80M,79.30M,79.30M,,8.10M,162.30M,1.195B,1.988B,,2.00M,2.117B,460.60M,1.205B,,,,56.90M,1.432B,,AOR,Restated
2012-12,359.10M,,359.10M,411.50M,1.80M,24.30M,446.20M,229.40M,55.00M,275.70M,489.00M,,,44.80M,1.339B,0.00,45.30M,603.20M,1.162B,,1.810B,-1.237B,572.80M,991.50M,206.30M,1.198B,35.20M,11.90M,50.20M,47.90M,1.916B,3.255B,,285.40M,0.00,19.30M,60.30M,365.00M,89.10M,454.10M,,201.50M,201.50M,,201.50M,9.10M,9.10M,6.30M,731.00M,853.90M,,853.90M,105.10M,121.10M,86.50M,7.70M,20.20M,1.082B,1.813B,,2.00M,2.110B,458.60M,1.207B,,,,71.00M,1.434B,,AOR,Restated
2012-09,264.90M,,264.90M,589.70M,,,589.70M,234.90M,51.10M,263.10M,471.20M,,,52.90M,1.379B,0.00,45.90M,618.70M,1.152B,,1.816B,-1.241B,575.40M,985.10M,205.30M,1.190B,,,,101.40M,1.867B,3.246B,,292.00M,,,,292.00M,234.00M,526.00M,,,201.80M,,201.80M,,,67.90M,795.70M,860.20M,,860.20M,61.70M,61.70M,,12.30M,127.50M,1.049B,1.845B,,2.00M,2.079B,456.00M,1.224B,,,,75.20M,1.388B,,AOR,Restated
2012-06,254.50M,,254.50M,511.70M,4.30M,34.80M,557.60M,252.70M,55.80M,292.70M,517.60M,,,53.70M,1.383B,0.00,45.90M,614.10M,1.130B,,1.790B,-1.209B,581.10M,976.60M,209.10M,1.186B,,,,73.20M,1.84B,3.223B,,320.20M,,,,320.20M,223.30M,543.50M,,,201.90M,,201.90M,,,118.70M,864.10M,821.00M,,821.00M,60.40M,60.40M,,11.40M,130.90M,1.012B,1.876B,,2.00M,2.056B,455.20M,1.233B,,,,55.40M,1.336B,,AOR,Restated
2012-03,261.20M,,261.20M,540.80M,8.80M,,571.60M,228.80M,51.50M,279.20M,473.30M,,,44.10M,1.350B,0.00,46.70M,608.30M,1.146B,,1.801B,-1.209B,592.40M,985.10M,215.40M,1.200B,,,,69.60M,1.862B,3.213B,,298.20M,,,,298.20M,218.50M,516.70M,,,2.50M,,2.50M,,,106.90M,626.10M,1.047B,,1.047B,64.50M,64.50M,,11.00M,132.10M,1.243B,1.870B,,2.00M,2.031B,453.50M,1.240B,2.00M,,,85.10M,1.332B,,AOR,Restated
2011-12,236.30M,,236.30M,439.40M,7.40M,27.70M,503.60M,223.90M,41.50M,261.30M,441.00M,,,43.10M,1.224B,0.00,45.20M,608.50M,1.120B,,1.774B,-1.193B,580.60M,926.60M,116.60M,1.043B,6.80M,13.40M,11.00M,36.10M,1.691B,2.915B,,256.60M,39.00M,21.90M,48.90M,366.40M,89.70M,456.10M,,2.50M,2.50M,,2.50M,10.30M,10.30M,58.70M,586.00M,833.30M,,833.30M,92.60M,109.20M,71.80M,10.50M,7.10M,1.021B,1.607B,,2.00M,2.027B,456.90M,1.254B,,,,65.20M,1.297B,,AOR,Restated
2011-09,218.80M,,218.80M,576.70M,,,576.70M,231.20M,45.10M,259.90M,456.50M,,,39.30M,1.291B,0.00,45.50M,616.10M,1.143B,,1.805B,-1.204B,600.90M,924.80M,139.70M,1.064B,,,,65.60M,1.731B,3.022B,,274.20M,,,,274.20M,218.90M,493.10M,,,2.10M,,2.10M,,,108.80M,604.00M,897.30M,,897.30M,69.70M,69.70M,,9.90M,113.20M,1.080B,1.684B,,2.00M,2.059B,452.30M,1.261B,,,,76.40M,1.328B,,AOR,Restated
2011-06,203.30M,,203.30M,499.70M,14.50M,30.10M,567.90M,246.80M,49.90M,291.10M,507.10M,,,39.60M,1.318B,0.00,47.10M,623.30M,1.159B,,1.830B,-1.212B,618.00M,946.70M,143.30M,1.09B,,,,68.80M,1.777B,3.095B,,282.30M,,,,282.30M,215.10M,497.40M,,,2.20M,,2.20M,,,78.20M,577.80M,856.60M,,856.60M,76.40M,76.40M,,19.60M,129.20M,1.062B,1.64B,,2.00M,2.054B,458.60M,1.214B,,,,135.30M,1.435B,,AOR,Restated
2011-03,195.40M,,195.40M,507.10M,14.80M,29.10M,575.60M,227.90M,59.00M,252.50M,462.20M,,,57.20M,1.290B,0.00,46.40M,621.10M,1.146B,,1.814B,-1.198B,616.10M,940.20M,147.90M,1.088B,,,,72.30M,1.776B,3.067B,,301.80M,,,,301.80M,206.90M,508.70M,,,2.20M,,2.20M,,,74.80M,585.70M,821.90M,,821.90M,74.00M,74.00M,,18.60M,127.50M,1.023B,1.609B,,2.00M,2.038B,455.80M,1.181B,,,,124.20M,1.439B,,AOR,Restated
2010-12,244.50M,0.00,244.50M,478.90M,,,478.90M,218.20M,47.70M,241.10M,435.30M,,,60.40M,1.219B,0.00,48.50M,613.00M,1.137B,,1.798B,-1.174B,624.20M,930.30M,152.30M,1.083B,,,,20.40M,1.782B,3.001B,,226.40M,,,,226.40M,209.50M,435.90M,,,2.20M,,2.20M,,,84.90M,523.00M,762.20M,,762.20M,69.50M,86.80M,,17.10M,104.60M,953.60M,1.477B,,2.00M,2.033B,463.20M,1.093B,2.00M,,,101.80M,1.507B,,AOR,Restated
2010-09,276.70M,0.00,276.70M,522.50M,,47.80M,546.60M,237.80M,50.90M,226.50M,448.90M,,,36.20M,1.308B,0.00,47.50M,607.40M,1.120B,,1.775B,-1.154B,621.30M,916.10M,156.00M,1.072B,,,,77.50M,1.771B,3.079B,,232.10M,,,,232.10M,214.60M,446.70M,,,9.80M,,9.80M,,,93.40M,549.90M,833.50M,,833.50M,58.60M,58.60M,,23.90M,121.80M,1.014B,1.564B,,2.00M,2.039B,472.80M,1.086B,,,,63.50M,1.492B,,AOR,Restated
2010-06,243.50M,18.70M,262.20M,507.00M,,54.40M,537.20M,224.90M,53.70M,233.90M,451.50M,,,56.10M,1.307B,0.00,47.60M,597.10M,1.111B,,1.756B,-1.131B,624.60M,904.20M,160.40M,1.065B,,,,83.10M,1.772B,3.079B,,256.90M,,,,256.90M,224.60M,481.50M,,,10.00M,,10.00M,,,80.10M,571.60M,854.80M,,854.80M,46.80M,46.80M,,23.10M,117.80M,1.019B,1.591B,,2.00M,2.032B,471.40M,1.083B,,,,42.70M,1.465B,,AOR,Restated
2010-03,247.20M,16.80M,264.00M,545.40M,,,523.90M,219.80M,48.00M,229.60M,438.60M,,,53.00M,1.280B,,,,,,1.770B,-1.129B,641.40M,922.10M,165.40M,1.088B,,,,82.30M,1.811B,3.091B,,240.60M,,,,240.60M,235.00M,475.60M,,,10.00M,,10.00M,,,81.10M,566.70M,822.20M,,822.20M,50.40M,50.40M,,21.60M,111.90M,984.50M,1.551B,,2.00M,2.019B,467.40M,1.052B,,,,81.40M,1.518B,,AOR,Restated
2009-12,260.50M,16.40M,276.90M,469.50M,,,469.50M,201.20M,44.70M,221.90M,409.10M,,,58.10M,1.214B,0.00,49.60M,612.80M,1.128B,,1.790B,-1.122B,668.60M,928.20M,171.10M,1.099B,,,,40.10M,1.848B,3.061B,,199.40M,,,,199.40M,229.70M,429.10M,,,10.10M,,10.10M,,,95.90M,535.10M,789.30M,,789.30M,49.00M,66.90M,,21.50M,94.40M,950.60M,1.486B,,2.00M,2.013B,467.70M,1.034B,2.00M,,,104.80M,1.554B,,AOR,Restated
2009-09,221.50M,18.50M,240.00M,575.90M,,,548.70M,200.40M,49.70M,220.80M,397.40M,,,64.80M,1.251B,,,,,,1.785B,-1.121B,664.00M,917.90M,176.20M,1.094B,,,,86.40M,1.844B,3.095B,,209.30M,,,,209.30M,243.80M,453.10M,,,1.90M,,1.90M,,,84.10M,539.10M,772.40M,,772.40M,45.40M,45.40M,,19.50M,109.60M,927.40M,1.466B,,2.00M,2.018B,471.50M,965.70M,,,,83.80M,1.609B,,AOR,Restated
2009-06,222.20M,25.30M,247.50M,526.50M,,,492.70M,211.00M,41.90M,247.80M,411.10M,,,68.90M,1.220B,,,,,,1.786B,-1.100B,685.60M,905.80M,181.20M,1.087B,,,,76.60M,1.849B,3.069B,,186.40M,,,,186.40M,220.00M,406.40M,,,17.00M,,17.00M,,,78.90M,502.30M,772.80M,,772.80M,26.80M,26.80M,,19.40M,101.80M,901.40M,1.404B,,2.00M,2.004B,469.50M,891.80M,,,,62.30M,1.646B,,AOR,Restated
2009-03,160.20M,27.90M,188.10M,526.20M,,,493.00M,244.30M,44.10M,274.60M,452.70M,,,69.60M,1.203B,,,,,,1.736B,-1.064B,671.40M,880.90M,182.40M,1.063B,,,,82.50M,1.817B,3.021B,,159.90M,,,,159.90M,210.50M,370.40M,,,17.10M,,17.10M,,,101.60M,489.10M,793.20M,,793.20M,19.40M,19.40M,,17.70M,97.90M,910.50M,1.400B,,2.00M,2.025B,468.80M,889.60M,,,,-3.30M,1.603B,,AOR,Restated
2008-12,164.70M,,164.70M,550.50M,,,550.50M,266.10M,46.80M,309.40M,495.00M,,,96.60M,1.307B,0.00,44.70M,592.70M,1.103B,,1.741B,-1.059B,681.40M,875.60M,197.40M,1.073B,,,,100.20M,1.855B,3.162B,,175.30M,,,,175.30M,234.90M,410.20M,,,22.40M,,22.40M,,,91.60M,524.20M,851.20M,,851.20M,17.20M,17.20M,,,116.30M,984.70M,1.509B,,2.00M,2.062B,496.10M,918.60M,,,,11.40M,1.653B,,AOR,
2008-09,211.40M,,211.40M,743.10M,,,743.10M,328.00M,66.60M,351.20M,644.80M,,,115.20M,1.714B,,,,,,1.833B,-1.110B,722.40M,922.70M,220.50M,1.143B,,,,150.40M,2.016B,3.730B,,271.40M,,,,271.40M,251.50M,522.90M,,,17.10M,,17.10M,,,145.80M,685.80M,998.20M,,998.20M,39.10M,39.10M,,,107.90M,1.145B,1.831B,,2.00M,2.120B,496.20M,902.90M,,184.10M,,184.10M,1.900B,,,Restated
2008-06,203.10M,,203.10M,683.60M,,,683.60M,304.90M,83.10M,362.40M,669.20M,,,410.00M,1.966B,,,,,,1.848B,-1.109B,739.60M,938.70M,223.70M,1.162B,,,,350.70M,2.253B,4.219B,,278.80M,,,,278.80M,258.30M,537.10M,,,11.40M,,11.40M,,,196.90M,745.40M,1.228B,,1.228B,55.40M,55.40M,,,109.30M,1.393B,2.138B,,2.00M,2.128B,496.00M,756.20M,,217.60M,-6.60M,211.00M,2.081B,,,Restated
2008-03,188.10M,,188.10M,666.40M,,,666.40M,258.70M,65.40M,342.10M,599.20M,,,416.90M,1.871B,,,,,,1.827B,-1.091B,736.40M,927.90M,227.50M,1.155B,,,,340.60M,2.232B,4.103B,,242.20M,,,,242.20M,257.20M,499.40M,,,74.20M,,74.20M,,,198.90M,772.50M,1.096B,,1.096B,44.70M,44.70M,,,102.80M,1.243B,2.016B,,2.00M,2.124B,491.10M,712.10M,,189.10M,-6.40M,182.70M,2.087B,,,Restated
2007-12,205.40M,,205.40M,640.20M,,,640.20M,260.40M,54.20M,348.30M,599.20M,,,389.60M,1.834B,0.00,49.70M,603.60M,1.158B,,1.811B,-1.084B,726.90M,931.30M,232.20M,1.164B,,,,312.50M,2.238B,4.072B,,227.60M,,,,227.60M,258.70M,486.30M,,,88.70M,,88.70M,,,224.60M,799.60M,1.001B,,1.001B,42.30M,42.30M,,,97.30M,1.140B,1.940B,,2.00M,2.122B,500.00M,685.10M,,,,193.50M,2.133B,,,Restated
2007-09,188.30M,,188.30M,857.60M,,,857.60M,323.70M,82.50M,413.30M,754.10M,,,85.00M,1.885B,,,,,,2.373B,-1.408B,964.70M,1.193B,223.40M,1.416B,,,,76.00M,2.457B,4.342B,,269.80M,,,,269.80M,285.60M,555.40M,,,92.30M,,92.30M,,,107.80M,755.50M,1.068B,,1.068B,56.10M,56.10M,,,116.00M,1.240B,1.995B,,2.00M,2.378B,494.00M,660.70M,,161.50M,-27.60M,133.90M,2.347B,,,
2007-06,168.20M,,168.20M,848.20M,,,848.20M,346.50M,86.80M,446.20M,811.80M,,,96.50M,1.925B,,,,,,2.330B,-1.367B,962.90M,1.169B,242.90M,1.412B,,,,78.80M,2.454B,4.378B,,290.40M,,,,290.40M,272.60M,563.00M,,,82.80M,,82.80M,,,113.90M,759.70M,1.055B,,1.055B,61.30M,61.30M,,,113.10M,1.229B,1.989B,,2.00M,2.343B,494.00M,565.40M,,142.20M,-26.70M,115.50M,2.390B,,,
2007-03,234.60M,,234.60M,851.00M,,,851.00M,345.10M,91.80M,440.10M,808.00M,,,87.80M,1.981B,,,,,,2.318B,-1.353B,965.00M,1.159B,245.40M,1.404B,,,,83.50M,2.453B,4.434B,,272.10M,,,,272.10M,295.90M,568.00M,,,49.20M,,49.20M,,,121.70M,738.90M,1.139B,,1.139B,65.90M,65.90M,,,109.60M,1.315B,2.054B,,2.00M,2.316B,489.30M,504.90M,,105.80M,-27.20M,78.60M,2.381B,,,
2006-12,131.90M,,131.90M,853.80M,,,853.80M,370.90M,97.90M,428.60M,826.30M,,,82.10M,1.894B,0.00,70.10M,723.30M,1.537B,,2.330B,-1.367B,962.80M,1.149B,182.90M,1.332B,,,,76.20M,2.371B,4.265B,,259.00M,,,,259.00M,268.00M,527.00M,,,52.00M,,52.00M,,,112.20M,691.20M,1.06B,,1.06B,67.10M,67.10M,,,95.90M,1.223B,1.914B,,2.00M,2.271B,493.40M,490.60M,,104.50M,-28.90M,75.60M,2.351B,,,
2006-09,94.10M,,94.10M,946.10M,,,946.10M,370.70M,107.20M,396.70M,806.90M,,,100.60M,1.948B,,,,,,2.322B,-1.360B,962.50M,1.145B,168.40M,1.313B,,,,90.70M,2.366B,4.314B,,287.80M,,,,287.80M,296.10M,583.90M,,,51.00M,,51.00M,,,127.10M,762.00M,1.049B,,1.049B,67.90M,67.90M,,,88.70M,1.205B,1.967B,,2.00M,2.232B,486.20M,463.60M,,100.80M,-10.30M,90.50M,2.347B,,,
2006-06,94.80M,,94.80M,908.50M,,,908.50M,349.00M,104.60M,418.30M,806.20M,,,97.90M,1.907B,,,,,,2.324B,-1.354B,970.40M,1.140B,176.90M,1.316B,,,,81.90M,2.369B,4.276B,,291.80M,,,,291.80M,286.70M,578.50M,,,50.70M,,50.70M,,,125.20M,754.40M,1.032B,,1.032B,71.40M,71.40M,,,90.30M,1.194B,1.948B,,2.00M,2.179B,480.60M,422.40M,,,,89.00M,2.328B,,,
2006-03,130.30M,,130.30M,867.50M,,,867.50M,330.40M,104.30M,400.60M,771.60M,,,93.30M,1.863B,,,,,,2.298B,-1.336B,962.70M,1.107B,134.50M,1.242B,,,,81.00M,2.285B,4.148B,,283.10M,,,,283.10M,305.70M,588.80M,,,98.70M,,98.70M,,,116.30M,803.80M,920.90M,,920.90M,55.60M,55.60M,,,88.50M,1.065B,1.869B,,2.00M,2.126B,469.40M,384.50M,,,,66.70M,2.279B,,,
2005-12,64.90M,,64.90M,847.60M,,,847.60M,341.90M,97.70M,391.20M,767.10M,,,82.90M,1.762B,0.00,70.80M,716.00M,1.494B,,2.281B,-1.310B,971.10M,1.102B,133.50M,1.236B,,,,102.80M,2.310B,4.072B,,254.20M,,,,254.20M,279.30M,533.50M,,,98.60M,,98.60M,,,113.70M,745.80M,921.60M,,921.60M,71.40M,71.40M,,,84.60M,1.078B,1.823B,,2.00M,2.093B,464.40M,376.80M,,71.30M,-5.00M,66.30M,2.249B,,,
2005-09,251.80M,,251.80M,879.50M,,,879.50M,340.80M,100.80M,379.10M,759.10M,,,86.20M,1.977B,,,,,,2.241B,-1.292B,949.60M,1.047B,82.30M,1.129B,,,,80.80M,2.160B,4.136B,,278.40M,,,,278.40M,279.20M,557.60M,,,96.80M,,96.80M,,,112.50M,766.90M,898.00M,,898.00M,147.80M,147.80M,,,,1.046B,1.813B,,2.00M,2.078B,461.10M,295.10M,,,,78.20M,2.324B,,,
2005-06,71.40M,,71.40M,825.90M,,,825.90M,358.30M,93.30M,419.00M,803.00M,,,82.90M,1.783B,,,,,,2.204B,-1.251B,953.90M,1.030B,90.70M,1.120B,,,,76.50M,2.151B,3.934B,,263.90M,,,,263.90M,249.50M,513.40M,,,95.30M,,95.30M,,,98.80M,707.50M,765.00M,,765.00M,143.50M,143.50M,,,,908.50M,1.616B,,2.00M,2.054B,457.30M,254.10M,,,,58.80M,2.318B,,,
2005-03,143.00M,,143.00M,831.60M,,,831.60M,364.80M,96.20M,388.00M,761.40M,,,67.10M,1.803B,,,,,,2.181B,-1.233B,948.00M,1.026B,69.60M,1.095B,,,,76.50M,2.120B,3.923B,,266.10M,,,,266.10M,253.10M,519.20M,,,47.50M,,47.50M,,,108.20M,674.90M,776.40M,,776.40M,146.80M,146.80M,,,,923.20M,1.598B,,2.00M,2.006B,453.70M,215.60M,,,,79.10M,2.325B,,,
2004-12,491.30M,,491.30M,790.70M,,,790.70M,331.60M,96.70M,365.00M,705.70M,,,77.10M,2.065B,0.00,65.00M,681.10M,1.415B,,2.161B,-1.201B,960.70M,,1.097B,1.097B,,,,74.40M,2.132B,4.197B,,224.40M,,,,224.40M,239.50M,463.90M,,,401.30M,,401.30M,,,94.40M,959.60M,779.40M,,779.40M,145.10M,145.10M,,,,924.50M,1.884B,,2.00M,1.962B,452.50M,185.20M,,89.60M,-7.30M,82.30M,2.313B,,,
2004-09,307.00M,,307.00M,828.20M,,,828.20M,324.80M,98.20M,361.90M,717.30M,,,73.90M,1.926B,,,,,,2.112B,-1.170B,942.70M,1.012B,61.60M,1.074B,,,,77.40M,2.094B,4.020B,,269.50M,,,,269.50M,253.10M,522.60M,,,390.10M,,390.10M,,,111.60M,1.024B,619.20M,,619.20M,,,,,139.70M,758.90M,1.783B,,2.00M,1.925B,448.60M,176.90M,,,,38.50M,2.237B,,,
2004-06,408.30M,,408.30M,777.80M,,,777.80M,287.00M,98.60M,363.70M,697.20M,,,68.80M,1.952B,,,,,,2.076B,-1.127B,948.60M,1.005B,62.20M,1.067B,,,,67.30M,2.083B,4.035B,,244.00M,,,,244.00M,256.70M,500.70M,,,482.60M,,482.60M,,,100.80M,1.084B,618.80M,,618.80M,140.90M,140.90M,,,,759.70M,1.844B,,2.00M,1.874B,440.30M,156.80M,,,,32.10M,2.191B,,,
2004-03,428.70M,,428.70M,751.20M,,,751.20M,263.60M,93.30M,331.70M,660.00M,,,69.40M,1.909B,,,,,,2.087B,-1.127B,959.90M,1.002B,59.80M,1.062B,,,,73.20M,2.095B,4.004B,,246.50M,,,,246.50M,225.50M,472.00M,,,487.50M,,487.50M,,,103.30M,1.063B,640.90M,,640.90M,135.50M,135.50M,,,,776.40M,1.839B,,2.00M,1.824B,437.90M,144.10M,,,,45.10M,2.165B,,,
2003-12,443.90M,,443.90M,680.70M,,,680.70M,242.90M,80.00M,316.50M,628.30M,,,66.50M,1.819B,0.00,61.70M,680.00M,1.325B,,2.067B,-1.100B,967.10M,989.50M,44.00M,1.034B,,,,69.70M,2.070B,3.890B,,195.20M,,,,195.20M,311.30M,506.50M,,,119.40M,,119.40M,,,,625.90M,1.012B,,1.012B,95.20M,95.20M,,,42.40M,1.150B,1.776B,,2.00M,1.788B,433.70M,144.40M,,,,34.40M,2.114B,,,
2003-09,472.60M,,472.60M,718.30M,,,718.30M,237.80M,83.60M,327.20M,637.20M,,,72.90M,1.901B,,,,,,2.031B,-1.077B,954.20M,930.00M,38.20M,968.20M,,,,71.00M,1.993B,3.894B,,213.70M,,,,213.70M,260.50M,474.20M,,,,,,,,229.50M,703.70M,1.022B,,1.022B,90.80M,90.80M,,,41.40M,1.154B,1.858B,,2.00M,1.756B,429.80M,148.80M,,,,-3.20M,2.036B,,,
2003-06,476.70M,,476.70M,648.10M,,,648.10M,254.60M,79.50M,348.40M,671.80M,,,73.90M,1.870B,,,,,,2.035B,-1.065B,970.20M,935.80M,39.60M,975.40M,,,,68.10M,2.014B,3.884B,,204.60M,,,,204.60M,381.60M,586.20M,,,,,,,,,586.20M,1.119B,,1.119B,88.50M,88.50M,,,43.00M,1.250B,1.836B,,2.00M,1.733B,428.70M,136.90M,,,,21.20M,2.048B,,,
2003-03,363.60M,,363.60M,640.20M,,,640.20M,250.60M,81.90M,344.60M,667.80M,,,69.30M,1.741B,,,,,,1.986B,-1.026B,959.80M,910.10M,36.20M,946.30M,,,,68.90M,1.975B,3.716B,,218.00M,,,,218.00M,381.80M,599.80M,,,,,,,,,599.80M,997.30M,,997.30M,80.70M,80.70M,,,37.20M,1.115B,1.715B,,2.00M,1.712B,427.20M,118.60M,,,,-21.20M,2.001B,,,
2002-12,225.00M,,225.00M,569.00M,,,569.00M,237.10M,71.10M,326.80M,625.70M,,,68.30M,1.488B,0.00,62.00M,648.10M,1.242B,,1.952B,-991.50M,960.70M,898.00M,36.80M,934.80M,,,,117.60M,2.013B,3.501B,,181.90M,,,,181.90M,416.10M,598.00M,,,,,,,,,598.00M,808.60M,,808.60M,79.40M,79.40M,,,38.20M,926.20M,1.524B,,2.00M,1.687B,422.90M,96.30M,,,,-39.00M,1.977B,,,
2002-09,188.60M,,188.60M,669.90M,,,669.90M,235.50M,72.90M,312.30M,607.60M,,,74.10M,1.540B,,,,,,1.904B,-959.50M,944.10M,894.70M,39.40M,934.10M,,,,112.90M,1.991B,3.531B,,211.20M,,,,211.20M,240.90M,452.10M,,,108.00M,,108.00M,,,90.10M,650.20M,810.80M,,810.80M,74.20M,74.20M,,,35.90M,920.90M,1.571B,,2.00M,1.664B,421.20M,85.30M,,,,-41.60M,1.960B,,,
2002-06,148.50M,,148.50M,708.80M,,,708.80M,230.20M,72.70M,327.20M,618.20M,,,48.60M,1.524B,,,,,,1.910B,-950.10M,960.20M,890.20M,41.50M,931.70M,,,,108.20M,2.000B,3.524B,,212.00M,,,,212.00M,228.60M,440.60M,,,89.20M,,89.20M,,,103.40M,633.20M,831.00M,,831.00M,68.70M,68.70M,,,43.90M,943.60M,1.577B,,2.00M,1.632B,420.80M,66.00M,,,,-41.20M,1.947B,,,
2002-03,226.10M,,226.10M,635.70M,,,635.70M,213.00M,71.10M,312.30M,588.60M,,,74.30M,1.525B,,,,,,1.873B,-921.40M,951.40M,883.40M,43.20M,926.60M,,,,94.60M,1.973B,3.497B,,193.10M,,,,193.10M,237.50M,430.60M,,,,,,,,94.60M,525.20M,966.00M,,966.00M,63.90M,63.90M,,,45.30M,1.075B,1.600B,,2.00M,1.585B,421.10M,53.90M,,,,-57.50M,1.897B,,,
2001-12,187.20M,,187.20M,562.50M,,,562.50M,224.10M,74.70M,308.60M,601.30M,,,70.90M,1.422B,0.00,62.00M,608.50M,1.195B,,1.866B,-903.60M,961.90M,879.00M,43.80M,922.80M,,,,106.30M,1.991B,3.413B,,162.40M,,,,162.40M,197.80M,360.20M,,,57.10M,,57.10M,,,39.70M,457.00M,977.60M,,977.60M,64.70M,64.70M,,,47.00M,1.089B,1.546B,,2.00M,1.553B,419.30M,51.60M,,,,-55.80M,1.867B,,,
2001-09,126.40M,,126.40M,705.10M,,,705.10M,217.60M,73.30M,313.40M,596.00M,,,63.70M,1.491B,,,,,,1.882B,-886.60M,995.90M,858.40M,45.90M,904.30M,,,,106.30M,2.006B,3.498B,,202.50M,,,,202.50M,249.10M,451.60M,,,,,,,,76.30M,527.90M,984.00M,,984.00M,71.60M,71.60M,,,46.40M,1.102B,1.630B,,2.00M,1.541B,417.90M,45.80M,,,,-47.10M,1.868B,,,
2001-06,35.50M,,35.50M,657.80M,,,657.80M,224.30M,76.10M,339.40M,630.90M,,,67.40M,1.392B,,,,,,1.883B,-868.40M,1.014B,860.10M,52.20M,912.30M,,,,83.30M,2.01B,3.402B,,196.60M,,,,196.60M,207.30M,403.90M,,,,,,,,73.00M,476.90M,966.50M,,966.50M,72.10M,72.10M,,,42.40M,1.081B,1.558B,,2.00M,1.509B,417.60M,40.10M,,,,-44.90M,1.844B,,,
2001-03,12.20M,,12.20M,683.10M,,,683.10M,225.20M,80.40M,358.10M,654.40M,,,67.90M,1.418B,,,,,,1.865B,-837.70M,1.027B,853.00M,54.50M,907.50M,,,,85.20M,2.020B,3.437B,,180.20M,,,,180.20M,198.00M,378.20M,,,,,,,,98.50M,476.70M,1.038B,,1.038B,70.80M,70.80M,,,41.70M,1.151B,1.628B,,2.00M,1.482B,417.60M,45.40M,,,,-46.50M,1.810B,,,
2000-12,37.30M,,37.30M,634.20M,,,634.20M,,,,671.80M,,,62.00M,1.405B,,,,,,1.823B,-804.40M,1.018B,,895.30M,895.30M,,,,54.20M,1.968B,3.373B,,179.40M,,,,179.40M,,179.40M,,,,,,,,297.20M,476.60M,988.40M,,988.40M,71.90M,71.90M,,,42.50M,1.103B,1.579B,,2.00M,1.46B,423.50M,46.30M,,,,-45.40M,1.794B,,,
2000-09,23.80M,,23.80M,711.60M,,,711.60M,,,,655.40M,,,68.80M,1.460B,,,,,,1.786B,-795.50M,990.30M,,910.90M,910.90M,,,,53.50M,1.955B,3.414B,,192.70M,,,,192.70M,,192.70M,,,,,,,,309.20M,501.90M,1.010B,,1.010B,67.50M,67.50M,,,43.50M,1.121B,1.623B,,2.00M,1.436B,422.30M,34.20M,,,,-34.80M,1.791B,,,
2000-06,17.70M,,17.70M,679.40M,,,679.40M,,,,676.90M,,,71.80M,1.446B,,,,,,1.765B,-783.30M,981.80M,,905.20M,905.20M,,,,54.20M,1.941B,3.387B,,183.10M,,,,183.10M,,183.10M,,,,,,,,314.40M,497.50M,1.032B,,1.032B,66.20M,66.20M,,,43.40M,1.141B,1.639B,,2.00M,1.389B,425.00M,38.60M,,,,-28.70M,1.748B,,,
2000-03,111.40M,,111.40M,655.90M,,,655.90M,,,,636.50M,,,68.00M,1.472B,,,,,,1.680B,-745.50M,934.20M,,818.30M,818.30M,,,,49.70M,1.802B,3.274B,,170.70M,,,,170.70M,,170.70M,,,,,,,,313.80M,484.50M,993.60M,,993.60M,64.00M,64.00M,,,42.50M,1.100B,1.585B,,2.00M,1.332B,423.20M,46.90M,,,,-21.20M,1.689B,,,
1999-12,20.60M,,20.60M,559.40M,,,559.40M,,,,605.80M,,,70.40M,1.256B,,,,,,1.629B,-713.70M,915.00M,,759.50M,759.50M,,,,46.80M,1.721B,2.978B,,146.10M,,,,146.10M,,146.10M,,,,,,,,285.40M,431.50M,787.40M,,787.40M,68.50M,68.50M,,,43.90M,899.80M,1.331B,,2.00M,1.278B,424.80M,39.80M,,,,-18.90M,1.646B,,,
1999-09,21.80M,,21.80M,607.50M,,,607.50M,,,,541.40M,,,68.70M,1.239B,,,,,,1.579B,-694.20M,884.40M,,726.10M,726.10M,,,,44.50M,1.655B,2.894B,,160.10M,,,,160.10M,,160.10M,,,,,,,,286.70M,446.80M,745.20M,,745.20M,72.50M,72.50M,,,48.80M,866.50M,1.313B,,2.00M,1.222B,420.30M,50.80M,,,,-11.90M,1.581B,,,
1999-06,13.40M,,13.40M,569.20M,,,569.20M,,,,514.40M,,,66.80M,1.164B,,,,,,1.512B,-667.00M,844.80M,,631.70M,631.70M,,,,46.70M,1.523B,2.687B,,158.90M,,,,158.90M,,158.90M,,,,,,,,267.00M,425.90M,611.60M,,611.60M,75.50M,75.50M,,,52.00M,739.10M,1.165B,,,1.162B,,,,,,,1.522B,,,
1999-03,23.30M,,23.30M,560.10M,,,560.10M,,,,487.80M,,,65.20M,1.136B,,,,,,1.475B,-641.50M,833.30M,,548.50M,548.50M,,,,49.80M,1.432B,2.568B,,136.30M,,,,136.30M,,136.30M,,,,,,,,242.50M,378.80M,574.00M,,574.00M,78.30M,78.30M,,,51.00M,703.30M,1.082B,,,1.107B,,,,,,,1.486B,,,
1998-12,83.50M,,83.50M,503.10M,,,503.10M,,,,486.20M,,,64.30M,1.137B,,,,,,1.435B,-614.60M,820.40M,,528.60M,528.60M,,,,49.20M,1.398B,2.535B,,134.80M,,,,134.80M,,134.80M,,,,,,,,266.60M,401.40M,574.10M,,574.10M,74.90M,74.90M,,,48.10M,697.10M,1.098B,,,1.059B,,,,,,,1.437B,,,
1998-09,42.30M,,42.30M,561.60M,,,561.60M,,,,471.00M,,,63.70M,1.139B,,,,,,1.394B,-590.50M,803.80M,,488.20M,488.20M,,,,52.20M,1.344B,2.483B,,154.10M,,,,154.10M,,154.10M,,,,,,,,237.50M,391.60M,585.10M,,585.10M,68.90M,68.90M,,,47.20M,701.20M,1.093B,,,1.013B,,,,,,,1.39B,,,
1998-06,21.70M,,21.70M,489.20M,,,489.20M,,,,483.40M,,,63.90M,1.058B,,,,,,1.335B,-560.00M,775.30M,,486.70M,486.70M,,,,60.00M,1.322B,2.380B,,132.50M,,,,132.50M,,132.50M,,,,,,,,224.10M,356.60M,576.20M,,576.20M,66.30M,66.30M,,,44.10M,686.60M,1.043B,,,963.90M,,,,,,,1.337B,,,
1998-03,9.90M,,9.90M,509.40M,,,509.40M,,,,487.90M,,,68.50M,1.076B,,,,,,1.314B,-540.30M,773.40M,,476.60M,476.60M,,,,47.20M,1.297B,2.373B,,148.70M,,,,148.70M,,148.70M,,,,,,,,235.10M,383.80M,591.30M,,591.30M,67.80M,67.80M,,,42.40M,701.50M,1.085B,,,916.30M,,,,,,,1.288B,,,
1997-12,7.70M,,7.70M,438.60M,,,438.60M,,,,433.20M,,,65.10M,944.60M,,,,,,1.212B,-519.10M,693.20M,,425.60M,425.60M,,,,42.90M,1.162B,2.106B,,128.70M,,,,128.70M,,128.70M,,,,,,,,243.80M,372.50M,466.20M,,466.20M,52.80M,52.80M,,,40.80M,559.80M,932.30M,,,871.30M,,,,,,,1.174B,,,
1997-09,9.50M,,9.50M,461.90M,,,461.90M,,,,417.50M,,,53.60M,942.50M,,,,,,1.173B,-497.80M,674.80M,,421.20M,421.20M,,,,46.30M,1.142B,2.085B,,142.00M,,,,142.00M,,142.00M,,,,,,,,236.50M,378.50M,487.00M,,487.00M,61.50M,61.50M,,,37.20M,585.70M,964.20M,,,829.00M,,,,,,,1.121B,,,
1997-06,7.20M,,7.20M,432.60M,,,432.60M,,,,386.10M,,,46.90M,872.80M,,,,,,1.064B,-432.20M,632.10M,,387.70M,387.70M,,,,45.70M,1.066B,1.938B,,124.70M,,,,124.70M,,124.70M,,,,,,,,194.80M,319.50M,458.70M,,458.70M,60.00M,60.00M,,,36.50M,555.20M,874.70M,,,781.60M,,,,,,,1.064B,,,
1997-03,3.70M,,3.70M,397.00M,,,397.00M,,,,386.10M,,,49.00M,835.80M,,,,,,1.05B,-432.20M,617.80M,,362.90M,362.90M,,,,43.40M,1.024B,1.860B,,123.70M,,,,123.70M,,123.70M,,,,,,,,199.80M,323.50M,462.30M,,462.30M,56.60M,56.60M,,,36.50M,555.40M,878.90M,,,741.50M,,,,,,,981.00M,,,
1996-12,3.70M,,3.70M,335.30M,,,335.30M,,,,379.60M,,,44.70M,763.30M,,,,,,1.015B,-432.20M,582.90M,,320.50M,320.50M,,,,46.20M,949.60M,1.713B,,110.30M,,,,110.30M,,110.30M,,,3.90M,,3.90M,,,178.60M,292.80M,388.50M,,388.50M,54.50M,54.50M,,,36.00M,479.00M,771.80M,,,704.40M,,,,,,,941.10M,,,
1996-09,4.60M,,4.60M,372.80M,,,372.80M,,,,359.70M,,,42.90M,780.00M,,,,,,952.60M,-396.70M,555.90M,,307.10M,307.10M,,,,43.70M,906.70M,1.687B,,124.30M,,,,124.30M,,124.30M,,,,,,,,185.50M,309.80M,431.80M,,431.80M,60.00M,60.00M,,,37.50M,529.30M,839.10M,,,667.40M,,,,,,,847.60M,,,
1996-06,4.80M,,4.80M,375.50M,,,375.50M,,,,352.30M,,,39.90M,772.50M,,,,,,942.70M,-396.70M,546.00M,,303.30M,303.30M,,,,39.50M,888.80M,1.661B,,129.20M,,,,129.20M,,129.20M,,,,,,,,157.00M,286.20M,465.50M,,465.50M,60.50M,60.50M,,,39.50M,565.50M,851.70M,,,634.20M,,,,,,,809.60M,,,
1996-03,3.90M,,3.90M,283.10M,,,283.10M,,,,278.30M,,,38.20M,603.50M,,,,,,831.40M,-369.50M,461.90M,,159.90M,159.90M,,,,37.10M,658.90M,1.262B,,83.40M,,,,83.40M,,83.40M,,,,,,,,169.20M,252.60M,175.30M,,175.30M,49.40M,49.40M,,,18.60M,243.30M,495.90M,,,625.20M,,,,,,,766.50M,,,
1995-12,6.70M,,6.70M,254.20M,,,254.20M,,,,276.80M,,,34.20M,571.90M,,,,,,808.40M,-356.60M,451.80M,,155.80M,155.80M,,,,38.80M,646.40M,1.218B,,90.40M,,,,90.40M,,90.40M,,,4.00M,,4.00M,,,132.40M,226.80M,191.90M,,191.90M,47.80M,47.80M,,,17.70M,257.40M,484.20M,,,598.00M,,,,,,,734.10M,,,
1995-09,7.50M,,7.50M,291.00M,,,291.00M,,,,263.20M,,,36.80M,598.50M,,,,,,773.90M,-343.00M,430.90M,,146.10M,146.10M,,,,34.40M,611.40M,1.210B,,106.20M,,,,106.20M,,106.20M,,,,,,,,159.80M,266.00M,170.70M,,170.70M,45.40M,45.40M,,,14.00M,230.10M,496.10M,,,572.20M,,,,,,,713.80M,,,
1995-06,4.50M,,4.50M,281.10M,,,281.10M,,,,275.00M,,,33.30M,593.90M,,,,,,758.10M,-329.80M,428.30M,,145.40M,145.40M,,,,36.00M,609.70M,1.204B,,89.80M,,,,89.80M,,89.80M,,,,,,,,141.30M,231.10M,224.30M,,224.30M,44.70M,44.70M,,,13.60M,282.60M,513.70M,,,545.80M,,,,,,,689.90M,,,
1995-03,3.10M,,3.10M,274.30M,,,274.30M,,,,277.90M,,,34.10M,589.40M,,,,,,726.80M,-315.90M,410.90M,,140.50M,140.50M,,,,35.80M,587.20M,1.177B,,100.90M,,,,100.90M,,100.90M,,,,,,,,155.20M,256.10M,206.70M,,206.70M,43.70M,43.70M,,,16.50M,266.90M,523.00M,,,522.00M,,,,,,,653.60M,,,
1994-12,2.70M,,2.70M,254.30M,,,254.30M,,,,255.50M,,,32.20M,544.70M,,,,,,699.50M,-303.50M,396.00M,,142.50M,142.50M,,,,36.70M,575.20M,1.120B,,89.90M,,,,89.90M,,89.90M,,,3.90M,,3.90M,,,139.10M,232.90M,204.90M,,204.90M,42.20M,42.20M,,,14.70M,261.80M,494.70M,,,496.50M,,,,,,,625.20M,,,
1994-09,6.70M,,6.70M,261.00M,,,261.00M,,,,231.60M,,,31.10M,530.40M,,,,,,669.50M,-292.50M,377.00M,,139.60M,139.60M,,,,37.30M,553.90M,1.084B,,93.70M,,,,93.70M,,93.70M,,,,,,,,134.20M,227.90M,204.90M,,204.90M,43.30M,43.30M,,,12.60M,260.80M,488.70M,,,468.10M,,,,,,,595.60M,,,
1994-06,8.80M,,8.80M,248.60M,,,248.60M,,,,223.10M,,,27.00M,507.50M,,,,,,618.40M,-277.90M,340.50M,,134.70M,134.70M,,,,35.10M,510.30M,1.018B,,81.30M,,,,81.30M,,81.30M,,,,,,,,117.20M,198.50M,196.40M,,196.40M,43.20M,43.20M,,,12.60M,252.20M,450.70M,,,443.00M,,,,,,,567.10M,,,
1994-03,0.80M,,0.80M,233.70M,,,233.70M,,,,210.50M,,,23.50M,468.50M,,,,,,583.70M,-267.70M,316.00M,,116.40M,116.40M,,,,34.30M,466.70M,935.20M,,83.30M,,,,83.30M,,83.30M,,,,,,,,100.10M,183.40M,154.50M,,154.50M,43.70M,43.70M,,,11.80M,210.00M,393.40M,,,420.90M,,,,,,,541.80M,,,
1993-12,0.40M,,0.40M,,,,204.70M,,,,209.10M,,,21.40M,435.60M,,,,,,571.20M,-258.10M,313.10M,,153.20M,153.20M,,,,,466.30M,901.90M,,74.10M,,,,74.10M,,74.10M,,,1.40M,,1.40M,,,90.70M,166.20M,165.80M,,165.80M,43.20M,43.20M,,,11.10M,220.10M,386.30M,,,401.00M,,,,,,,515.60M,,,
1993-09,1.20M,,1.20M,,,,229.30M,,,,192.20M,,,22.00M,444.70M,,,,,,514.70M,-214.40M,300.30M,,91.10M,91.10M,,,,63.10M,454.50M,899.20M,,81.30M,,,,81.30M,,81.30M,,,,,,,,99.80M,181.10M,180.00M,,180.00M,30.30M,30.30M,,,12.10M,222.40M,403.50M,,,383.60M,,,,,,,495.70M,,,
1993-06,1.40M,,1.40M,,,,182.30M,,,,163.40M,,,20.70M,367.80M,,,,,,458.10M,-214.40M,243.70M,,61.80M,61.80M,,,,46.40M,351.90M,719.70M,,52.30M,,,,52.30M,,52.30M,,,,,,,,87.40M,139.70M,83.40M,,83.40M,26.50M,26.50M,,,8.70M,118.60M,258.30M,,,358.20M,,,,,,,461.40M,,,
1993-03,0.90M,,0.90M,,,,174.70M,,,,157.20M,,,22.20M,355.00M,,,,,,452.30M,-214.40M,237.90M,,62.30M,62.30M,,,,45.10M,345.30M,700.30M,,49.30M,,,,49.30M,,49.30M,,,,,,,,87.50M,136.80M,86.80M,,86.80M,24.60M,24.60M,,,8.90M,120.30M,257.10M,,,343.20M,,,,,,,443.20M,,,
1992-12,4.00M,,4.00M,,,,156.80M,,,,161.10M,,,18.30M,340.20M,,,,,,438.50M,-207.80M,230.70M,,107.20M,107.20M,,,,-0.10M,337.80M,678.00M,,42.70M,,,,42.70M,,42.70M,,,1.00M,,1.00M,,,74.90M,118.60M,101.50M,,101.50M,26.40M,26.40M,,,6.30M,134.20M,252.80M,,,329.50M,,,,,,,425.20M,,,
1992-09,2.70M,,2.70M,,,,168.10M,,,,156.00M,,,19.00M,345.80M,,,,,,435.00M,-202.20M,232.80M,,57.80M,57.80M,,,,48.40M,339.00M,684.80M,,50.60M,,,,50.60M,,50.60M,,,,,,,,83.80M,134.40M,105.20M,,105.20M,24.40M,24.40M,,,6.60M,136.20M,270.60M,,,318.10M,,,,,,,414.20M,,,
1992-06,5.50M,,5.50M,,,,159.00M,,,,157.80M,,,18.40M,340.70M,,,,,,427.90M,-195.50M,232.40M,,58.30M,58.30M,,,,45.40M,336.10M,676.80M,,,,,,,,,,,,,,,,,115.60M,129.70M,,129.70M,25.30M,25.30M,,,6.50M,161.50M,277.10M,,,304.20M,,,,,,,399.70M,,,
1992-03,6.80M,,6.80M,,,,169.50M,,,,153.30M,,,19.00M,348.60M,,,,,,421.10M,-188.10M,233.00M,,90.40M,90.40M,,,,10.50M,333.90M,682.50M,,53.70M,,,,53.70M,,53.70M,,,,,,,,79.30M,133.00M,132.20M,,132.20M,27.20M,27.20M,,,6.40M,165.80M,298.80M,,,293.50M,,,,,,,383.70M,,,
1991-12,5.30M,,5.30M,,,,140.80M,,,,157.30M,,,18.30M,321.70M,,,,,,418.20M,-184.00M,234.20M,,91.20M,91.20M,,,,9.00M,334.40M,656.10M,,39.00M,,,,39.00M,,39.00M,,,3.20M,,3.20M,,,68.40M,110.60M,179.40M,,179.40M,27.20M,27.20M,,,6.30M,212.90M,323.50M,,,283.50M,,,,,,,332.60M,,,
1991-09,7.10M,,7.10M,,,,175.90M,,,,153.30M,,,16.70M,353.00M,,,,,,407.70M,-176.60M,231.10M,,53.50M,53.50M,,,,39.40M,324.00M,677.00M,,60.70M,,,,60.70M,,60.70M,,,,,,,,76.10M,136.80M,186.00M,,186.00M,22.00M,22.00M,,,8.20M,216.20M,353.00M,,,277.30M,,,,,,,324.00M,,,
1991-06,2.40M,,2.40M,,,,169.40M,,,,158.00M,,,20.60M,350.40M,,,,,,392.20M,-165.70M,226.50M,,54.30M,54.30M,,,,51.80M,332.60M,683.00M,,55.10M,,,,55.10M,,55.10M,,,,,,,,72.30M,127.40M,206.90M,,206.90M,25.40M,25.40M,,,8.50M,240.80M,368.20M,,,269.20M,,,,,,,314.80M,,,
1991-03,1.50M,,1.50M,,,,156.30M,,,,167.40M,,,22.90M,348.10M,,,,,,384.70M,-160.00M,224.70M,,55.30M,55.30M,,,,56.10M,336.10M,684.20M,,51.10M,,,,51.10M,,51.10M,,,,,,,,72.60M,123.70M,218.90M,,218.90M,25.20M,25.20M,,,8.90M,253.00M,376.70M,,,263.10M,,,,,,,307.50M,,,
1990-12,3.30M,,3.30M,,,,146.20M,,,,172.00M,,,20.90M,342.40M,,,,,,380.00M,-155.20M,224.80M,,102.30M,102.30M,,,,6.60M,333.70M,676.10M,,56.20M,,,,56.20M,,56.20M,,,3.10M,,3.10M,,,68.70M,128.00M,212.80M,,212.80M,24.40M,24.40M,,,8.30M,245.50M,373.50M,,,259.30M,,,,,,,302.60M,,,
1990-09,2.60M,,2.60M,,,,181.20M,,,,169.40M,,,15.10M,368.30M,,,,,,398.50M,-159.80M,238.70M,,56.30M,56.30M,,,,41.80M,336.80M,705.10M,,70.40M,,,,70.40M,,70.40M,,,,,,,,66.70M,137.10M,220.20M,,220.20M,23.30M,23.30M,,,7.50M,251.00M,388.10M,,,269.30M,,,,,,,317.00M,,,
1990-06,3.50M,,3.50M,,,,172.40M,,,,172.70M,,,15.00M,363.60M,,,,,,378.20M,-152.70M,225.50M,,62.20M,62.20M,,,,38.30M,326.00M,689.60M,,68.80M,,,,68.80M,,68.80M,,,,,,,,64.50M,133.30M,217.50M,,217.50M,22.30M,22.30M,,,7.50M,247.30M,380.60M,,,262.50M,,,,,,,309.00M,,,
1990-03,3.80M,,3.80M,,,,156.10M,,,,156.70M,,,13.20M,329.80M,,,,,,359.80M,-147.20M,212.60M,,41.70M,41.70M,,,,38.10M,292.40M,622.20M,,60.50M,,,,60.50M,,60.50M,,,,,,,,62.50M,123.00M,174.60M,,174.60M,27.40M,27.40M,,,-0.10M,201.90M,324.90M,,,253.20M,,,,,,,297.30M,,,
1989-12,2.90M,,2.90M,,,,136.50M,,,,144.20M,,,9.20M,292.80M,,,,,,350.20M,-140.90M,209.30M,,57.10M,57.10M,,,,9.10M,275.50M,568.30M,,53.80M,,,,53.80M,,53.80M,,,3.50M,,3.50M,,,55.50M,112.80M,147.50M,,147.50M,20.20M,20.20M,,,6.20M,173.90M,286.70M,,,244.50M,,,,,,,281.60M,,,
1989-09,4.10M,,4.10M,,,,150.60M,,,,139.50M,,,5.70M,299.90M,,,,,,351.80M,-136.30M,215.50M,,25.70M,25.70M,,,,35.20M,276.40M,576.30M,,57.70M,,,,57.70M,,57.70M,,,,,,,,59.80M,117.50M,158.20M,,158.20M,,,,,23.80M,182.00M,299.50M,,,237.50M,,,,,,,276.80M,,,
1989-06,5.50M,,5.50M,,,,153.00M,,,,146.20M,,,3.50M,308.20M,,,,,,344.90M,-130.40M,214.50M,,25.60M,25.60M,,,,34.50M,274.60M,582.80M,,70.20M,,,,70.20M,,70.20M,,,,,,,,53.90M,124.10M,166.80M,,166.80M,,,,,25.20M,192.00M,316.10M,,,228.60M,,,,,,,266.70M,,,
1988-12,7.00M,,7.00M,,,,114.80M,,,,122.40M,,,6.30M,250.50M,,,,,,295.50M,-119.30M,176.20M,,20.80M,20.80M,,,,30.10M,227.10M,477.60M,,,,,,,,,,,4.10M,,4.10M,,,99.00M,103.10M,106.80M,,106.80M,16.20M,16.20M,,,6.10M,129.10M,232.20M,,,211.40M,,,,,,,245.40M,,,
1987-12,29.60M,,29.60M,,,,79.60M,,,,92.80M,,,6.20M,208.20M,,,,,,223.40M,-95.50M,127.90M,,11.50M,11.50M,,,,36.70M,176.10M,384.30M,,,,,,,,,,,4.80M,,4.80M,,,73.20M,78.00M,83.60M,,83.60M,13.20M,13.20M,,,,96.80M,174.80M,,,180.20M,,,,,,,209.50M,,,
1986-12,35.90M,,35.90M,,,,68.20M,,,,82.20M,,,3.30M,189.60M,,,,,,194.60M,-81.20M,113.40M,,9.20M,9.20M,,,,37.20M,159.80M,349.40M,,,,,,,,,,,5.10M,,5.10M,,,61.70M,66.80M,88.30M,,88.30M,11.10M,11.10M,,,0.10M,99.50M,166.30M,,,151.90M,,,,,,,183.10M,,,
1985-12,9.00M,,9.00M,,,,52.80M,,,,73.10M,,,3.40M,138.30M,,,,,,166.90M,-65.90M,101.00M,,9.00M,9.00M,,,,22.20M,132.20M,270.50M,,,,,,,,,,,7.40M,,7.40M,,,48.80M,56.20M,51.40M,,51.40M,9.90M,9.90M,,,,61.30M,117.50M,,,117.40M,,,,,,,153.00M,,,
1984-12,21.80M,,21.80M,,,,45.50M,,,,62.20M,,,2.40M,131.90M,,,,,,131.60M,-54.80M,76.80M,,5.80M,5.80M,,,,18.40M,101.00M,232.90M,,,,,,,,,,,11.40M,,11.40M,,,40.50M,51.90M,67.10M,,67.10M,6.00M,6.00M,,,,73.10M,125.00M,,,97.90M,,,,,,,107.90M,,,
