,Cash,CashandEquivalents,ShortTermInvestments,CashandShortTermInvestments,AccountsReceivable,NotesReceivable,OtherReceivables,TotalReceivables,RawMaterialsInventory,WorkinProcessInventory,FinishedGoodsInventory,OtherInventory,Inventories,PrepaidExpenses,CurrentDeferredTaxAssets,OtherCurrentAssets,TotalCurrentAssets,Properties,LandandImprovements,BuildingsandImprovements,"Machine,Furniture&Equipment",OtherProperties,ConstructioninProgress,Leases,GrossPP&E,AccumulatedD&A,NetPP&E,Goodwill,OtherIntangibleAssets,GoodwillandIntangibles,LongTermReceivables,DerivativeInstruments,LongTermDeferredAssets,OtherLongTermAssets,TotalLongTermAssets,TotalAssets,,Liabilities(Quarterly),AccountsPayable,CurrentTaxPayable,TotalPayables,AccruedExpenses,PayablesandAccruedExpenses,NotesPayable,LiabilityonCreditLine,OtherCurrentBorrowings,CurrentPortionofLongTermDebt,CurrentDebt&CapitalLeaseObligation,CurrentDeferredRevenue,CurrentDeferredLiabilities,CurrentDeferredTaxLiability,OtherCurrentLiability,LongTermCapLeaseObligation,Non-CurrentPortionofLTDandCapitalLeaseObligation,LongTermDeferredTaxLiabilities,Non-CurrentDeferredRevenue,Non-CurrentDeferredLiabilities,MinorityInterestOwnership,OtherLongTermLiabilities,TotalLongTermLiabilities,TotalLiabilities,,Shareholder'sEquity(Quarterly),TotalCapitalStock,RetainedEarnings,AdditionalPaidInCapital,TreasuryStock,PreferredStock,AdjustmentsforForeignCurrencyTranslation,AccruedComprehensiveInc,ShareholdersEquity,,SECFilingLinks,AsOriginallyReported,Restated
2020-09,,1.307B,,1.307B,194.09M,,108.88M,300.41M,,,,,47.98M,81.53M,,,1.736B,,,,,,,,,,288.16M,780.84M,227.75M,1.009B,,,722.66M,384.26M,2.404B,4.140B,,2020-09,,,,,290.89M,,350.00M,,350.00M,350.00M,477.00M,477.00M,,,,346.58M,,84.65M,84.65M,,195.32M,626.54M,1.744B,,2020-09,2.187B,2.177B,,1.934B,,,-33.62M,2.396B,,2020-09,AOR,
2020-06,,1.189B,,1.189B,205.42M,,110.46M,312.76M,,,,,43.92M,93.92M,,,1.640B,,,,,,,,,,282.74M,778.86M,242.54M,1.021B,,,704.88M,350.69M,2.360B,3.999B,,2020-06,,,,,306.95M,,350.00M,,350.00M,350.00M,494.94M,494.94M,,,,346.39M,,87.44M,87.44M,,157.15M,590.98M,1.743B,,2020-06,2.143B,2.015B,,1.856B,,,-45.02M,2.257B,,2020-06,AOR,
2020-03,,946.28M,,946.28M,193.61M,,93.50M,284.09M,,,,,60.58M,108.55M,,,1.400B,,,,,,,,,,281.21M,778.99M,258.62M,1.038B,,,699.19M,350.46M,2.368B,3.768B,,2020-03,,,,,236.81M,,350.00M,,350.00M,350.00M,425.62M,425.62M,,,,346.20M,,95.50M,95.50M,,155.84M,597.55M,1.610B,,2020-03,2.099B,1.884B,,1.779B,,,-46.58M,2.158B,,2020-03,AOR,
2019-12,259.27M,705.21M,,705.21M,179.25M,,126.16M,304.55M,36.64M,,19.16M,,55.80M,103.78M,,,1.169B,0.00,55.82M,126.80M,617.25M,100.34M,4.706M,106.46M,1.011B,-635.18M,376.20M,661.86M,172.38M,834.23M,,,732.37M,106.87M,2.188B,3.357B,,2019-12,,,,316.91M,316.91M,,,,,,355.48M,355.48M,,,84.78M,430.80M,,73.40M,73.40M,,,581.94M,1.254B,,2019-12,2.046B,1.762B,,1.668B,,,-36.93M,2.103B,,2019-12,AOR,
2019-09,,655.22M,,655.22M,161.00M,,114.23M,274.91M,,,,,66.74M,53.07M,,,1.050B,,,,,1.094B,,,1.094B,-730.07M,363.97M,661.68M,185.04M,846.72M,1.204M,,165.76M,92.53M,1.612B,2.662B,,2019-09,,,,,274.88M,,0.00,,0.00,0.00,344.10M,344.10M,,,90.51M,436.34M,,48.04M,48.04M,,,562.95M,1.182B,,2019-09,2.007B,1.102B,,1.589B,,,-39.99M,1.480B,,2019-09,AOR,Restated
2019-06,,633.42M,,633.42M,130.80M,,107.96M,237.61M,,,,,49.30M,58.92M,,,979.24M,,,,,1.087B,,,1.087B,-719.78M,366.76M,662.71M,197.84M,860.55M,2.14M,,163.08M,94.32M,1.633B,2.612B,,2019-06,,,,,246.59M,,0.00,,0.00,0.00,363.59M,363.59M,,,93.45M,439.10M,,57.28M,57.28M,,,571.60M,1.182B,,2019-06,1.984B,1.000B,,1.526B,,,-28.00M,1.431B,,2019-06,AOR,Restated
2019-03,,538.90M,,538.90M,161.92M,,106.41M,264.77M,,,,,37.48M,76.80M,,,917.95M,,,,,1.061B,,,1.061B,-713.00M,347.62M,662.87M,212.30M,875.17M,3.241M,,159.74M,92.24M,1.628B,2.546B,,2019-03,,,,,235.69M,,50.00M,,50.00M,50.00M,345.75M,345.75M,,,81.34M,426.81M,,51.31M,51.31M,,,549.04M,1.180B,,2019-03,1.945B,893.26M,,1.446B,,,-26.08M,1.366B,,2019-03,AOR,Restated
2018-12,205.46M,533.30M,,533.30M,164.22M,,136.80M,297.08M,16.39M,,11.77M,,28.16M,92.55M,,,951.09M,0.00,55.80M,126.93M,653.51M,,6.357M,108.53M,951.12M,-698.49M,252.63M,662.27M,225.46M,887.73M,,,154.89M,103.58M,1.518B,2.469B,,2018-12,,,,256.53M,256.53M,,100.00M,,100.00M,100.00M,352.46M,352.46M,,,0.00,345.29M,,48.72M,48.72M,,,471.27M,1.180B,,2018-12,1.936B,772.71M,,1.396B,,,-24.78M,1.288B,,2018-12,AOR,Restated
2018-09,202.07M,544.58M,5.446M,550.03M,117.39M,,127.70M,240.84M,,,,,30.54M,66.98M,,,888.38M,,,,,,,,933.38M,-685.21M,248.16M,661.34M,238.38M,899.73M,4.395M,,,232.54M,1.385B,2.273B,,2018-09,,,,,212.15M,,0.00,,0.00,0.00,329.17M,329.17M,,,,345.11M,,49.34M,49.34M,,80.01M,474.47M,1.016B,,2018-09,1.898B,674.28M,,1.292B,,,-22.35M,1.257B,,2018-09,AOR,Restated
2018-06,220.72M,819.54M,5.842M,825.38M,219.07M,,,219.07M,,,,,28.56M,56.04M,,,1.129B,,,,,,,,929.93M,-677.74M,252.19M,663.32M,251.38M,914.70M,4.74M,,,227.17M,1.399B,2.528B,,2018-06,,,,,243.16M,,0.00,299.88M,299.88M,299.88M,327.08M,327.08M,,,,344.94M,,46.91M,46.91M,,77.91M,469.76M,1.340B,,2018-06,1.861B,574.97M,,1.235B,,,-13.17M,1.188B,,2018-06,AOR,Restated
2018-03,302.40M,746.97M,5.466M,752.43M,117.06M,,109.42M,225.82M,,,,,30.09M,61.60M,,,1.070B,,,,,,,,923.08M,-673.26M,249.81M,665.62M,264.93M,930.54M,9.38M,,,227.00M,1.417B,2.487B,,2018-03,,,,,210.78M,,45.00M,299.83M,344.83M,344.83M,310.64M,310.64M,,,,344.77M,,56.28M,56.28M,,77.08M,478.13M,1.344B,,2018-03,1.859B,499.82M,,1.222B,,,5.94M,1.142B,,2018-03,AOR,Restated
2017-12,184.15M,688.09M,,688.09M,119.32M,,71.10M,190.43M,17.49M,,15.72M,,33.21M,68.27M,,,979.99M,0.00,55.84M,127.48M,615.07M,,5.154M,106.17M,909.72M,-658.38M,251.34M,666.01M,278.84M,944.84M,12.24M,,152.50M,74.81M,1.439B,2.419B,,2017-12,4.825M,,4.825M,216.28M,221.10M,,85.00M,,85.00M,85.00M,336.30M,336.30M,,,,644.37M,,61.51M,61.51M,,81.23M,787.11M,1.430B,,2017-12,1.830B,341.00M,,1.178B,,,-3.63M,989.20M,,2017-12,AOR,Restated
2017-09,188.80M,678.28M,4.135M,682.42M,95.27M,,75.04M,170.31M,,,,,36.00M,42.37M,,,931.10M,,,,,,,,892.92M,-648.30M,244.62M,574.91M,216.18M,791.09M,11.59M,,,326.82M,1.374B,2.305B,,2017-09,,,,,199.67M,,0.00,,0.00,0.00,320.46M,320.46M,,,,644.15M,,57.86M,57.86M,,72.34M,774.35M,1.294B,,2017-09,1.808B,355.44M,,1.143B,,,-10.02M,1.011B,,2017-09,AOR,Restated
2017-06,208.11M,656.00M,3.229M,659.23M,84.38M,,68.77M,153.15M,,,,,31.89M,39.18M,,,883.45M,,,,,,,,883.56M,-634.42M,249.14M,575.02M,229.78M,804.81M,13.34M,,,316.96M,1.384B,2.268B,,2017-06,,,,,222.22M,,0.00,,0.00,0.00,322.51M,322.51M,,,,643.93M,,60.16M,60.16M,,67.10M,771.18M,1.316B,,2017-06,1.849B,274.29M,,1.157B,,,-14.59M,951.79M,,2017-06,AOR,Restated
2017-03,162.92M,544.13M,3.479M,547.61M,114.14M,,66.43M,180.57M,,,,,30.73M,41.09M,,,800.00M,,,,,,,,867.13M,-623.18M,243.95M,574.54M,244.44M,818.99M,13.13M,,,315.13M,1.391B,2.191B,,2017-03,,,,,193.98M,,50.00M,,50.00M,50.00M,331.85M,331.85M,,,,643.71M,,66.40M,66.40M,,64.67M,774.78M,1.351B,,2017-03,1.824B,205.16M,,1.167B,,,-22.28M,840.59M,,2017-03,AOR,Restated
2016-12,227.51M,465.23M,3.057M,468.29M,85.55M,,71.62M,157.17M,26.59M,,12.89M,,39.48M,37.10M,,,702.03M,0.00,55.78M,126.02M,571.24M,,3.478M,95.04M,851.57M,-612.96M,238.61M,572.76M,258.81M,831.58M,12.95M,,256.55M,55.19M,1.395B,2.097B,,2016-12,4.367M,18.38M,22.75M,216.75M,239.50M,,50.00M,,50.00M,50.00M,296.07M,296.07M,,,,643.49M,,66.77M,66.77M,,59.31M,769.58M,1.355B,,2016-12,1.820B,136.90M,,1.190B,,,-25.16M,741.77M,,2016-12,AOR,Restated
2016-09,227.26M,524.33M,8.503M,532.84M,80.03M,,71.99M,152.02M,,,,,64.48M,42.95M,,,792.29M,,,,,,,,853.90M,-613.31M,240.59M,573.89M,273.38M,847.27M,14.96M,,,298.98M,1.402B,2.194B,,2016-09,,,,,192.95M,,50.00M,,50.00M,50.00M,288.37M,288.37M,,,,643.28M,,36.34M,36.34M,,56.36M,735.97M,1.267B,,2016-09,1.801B,98.42M,,963.60M,,,-9.15M,926.80M,,2016-09,AOR,Restated
2016-06,274.63M,669.57M,34.74M,704.32M,77.76M,,78.68M,156.44M,,,,,61.93M,39.48M,,,962.18M,,,,,,,,840.44M,-604.53M,235.91M,573.71M,287.89M,861.60M,17.37M,,,300.81M,1.416B,2.378B,,2016-06,,,,,224.68M,,50.00M,,50.00M,50.00M,289.79M,289.79M,,,,643.07M,,38.09M,38.09M,,56.84M,738.01M,1.302B,,2016-06,1.852B,33.71M,,800.06M,,,-9.985M,1.075B,,2016-06,AOR,Restated
2016-03,330.25M,810.40M,96.32M,906.72M,82.40M,,65.13M,147.53M,,,,,56.63M,41.36M,,,1.152B,,,,,,,,824.16M,-592.98M,231.18M,551.90M,283.82M,835.72M,11.36M,,,308.51M,1.387B,2.539B,,2016-03,,,,,195.22M,,50.00M,,50.00M,50.00M,322.68M,322.68M,,,,642.86M,,38.45M,38.45M,,55.76M,737.07M,1.305B,,2016-03,1.844B,-15.62M,,587.35M,,,-7.265M,1.234B,,2016-03,AOR,Restated
2015-12,256.00M,616.69M,94.50M,711.18M,107.04M,,57.81M,164.85M,40.50M,,16.26M,,56.76M,31.44M,,,964.24M,0.00,55.90M,126.16M,535.96M,,1.527M,90.40M,809.94M,-581.34M,228.60M,551.77M,296.48M,848.25M,4.498M,,245.65M,54.28M,1.381B,2.346B,,2015-12,25.15M,11.02M,36.18M,201.85M,238.02M,,0.00,,0.00,0.00,298.28M,298.28M,,,,343.29M,,30.21M,30.21M,,59.60M,433.09M,969.40M,,2015-12,1.863B,-73.99M,,400.56M,,,-12.42M,1.376B,,2015-12,AOR,Restated
2015-09,214.79M,616.09M,95.10M,711.20M,79.87M,,53.79M,133.66M,,,,,57.69M,139.53M,,,1.042B,,,,,,,,804.94M,-577.25M,227.69M,552.41M,312.40M,864.82M,1.568M,,,194.98M,1.289B,2.331B,,2015-09,,,,,194.43M,,,,,,315.22M,315.22M,,,,348.76M,,31.23M,31.23M,,56.94M,436.93M,946.58M,,2015-09,1.853B,-154.36M,,307.41M,,,-6.949M,1.385B,,2015-09,AOR,Restated
2015-06,232.41M,647.85M,96.56M,744.41M,85.01M,,46.32M,131.32M,,,,,62.17M,129.32M,,,1.067B,,,,,,,,799.04M,-569.20M,229.84M,553.83M,328.34M,882.17M,1.628M,,,199.79M,1.313B,2.381B,,2015-06,,,,,202.79M,,,,,,324.57M,324.57M,,,,348.73M,,36.40M,36.40M,,70.94M,456.08M,983.44M,,2015-06,1.886B,-231.99M,,256.48M,,,-0.741M,1.397B,,2015-06,AOR,Restated
2015-03,209.31M,887.74M,92.64M,980.38M,84.36M,,49.57M,133.92M,,,,,54.45M,135.05M,,,1.734B,,,,,,,,786.33M,-560.77M,225.56M,553.94M,344.45M,898.39M,3.619M,,,201.35M,1.329B,3.063B,,2015-03,,,,,178.47M,,,293.67M,293.67M,293.67M,324.45M,324.45M,,429.85M,,348.70M,,48.42M,48.42M,,75.82M,472.94M,1.699B,,2015-03,1.869B,-290.15M,,219.58M,,,3.813M,1.363B,,2015-03,AOR,Restated
2014-12,203.66M,932.16M,90.44M,1.023B,79.41M,,43.08M,122.49M,42.43M,,13.97M,,56.39M,31.86M,94.46M,,1.852B,0.00,55.93M,126.38M,508.60M,,0.63M,91.13M,782.66M,-552.55M,230.11M,553.77M,360.93M,914.70M,3.644M,,140.97M,68.40M,1.358B,3.210B,,2014-12,12.10M,9.118M,21.22M,204.16M,225.38M,,,342.50M,342.50M,342.50M,301.29M,301.29M,,523.93M,,348.68M,,54.73M,54.73M,,79.49M,482.89M,1.876B,,2014-12,1.851B,-326.41M,,203.79M,,,12.35M,1.334B,,2014-12,AOR,Restated
2014-09,203.63M,500.48M,94.97M,595.45M,77.31M,,30.32M,107.63M,,,,,61.10M,134.93M,,,1.352B,,,,,,,,777.47M,-546.13M,231.34M,557.25M,378.83M,936.08M,4.957M,,,181.96M,1.354B,2.706B,,2014-09,,,,,205.65M,,,337.71M,337.71M,337.71M,300.19M,300.19M,,452.50M,,,,42.87M,42.87M,,82.30M,125.17M,1.421B,,2014-09,1.820B,-391.44M,,169.51M,,,25.34M,1.285B,,2014-09,AOR,Restated
2014-06,199.80M,557.42M,97.91M,655.33M,77.09M,,24.84M,101.92M,,,,,58.31M,143.31M,,,1.415B,,,,,,,,823.93M,-584.61M,239.31M,559.96M,395.43M,955.39M,5.611M,,,170.80M,1.371B,2.786B,,2014-06,,,,,216.96M,,100.00M,333.33M,433.33M,433.33M,301.91M,301.91M,,455.84M,,,,46.80M,46.80M,,70.50M,117.30M,1.525B,,2014-06,1.812B,-428.97M,,154.84M,,,32.12M,1.260B,,2014-06,AOR,Restated
2014-03,183.88M,532.76M,97.01M,629.77M,81.33M,,24.99M,106.32M,,,,,55.60M,136.30M,,,1.298B,,,,,,,,815.99M,-576.56M,239.42M,478.99M,316.50M,795.49M,6.193M,,,185.39M,1.226B,2.524B,,2014-03,,,,,189.20M,,,329.06M,329.06M,329.06M,304.70M,304.70M,,369.73M,,,,48.30M,48.30M,,69.02M,117.32M,1.310B,,2014-03,1.785B,-452.24M,,147.62M,,,28.99M,1.214B,,2014-03,AOR,Restated
2013-12,188.09M,536.26M,96.79M,633.05M,76.06M,,31.57M,107.62M,30.55M,,19.67M,,50.22M,31.75M,91.63M,,1.221B,0.00,55.98M,126.51M,530.02M,,1.649M,93.05M,807.21M,-568.49M,238.72M,456.90M,311.69M,768.60M,3.672M,,144.55M,28.11M,1.208B,2.429B,,2013-12,24.96M,11.06M,36.02M,180.57M,216.59M,,,324.83M,324.83M,324.83M,299.97M,299.97M,,306.82M,,,,52.85M,52.85M,,60.04M,124.29M,1.272B,,2013-12,1.757B,-485.31M,,140.14M,,,24.31M,1.156B,,2013-12,AOR,Restated
2013-09,143.84M,620.40M,96.02M,716.42M,61.91M,,40.13M,101.90M,,,,,45.88M,117.46M,,,1.274B,,,,,,,,806.38M,-564.42M,241.96M,456.27M,323.81M,780.07M,3.994M,,,257.19M,1.283B,2.557B,,2013-09,,,,,193.44M,,50.00M,463.84M,513.84M,513.84M,297.90M,297.90M,,292.51M,,,,48.23M,48.23M,,115.26M,163.49M,1.461B,,2013-09,1.740B,-523.01M,,141.34M,,,20.88M,1.096B,,2013-09,AOR,Restated
2013-06,173.58M,577.23M,101.25M,678.48M,66.97M,,25.62M,92.58M,,,,,38.70M,120.60M,,,1.265B,,,,,,,,866.64M,-623.36M,243.29M,457.56M,337.70M,795.26M,5.929M,,,253.11M,1.298B,2.563B,,2013-06,,,,,185.81M,,100.00M,458.18M,558.18M,558.18M,282.78M,282.78M,,335.13M,,,,43.89M,43.89M,,117.03M,160.93M,1.523B,,2013-06,1.744B,-561.51M,,168.57M,,,26.08M,1.040B,,2013-06,AOR,Restated
2013-03,150.93M,810.15M,100.99M,911.14M,41.27M,,33.98M,75.25M,,,,,37.02M,122.60M,,,1.462B,,,,,,,,864.19M,-626.73M,237.46M,232.61M,177.89M,410.50M,3.734M,,,209.66M,861.35M,2.323B,,2013-03,,,,,156.61M,,,452.57M,452.57M,452.57M,285.55M,285.55M,,315.90M,,,,41.43M,41.43M,,51.53M,92.96M,1.304B,,2013-03,1.728B,-570.94M,,175.11M,,,37.82M,1.020B,,2013-03,AOR,Restated
2012-12,160.02M,726.36M,100.70M,827.06M,67.26M,,30.65M,97.82M,23.65M,,12.51M,,36.16M,68.49M,58.54M,,1.391B,0.00,55.96M,127.20M,607.25M,,1.969M,87.51M,879.89M,-635.45M,244.44M,233.27M,184.94M,418.20M,7.559M,,171.72M,29.61M,895.77M,2.287B,,2012-12,6.412M,2.305M,8.717M,162.60M,171.32M,,,447.01M,447.01M,447.01M,295.79M,295.79M,,303.15M,,,,50.53M,50.53M,,52.04M,154.56M,1.372B,,2012-12,1.722B,-649.55M,,200.79M,,,43.95M,915.17M,,2012-12,AOR,Restated
2012-09,,649.10M,95.82M,744.92M,123.32M,,,123.21M,,,,,34.63M,60.78M,,,1.251B,,,,,,,,885.41M,-638.55M,246.86M,233.28M,192.77M,426.04M,5.668M,,,59.34M,737.90M,1.989B,,2012-09,,,,,160.25M,305.03M,,,305.03M,305.03M,322.26M,322.26M,,287.08M,,136.59M,,58.44M,58.44M,,130.48M,325.51M,1.400B,,2012-09,1.712B,-962.52M,,207.02M,,,46.12M,588.39M,,2012-09,AOR,Restated
2012-06,,661.66M,51.30M,712.96M,,,,123.24M,,,,,41.07M,61.98M,,,1.158B,,,,,,,,920.25M,-668.33M,251.92M,192.24M,159.81M,352.04M,7.75M,,,59.10M,670.81M,1.829B,,2012-06,,,,,153.96M,301.29M,,,301.29M,301.29M,328.40M,328.40M,,219.20M,,135.01M,,58.21M,58.21M,,131.17M,324.39M,1.327B,,2012-06,1.742B,-1.018B,,266.82M,,,45.15M,502.01M,,2012-06,AOR,Restated
2012-03,,659.69M,3.287M,662.97M,46.85M,257.78M,33.15M,337.77M,,,,,41.72M,69.18M,,,1.112B,,,,,,,,919.81M,-662.07M,257.74M,192.44M,166.53M,358.97M,7.555M,,,58.92M,683.19M,1.795B,,2012-03,,,,,143.76M,297.65M,,,297.65M,297.65M,312.24M,312.24M,,257.78M,,133.46M,,62.63M,62.63M,,126.56M,322.65M,1.334B,,2012-03,1.736B,-1.054B,,269.65M,,,48.45M,460.75M,,2012-03,AOR,Restated
2011-12,117.50M,601.60M,3.037M,604.64M,99.69M,,37.09M,136.77M,24.25M,,19.00M,,43.24M,52.29M,11.93M,,1.064B,0.00,61.21M,127.39M,648.72M,7.177M,,77.01M,921.51M,-658.99M,262.52M,192.12M,173.23M,365.36M,11.37M,,29.12M,18.46M,697.29M,1.761B,,2011-12,3.231M,6.488M,9.719M,156.07M,165.79M,,,294.06M,294.06M,294.06M,340.40M,340.40M,,215.11M,,131.92M,,73.96M,98.02M,,33.62M,334.77M,1.350B,,2011-12,1.734B,-1.083B,,290.46M,,,50.95M,411.13M,,2011-12,AOR,Restated
2011-09,,696.10M,2.959M,699.06M,152.50M,,,152.43M,,,,,47.06M,59.91M,,,958.46M,,,,,,,,910.73M,-650.79M,259.94M,192.15M,180.04M,372.20M,9.178M,,,81.24M,902.22M,1.861B,,2011-09,,,,,140.42M,148.53M,,,148.53M,148.53M,360.58M,360.58M,,,,420.98M,,88.04M,88.04M,,145.87M,834.55M,1.484B,,2011-09,1.713B,-1.092B,,294.28M,,,50.20M,376.60M,,2011-09,AOR,Restated
2011-06,,665.32M,3.255M,668.57M,,,,150.24M,,,,,44.39M,79.97M,,,1.165B,,,,,,,,908.14M,-640.38M,267.76M,173.75M,178.57M,352.32M,10.62M,,,78.67M,709.37M,1.875B,,2011-06,,,,,165.70M,433.86M,,,433.86M,433.86M,362.76M,362.76M,,222.08M,,128.93M,,91.36M,91.36M,,138.62M,358.91M,1.543B,,2011-06,1.726B,-1.115B,,330.09M,,,50.60M,331.32M,,2011-06,AOR,Restated
2011-03,,612.21M,10.92M,623.12M,,,,172.54M,,,,,43.05M,83.92M,,,922.64M,,,,,,,,930.68M,-657.52M,273.16M,159.08M,172.34M,331.43M,11.45M,,,277.03M,893.07M,1.816B,,2011-03,,,,,188.65M,145.00M,,,145.00M,145.00M,340.02M,340.02M,,,,411.20M,,100.06M,100.06M,,333.07M,844.34M,1.518B,,2011-03,1.716B,-1.139B,,332.06M,,,52.54M,297.71M,,2011-03,AOR,Restated
2010-12,,557.41M,12.72M,570.12M,223.70M,,,216.09M,23.11M,,15.92M,,39.03M,42.60M,11.55M,,879.41M,0.00,61.21M,128.57M,664.12M,1.415M,,78.48M,933.79M,-648.68M,285.12M,158.89M,179.20M,338.09M,23.38M,130.21M,35.37M,31.27M,852.71M,1.732B,,2010-12,5.813M,9.71M,15.52M,104.89M,120.41M,143.26M,,,143.26M,143.26M,337.43M,337.43M,,,,406.40M,,85.40M,85.40M,,59.26M,757.91M,1.455B,,2010-12,1.716B,-1.139B,,353.09M,,,53.06M,276.65M,,2010-12,AOR,Restated
2010-09,,509.04M,2.641M,511.68M,,,,202.24M,,,,,28.49M,79.91M,,,822.31M,,,,,,,,931.91M,-641.80M,290.10M,158.89M,185.87M,344.76M,28.23M,,,220.55M,883.64M,1.706B,,2010-09,,,,,152.44M,,,,,,308.59M,308.59M,,,,548.09M,,96.44M,96.44M,,304.40M,948.93M,1.410B,,2010-09,1.707B,-1.100B,,353.29M,,,42.80M,295.99M,,2010-09,AOR,Restated
2010-06,,475.60M,2.86M,478.46M,,,,191.29M,,,,,23.87M,71.45M,,,765.08M,,,,,,,,948.04M,-652.96M,295.07M,158.23M,192.42M,350.65M,40.30M,,,244.66M,930.68M,1.696B,,2010-06,,,,,153.98M,,,,,,290.10M,290.10M,,,,541.77M,,92.48M,92.48M,,454.74M,1.089B,1.533B,,2010-06,1.709B,-1.215B,,370.70M,,,40.16M,162.68M,,2010-06,AOR,Restated
2010-03,,619.30M,3.188M,622.49M,,,,181.16M,,,,,19.32M,56.62M,,,879.59M,,,,,,,,949.77M,-647.28M,302.50M,5.605M,26.57M,32.17M,41.51M,,,159.22M,535.40M,1.415B,,2010-03,,,,,147.78M,,,,,,253.95M,253.95M,,,,441.11M,,85.50M,85.50M,,367.62M,894.22M,1.296B,,2010-03,1.685B,-1.225B,,386.43M,,,45.55M,119.04M,,2010-03,AOR,Restated
2009-12,,569.12M,2.184M,571.30M,214.65M,,,200.63M,10.06M,,4.999M,9.108M,24.16M,54.66M,,,850.75M,0.00,61.24M,128.38M,677.74M,5.152M,,76.10M,948.61M,-637.11M,311.50M,0.00,32.55M,32.55M,58.45M,,120.91M,21.13M,559.84M,1.411B,,2009-12,7.175M,7.98M,15.16M,61.06M,76.21M,0.00,,,0.00,0.00,247.69M,247.69M,,,,436.01M,,92.30M,92.30M,,62.40M,904.32M,1.302B,,2009-12,1.674B,-1.178B,,431.31M,,,43.27M,108.37M,,2009-12,AOR,Restated
2009-09,,570.62M,4.756M,575.37M,,,,195.47M,,,,,25.63M,64.69M,,,861.16M,,,,,,,,943.55M,-630.16M,313.40M,,33.44M,33.44M,64.86M,,,141.36M,553.06M,1.414B,,2009-09,,,,,159.73M,,,,,,245.53M,245.53M,,,,431.07M,,108.94M,108.94M,,372.76M,912.77M,1.318B,,2009-09,1.664B,-1.176B,,433.50M,,,41.20M,96.19M,,2009-09,AOR,Restated
2009-06,,556.92M,5.481M,562.41M,,,,225.38M,,,,,22.63M,56.83M,,,867.25M,,,,,,,,946.69M,-618.18M,328.51M,,37.60M,37.60M,77.02M,,,142.28M,585.41M,1.453B,,2009-06,,,,,182.41M,,,,,,258.64M,258.64M,,,,426.17M,,116.53M,116.53M,,382.52M,925.22M,1.366B,,2009-06,1.656B,-1.117B,,490.39M,,,37.46M,86.39M,,2009-06,AOR,Restated
2009-03,,554.40M,3.634M,558.04M,,,,245.69M,,,,,29.14M,55.26M,,,888.14M,,,,,,,,949.71M,-613.18M,336.53M,,42.28M,42.28M,103.82M,,,144.37M,627.00M,1.515B,,2009-03,,,,,182.39M,,,,,,269.22M,269.22M,,,,421.36M,,126.43M,126.43M,,368.05M,915.84M,1.367B,,2009-03,1.663B,-992.29M,,554.86M,,,31.43M,147.68M,,2009-03,AOR,Restated
2008-12,,568.26M,3.84M,572.10M,,,,298.66M,10.14M,,15.10M,3.235M,28.46M,39.68M,15.08M,,953.99M,74.09M,61.41M,74.24M,694.57M,,,75.56M,979.86M,-625.01M,354.85M,,49.08M,49.08M,160.74M,,72.04M,89.15M,725.86M,1.680B,,2008-12,33.20M,9.844M,43.05M,218.05M,261.10M,,,,,,303.11M,303.11M,,,,416.57M,,130.35M,130.35M,,382.00M,928.93M,1.493B,,2008-12,1.659B,-814.68M,,695.15M,,,37.24M,186.71M,,2008-12,AOR,Restated
2008-09,,551.75M,6.068M,557.82M,278.46M,,,278.46M,,,,,25.54M,84.11M,,,945.94M,,,,,,,,995.50M,-636.30M,359.20M,1.315B,101.41M,1.417B,,,,527.03M,2.303B,3.249B,,2008-09,259.06M,,259.06M,,259.06M,,,,,,245.90M,245.90M,,,,500.18M,,,,,538.70M,1.039B,1.544B,,2008-09,0.00,868.26M,1.546B,730.30M,,,20.72M,1.705B,,2008-09,,Restated
2008-06,,836.51M,52.75M,889.26M,315.68M,,,315.68M,,,,,23.69M,99.15M,,,1.328B,,,,,,,,999.40M,-640.38M,359.02M,1.314B,304.69M,1.619B,,,,320.58M,2.299B,3.626B,,2008-06,246.98M,,246.98M,,246.98M,230.38M,,,230.38M,230.38M,247.76M,247.76M,,,,500.00M,,,,,472.54M,972.54M,1.698B,,2008-06,0.00,1.105B,1.531B,734.61M,,,27.81M,1.929B,,2008-06,,Restated
2008-03,,825.54M,11.16M,836.70M,346.32M,,,346.32M,,,,,29.77M,97.94M,,,1.311B,,,,,,,,978.98M,-633.06M,345.92M,1.316B,124.20M,1.440B,,,,540.99M,2.327B,3.637B,,2008-03,220.91M,,220.91M,,220.91M,230.38M,,,230.38M,230.38M,298.96M,298.96M,,,,500.00M,,,,,493.45M,993.45M,1.744B,,2008-03,0.00,1.119B,1.529B,781.00M,,,26.86M,1.894B,,2008-03,,Restated
2007-12,,1.063B,15.19M,1.078B,,,,326.21M,13.84M,,8.639M,8.519M,31.00M,36.30M,57.94M,,1.530B,38.22M,60.86M,80.61M,712.41M,,,72.04M,964.14M,-624.68M,339.46M,1.310B,127.07M,1.437B,238.01M,,210.14M,116.69M,2.342B,3.871B,,2007-12,17.01M,15.27M,32.28M,257.65M,289.93M,,,,230.38M,230.38M,265.17M,265.17M,,,,500.00M,,136.66M,136.66M,,368.94M,1.006B,1.791B,,2007-12,1.516B,1.162B,,619.12M,,,20.26M,2.080B,,2007-12,,Restated
2007-09,,935.59M,15.65M,951.24M,278.20M,,,278.20M,,,,,37.87M,111.55M,,,1.379B,,,,,,,,944.72M,-612.21M,332.52M,1.311B,139.46M,1.451B,,,,577.35M,2.360B,3.739B,,2007-09,241.74M,,241.74M,,241.74M,230.38M,,,230.38M,230.38M,241.32M,241.32M,,,,500.00M,,,,,572.99M,1.073B,1.786B,,2007-09,0.00,1.043B,1.492B,597.00M,,,15.22M,1.953B,,2007-09,,
2007-06,,1.129B,20.24M,1.149B,242.35M,,,242.35M,,,,,38.17M,90.37M,,,1.520B,,,,,,,,935.74M,-604.16M,331.58M,1.262B,98.24M,1.360B,,,,552.25M,2.244B,3.764B,,2007-06,216.74M,,216.74M,,216.74M,,,,,,251.73M,251.73M,,,,730.38M,,,,,512.72M,1.243B,1.712B,,2007-06,0.00,971.76M,1.473B,404.12M,,,12.18M,2.052B,,2007-06,,
2007-03,,946.75M,22.50M,969.26M,256.34M,,,256.34M,,,,,37.85M,92.05M,,,1.356B,,,,,,,,895.02M,-568.92M,326.10M,1.262B,101.51M,1.363B,,,,524.75M,2.214B,3.570B,,2007-03,191.40M,,191.40M,,191.40M,,,,,,268.19M,268.19M,,,,730.38M,,,,,510.84M,1.241B,1.701B,,2007-03,0.00,917.79M,1.445B,508.29M,,,14.23M,1.869B,,2007-03,,
2006-12,,934.34M,24.09M,958.43M,238.44M,,,238.44M,20.77M,,8.454M,7.958M,37.18M,32.78M,45.18M,,1.312B,0.00,74.14M,186.35M,687.86M,,21.99M,,970.34M,-615.77M,354.58M,1.268B,112.74M,1.380B,,,,395.92M,2.131B,3.443B,,2006-12,21.97M,,21.97M,211.67M,233.64M,,,,28.00M,28.00M,260.28M,260.28M,,26.15M,,730.38M,,,,,465.08M,1.195B,1.744B,,2006-12,0.00,832.76M,1.399B,544.86M,,,12.48M,1.699B,,2006-12,,
2006-09,,757.51M,24.63M,782.14M,248.62M,,,248.62M,,,,,29.08M,84.21M,,,1.144B,,,,,,,,956.19M,-602.90M,353.29M,1.268B,126.87M,1.395B,,,,387.11M,2.136B,3.280B,,2006-09,199.59M,,199.59M,,199.59M,,,,44.00M,44.00M,274.17M,274.17M,,,,437.00M,,,,,443.61M,880.61M,1.398B,,2006-09,1.082B,784.40M,,,,,14.52M,1.881B,,2006-09,,
2006-06,,825.86M,30.91M,856.78M,295.45M,,,295.45M,,,,,25.63M,84.09M,,,1.262B,,,,,,,,908.13M,-549.59M,358.54M,1.269B,139.33M,1.409B,,,,375.11M,2.142B,3.404B,,2006-06,256.98M,,256.98M,,256.98M,,,,40.00M,40.00M,312.26M,312.26M,,,,474.00M,,,,,437.89M,911.89M,1.521B,,2006-06,1.123B,742.34M,,,,,17.90M,1.883B,,2006-06,,
2006-03,,872.89M,32.05M,904.94M,242.56M,,,242.56M,,,,,23.38M,78.33M,,,1.249B,,,,,,,,924.52M,-566.38M,358.14M,1.250B,141.63M,1.392B,,,,382.42M,2.133B,3.382B,,2006-03,237.22M,,237.22M,,237.22M,,,,36.00M,36.00M,282.58M,282.58M,,,,511.00M,,,,,427.36M,938.36M,1.494B,,2006-03,1.154B,711.95M,,,,,21.71M,1.888B,,2006-03,,
2005-12,,861.32M,33.28M,894.59M,282.07M,,,282.07M,,,,,28.90M,70.74M,,,1.276B,0.00,74.03M,172.35M,639.94M,,20.23M,,906.54M,-549.59M,356.94M,,1.387B,1.387B,,,,381.29M,2.125B,3.401B,,2005-12,300.59M,,300.59M,,300.59M,,,,32.00M,32.00M,273.26M,273.26M,,,,599.86M,,,,,350.89M,950.76M,1.557B,,2005-12,1.221B,690.17M,,,,,-66.20M,1.845B,,2005-12,,
2005-09,,618.77M,30.58M,649.35M,277.12M,,,277.12M,,,,,26.36M,97.74M,,,1.051B,,,,,,,,886.55M,-533.15M,353.40M,,1.410B,1.410B,,,,300.60M,2.064B,3.115B,,2005-09,236.39M,,236.39M,,236.39M,,,,,,254.02M,254.02M,,,,420.00M,,,,,337.24M,757.24M,1.248B,,2005-09,1.238B,663.60M,,,,,-34.52M,1.867B,,2005-09,,
2005-06,,543.56M,22.95M,566.51M,297.25M,,,297.25M,,,,,22.09M,82.29M,,,968.14M,,,,,,,,871.63M,-518.09M,353.54M,,1.440B,1.440B,,,,302.24M,2.096B,3.064B,,2005-06,257.95M,,257.95M,,257.95M,,,,,,283.28M,283.28M,,,,420.00M,,,,,330.72M,750.72M,1.292B,,2005-06,1.172B,642.33M,,,,,-42.35M,1.772B,,2005-06,,
2005-03,,656.82M,26.51M,683.33M,289.08M,,,289.08M,,,,,19.77M,79.90M,,,1.072B,,,,,,,,897.75M,-511.17M,386.58M,,1.187B,1.187B,,,,332.50M,1.906B,2.978B,,2005-03,231.67M,,231.67M,,231.67M,,,,,,253.84M,253.84M,,,,420.00M,,,,,327.46M,747.46M,1.233B,,2005-03,1.137B,641.85M,,,,,-33.76M,1.745B,,2005-03,,
2004-12,,448.52M,144.49M,593.01M,384.11M,,,384.11M,,,,,20.48M,72.31M,,,1.070B,0.00,74.90M,210.52M,591.39M,,11.97M,,888.79M,-498.42M,390.37M,,1.191B,1.191B,,,,338.84M,1.920B,2.990B,,2004-12,277.99M,,277.99M,,277.99M,,,,,,270.97M,270.97M,,,,420.00M,,,,,320.91M,740.91M,1.290B,,2004-12,1.091B,640.83M,,,,,-32.07M,1.700B,,2004-12,,
2004-09,,423.56M,28.94M,452.50M,355.69M,,,355.69M,,,,,20.29M,67.72M,,,896.21M,,,,,,,,888.50M,-493.78M,394.72M,,1.208B,1.208B,,,,321.24M,1.924B,2.820B,,2004-09,244.82M,,244.82M,,244.82M,,,,,,250.56M,250.56M,,,,420.00M,,,,,310.51M,730.51M,1.226B,,2004-09,1.043B,581.03M,,,,,-29.93M,1.594B,,2004-09,,
2004-06,,389.72M,21.99M,411.71M,347.63M,,,347.63M,,,,,24.14M,71.23M,,,854.71M,,,,,,,,892.31M,-493.78M,398.54M,,1.229B,1.229B,,,,313.41M,1.941B,2.796B,,2004-06,261.52M,,261.52M,,261.52M,,,,,,242.58M,242.58M,,,,434.59M,,,,,290.05M,724.64M,1.229B,,2004-06,1.047B,561.40M,,,,,-41.70M,1.567B,,2004-06,,
2004-03,,466.90M,27.23M,494.13M,354.88M,,,354.88M,,,,,26.04M,64.36M,,,939.41M,,,,,,,,897.25M,-493.78M,403.48M,,1.141B,1.141B,,,,361.41M,1.906B,2.846B,,2004-03,251.60M,,251.60M,,251.60M,,,,,,240.91M,240.91M,,,,420.00M,,,,,312.63M,732.63M,1.225B,,2004-03,1.087B,557.60M,,,,,-24.62M,1.620B,,2004-03,,
2003-12,,309.18M,109.25M,418.42M,348.68M,,,348.68M,,,,,16.93M,58.21M,,,842.24M,0.00,74.79M,206.30M,577.64M,,38.89M,,897.62M,-493.78M,403.85M,,1.160B,1.160B,,,,411.51M,1.976B,2.818B,,2003-12,243.06M,,243.06M,,243.06M,,,,0.388M,0.388M,238.48M,238.48M,,,,420.00M,,,,,343.69M,763.69M,1.246B,,2003-12,1.034B,566.35M,,,,,-28.26M,1.572B,,2003-12,,
2003-09,,394.20M,30.15M,424.35M,288.66M,,,288.66M,,,,,15.14M,60.67M,,,788.82M,,,,,,,,831.40M,-436.52M,394.89M,,1.126B,1.126B,,,,361.50M,1.883B,2.671B,,2003-09,311.90M,,311.90M,,311.90M,,,,0.801M,0.801M,219.86M,219.86M,,,,420.08M,,,,,267.12M,687.20M,1.220B,,2003-09,917.23M,565.50M,,,,,-31.16M,1.452B,,2003-09,,
2003-06,,207.21M,34.20M,241.42M,327.98M,,,327.98M,,,,,11.28M,46.10M,,,626.78M,,,,,,,,858.24M,-436.52M,421.73M,,1.058B,1.058B,,,,333.05M,1.813B,2.440B,,2003-06,268.02M,,268.02M,,268.02M,,,,0.933M,0.933M,218.06M,218.06M,,,,35.12M,,,,,285.76M,320.88M,807.90M,,2003-06,1.092B,580.49M,,,,,-40.24M,1.632B,,2003-06,,
2003-03,,239.40M,21.85M,261.25M,297.57M,,,297.57M,8.389M,0.371M,,,8.76M,41.36M,,,608.94M,,,,,,,,862.50M,-436.52M,425.98M,,921.02M,921.02M,,,,336.84M,1.684B,2.293B,,2003-03,237.30M,,237.30M,,237.30M,,,,1.451M,1.451M,208.73M,208.73M,,,,10.22M,,,,,230.87M,241.10M,688.58M,,2003-03,1.062B,588.34M,,,,,-45.71M,1.604B,,2003-03,,
2002-12,,371.33M,24.29M,395.61M,313.97M,,,313.97M,,,,,9.614M,39.45M,,,758.64M,0.00,74.68M,184.23M,527.58M,,81.87M,,868.36M,-436.52M,431.85M,,883.23M,883.23M,,,,352.90M,1.668B,2.427B,,2002-12,294.97M,,294.97M,,294.97M,,,,1.609M,1.609M,207.74M,207.74M,,,0.659M,52.66M,,,,,225.61M,278.27M,782.59M,,2002-12,1.103B,583.92M,,,,,-43.06M,1.644B,,2002-12,,
2002-09,,164.14M,20.97M,185.11M,298.30M,,,298.30M,,,,,7.575M,90.83M,,,581.81M,,,,,,,,818.78M,-378.53M,440.24M,,874.08M,874.08M,,,,311.64M,1.626B,2.208B,,2002-09,245.92M,,245.92M,,245.92M,,,,1.685M,1.685M,193.45M,193.45M,,,,95.87M,,,,,168.35M,264.22M,705.27M,,2002-09,1.041B,518.77M,,,,,-56.97M,1.503B,,2002-09,,
2002-06,,239.19M,39.87M,279.06M,288.37M,,,288.37M,7.214M,,,,7.214M,103.78M,,,678.42M,,,,,,,,817.12M,-378.53M,438.59M,,704.84M,704.84M,,,,287.71M,1.431B,2.110B,,2002-06,261.61M,,261.61M,,261.61M,,,,1.232M,1.232M,232.37M,232.37M,,,1.135M,1.135M,,,,,179.98M,181.12M,676.33M,,2002-06,984.99M,510.54M,,,,,-62.30M,1.433B,,2002-06,,
2002-03,,179.22M,46.04M,225.26M,243.32M,,,243.32M,15.96M,0.297M,,,16.25M,98.12M,,,582.96M,,,,,,,,805.78M,-378.53M,427.25M,,427.67M,427.67M,,,,283.20M,1.138B,1.721B,,2002-03,193.70M,,193.70M,,193.70M,,,,1.293M,1.293M,220.01M,220.01M,,,1.254M,1.254M,,,,,153.29M,154.55M,569.55M,,2002-03,637.89M,556.86M,,,,,-43.22M,1.152B,,2002-03,,
2001-12,,206.31M,68.48M,274.79M,258.40M,,,258.40M,18.13M,0.018M,,,18.15M,83.58M,,,634.92M,0.00,71.88M,169.98M,458.28M,,95.58M,,795.72M,-378.53M,417.19M,,413.64M,413.64M,,,,264.28M,1.095B,1.730B,,2001-12,259.03M,,259.03M,,259.03M,,,,1.397M,1.397M,211.96M,211.96M,,,1.476M,1.476M,,,,,134.82M,136.29M,608.68M,,2001-12,628.70M,535.51M,,,,,-42.86M,1.121B,,2001-12,,
2001-09,,155.86M,20.03M,175.89M,262.20M,,,262.20M,,,,,14.08M,60.41M,,,512.58M,,,,,,,,727.46M,-320.74M,406.72M,,333.97M,333.97M,,,,255.78M,996.48M,1.509B,,2001-09,227.50M,,227.50M,,227.50M,1.636M,,,1.636M,1.636M,216.98M,250.93M,33.95M,,1.70M,1.70M,,,,,62.72M,64.42M,544.48M,,2001-09,766.43M,496.58M,,250.56M,,,-47.87M,964.58M,,2001-09,,
2001-06,,130.04M,11.03M,141.06M,249.08M,,,249.08M,17.69M,4.447M,,,22.14M,126.13M,,,538.41M,,,,,,,,702.60M,-320.74M,381.86M,,355.51M,355.51M,,,,204.29M,941.66M,1.480B,,2001-06,243.83M,,243.83M,,243.83M,1.807M,,,1.807M,1.807M,,233.07M,233.07M,,2.207M,2.207M,,,,6.878M,60.04M,62.25M,540.95M,,2001-06,798.74M,369.16M,,164.15M,,,-71.51M,932.24M,,2001-06,,
2001-03,,100.62M,10.93M,111.55M,254.21M,,,254.21M,19.93M,3.98M,,,23.91M,113.88M,,,503.55M,,,,,,,,692.09M,-320.74M,371.35M,,401.32M,401.32M,,,,218.50M,991.18M,1.495B,,2001-03,217.09M,,217.09M,,217.09M,,,,1.914M,1.914M,221.35M,221.35M,,0.124M,2.793M,2.793M,,,,10.76M,58.80M,61.59M,502.07M,,2001-03,809.55M,398.05M,,145.19M,,,-80.51M,981.90M,,2001-03,,
2000-12,,85.22M,51.75M,136.97M,289.47M,,,289.47M,17.90M,2.252M,,,20.15M,110.26M,,,556.85M,0.00,68.54M,162.18M,422.13M,,36.76M,,689.62M,-320.74M,368.88M,,326.52M,326.52M,,,,225.08M,920.47M,1.477B,,2000-12,273.59M,,273.59M,,273.59M,,,,2.212M,2.212M,215.77M,215.77M,,,,3.298M,,,,11.61M,61.37M,64.67M,556.24M,,2000-12,847.10M,394.22M,,256.26M,,,-75.60M,909.46M,,2000-12,,
2000-09,,122.19M,5.788M,127.98M,256.30M,,,256.30M,15.46M,1.825M,,,17.28M,87.01M,,,488.58M,,,,,,,,654.72M,-306.44M,348.29M,,349.16M,349.16M,,,,229.97M,927.41M,1.416B,,2000-09,250.06M,,250.06M,,250.06M,2.651M,,,2.651M,2.651M,194.60M,194.60M,,,,3.817M,,,,,47.45M,51.27M,498.57M,,2000-09,789.37M,351.73M,,221.59M,,,-2.091M,917.42M,,2000-09,,
2000-06,,113.16M,6.278M,119.44M,231.84M,,,231.84M,12.62M,2.604M,,,15.22M,117.77M,,,484.28M,,,,,,,,629.50M,-291.74M,337.76M,,366.98M,366.98M,,,,206.72M,911.46M,1.396B,,2000-06,256.99M,,256.99M,,256.99M,,,,3.447M,3.447M,192.47M,192.47M,,,,4.198M,,,,,31.18M,35.37M,488.28M,,2000-06,820.22M,338.06M,,246.25M,,,-4.58M,907.46M,,2000-06,,
2000-03,,110.96M,7.27M,118.23M,213.38M,,,213.38M,13.19M,2.382M,,,15.57M,96.16M,,,443.34M,,,,,,,,621.46M,-281.74M,339.72M,,394.55M,394.55M,,,,227.95M,962.23M,1.406B,,2000-03,225.81M,,225.81M,,225.81M,,,,3.695M,3.695M,166.46M,166.46M,,,,4.494M,,,,,32.91M,37.40M,433.36M,,2000-03,831.41M,332.44M,,209.43M,,,17.80M,972.21M,,2000-03,,
1999-12,,111.40M,7.357M,118.76M,248.03M,,,248.03M,,,,,19.87M,,,93.25M,479.91M,,,,,,,,555.71M,-225.30M,330.41M,,402.15M,402.15M,,,,247.18M,979.75M,1.460B,,1999-12,265.52M,,265.52M,,265.52M,,,,3.924M,3.924M,,,,152.12M,,25.02M,,,,,26.93M,51.95M,473.51M,,1999-12,857.96M,344.25M,,240.75M,,,24.69M,986.15M,,1999-12,,
1999-09,,113.36M,7.105M,120.46M,259.36M,,,259.36M,11.64M,1.107M,,,12.75M,122.16M,,,514.73M,,,,,,,,582.51M,-253.57M,328.95M,,377.47M,377.47M,,,,276.35M,982.76M,1.497B,,1999-09,221.30M,,221.30M,,221.30M,2.41M,,,2.41M,2.41M,139.76M,139.76M,,10.64M,,38.78M,77.64M,,77.64M,0.041M,22.99M,139.42M,513.53M,,1999-09,849.94M,366.73M,,223.21M,,,-9.529M,983.93M,,1999-09,,
1999-06,,192.96M,33.03M,225.99M,254.09M,,,254.09M,0.22M,9.521M,,,9.741M,117.41M,,,607.23M,,,,,,,,546.88M,-237.23M,309.65M,,278.35M,278.35M,,,,305.06M,893.05M,1.500B,,1999-06,222.07M,,222.07M,,222.07M,1.615M,,,1.615M,1.615M,130.16M,130.16M,,7.858M,,1.253M,71.54M,,71.54M,0.041M,19.73M,92.52M,454.22M,,1999-06,871.10M,408.18M,,223.58M,,,-9.681M,1.046B,,1999-06,,
1999-03,,203.78M,13.13M,216.91M,252.11M,,,252.11M,,,,,,98.90M,,,567.92M,,,,,,,,314.15M,-35.70M,278.45M,,289.80M,289.80M,,,,282.18M,850.43M,1.418B,,1999-03,158.79M,,158.79M,,158.79M,1.23M,,,1.23M,1.23M,102.68M,102.68M,,7.359M,,86.08M,69.10M,,69.10M,0.24M,24.31M,179.49M,449.55M,,1999-03,764.85M,412.69M,,200.68M,,,-8.293M,968.56M,,1999-03,,
1998-12,,209.10M,,209.10M,305.10M,,,305.10M,,,,,9.90M,,,142.10M,666.20M,,,,,,,,466.70M,-192.50M,274.20M,,286.10M,286.10M,,,,255.40M,815.70M,1.482B,,1998-12,242.50M,,242.50M,,242.50M,,,,1.30M,1.30M,,,,128.00M,,136.40M,,,,0.40M,25.50M,161.90M,533.70M,,1998-12,818.00M,358.30M,,219.40M,,,-9.10M,947.80M,,1998-12,,
1998-09,,207.73M,38.23M,245.96M,236.87M,,,236.87M,,,,,,,,86.58M,569.41M,,,,,,,,427.08M,-179.06M,248.02M,,91.15M,91.15M,,,,274.64M,613.82M,1.183B,,1998-09,161.83M,,161.83M,,161.83M,,,,1.105M,1.105M,109.43M,109.43M,,288.47M,,1.461M,,,,0.322M,30.17M,31.63M,592.47M,,1998-09,626.60M,177.08M,,205.78M,,-7.469M,-7.469M,590.43M,,1998-09,,
1998-06,,134.91M,125.83M,260.74M,230.56M,,,230.56M,,,,,,,,79.85M,571.16M,,,,,,,,396.22M,-165.80M,230.42M,,31.55M,31.55M,,,,253.06M,515.02M,1.086B,,1998-06,148.37M,,148.37M,,148.37M,,,,0.802M,0.802M,104.26M,104.26M,,8.71M,,1.048M,,,,0.196M,33.53M,34.58M,296.71M,,1998-06,596.64M,369.84M,,167.90M,,-9.299M,-9.299M,789.28M,,1998-06,,
